PHOTOS DATABASE INSPECTOR 0.1.0
READ-ONLY — NO DATABASE WRITES
================================

ROOT
----
/var/mobile/Media/PhotoData

SQLite databases found: 11

DATABASE
--------
/var/mobile/Media/PhotoData/Caches/GraphService/CLSBusinessCategoryCache.AOI.sqlite
  65536 bytes, mtime=1786185943, inode=76517
  wal: 0 bytes, mtime=1786185943, inode=76521
  shm: 32768 bytes, mtime=1790019243, inode=76522


OPEN OK
  sqlite_version=3.37.0
  filename=/var/mobile/Media/PhotoData/Caches/GraphService/CLSBusinessCategoryCache.AOI.sqlite

SQLITE OBJECTS
--------------
index  ZBUSINESSITEM_ZENTRY_INDEX  table=ZBUSINESSITEM
  SQL: CREATE INDEX ZBUSINESSITEM_ZENTRY_INDEX ON ZBUSINESSITEM (ZENTRY)
index  Z_BusinessItem_latitude  table=ZBUSINESSITEM
  SQL: CREATE INDEX Z_BusinessItem_latitude ON ZBUSINESSITEM (ZLATITUDE COLLATE BINARY ASC)
index  Z_BusinessItem_longitude  table=ZBUSINESSITEM
  SQL: CREATE INDEX Z_BusinessItem_longitude ON ZBUSINESSITEM (ZLONGITUDE COLLATE BINARY ASC)
index  Z_BusinessItem_muid  table=ZBUSINESSITEM
  SQL: CREATE INDEX Z_BusinessItem_muid ON ZBUSINESSITEM (ZMUID COLLATE BINARY ASC)
index  Z_BusinessItem_radius  table=ZBUSINESSITEM
  SQL: CREATE INDEX Z_BusinessItem_radius ON ZBUSINESSITEM (ZRADIUS COLLATE BINARY ASC)
index  Z_Entry_latitude  table=ZENTRY
  SQL: CREATE INDEX Z_Entry_latitude ON ZENTRY (ZLATITUDE COLLATE BINARY ASC)
index  Z_Entry_latitude_longitude_radius  table=ZENTRY
  SQL: CREATE INDEX Z_Entry_latitude_longitude_radius ON ZENTRY (ZLATITUDE COLLATE BINARY ASC, ZLONGITUDE COLLATE BINARY ASC, ZRADIUS COLLATE BINARY ASC)
index  Z_Entry_longitude  table=ZENTRY
  SQL: CREATE INDEX Z_Entry_longitude ON ZENTRY (ZLONGITUDE COLLATE BINARY ASC)
index  Z_Entry_radius  table=ZENTRY
  SQL: CREATE INDEX Z_Entry_radius ON ZENTRY (ZRADIUS COLLATE BINARY ASC)
table  ZBUSINESSITEM  table=ZBUSINESSITEM
  SQL: CREATE TABLE ZBUSINESSITEM ( Z_PK INTEGER PRIMARY KEY, Z_ENT INTEGER, Z_OPT INTEGER, ZCATEGORIES INTEGER, ZMUID INTEGER, ZVENUECAPACITYASNUMBER INTEGER, ZENTRY INTEGER, ZLATITUDE FLOAT, ZLONGITUDE FLOAT, ZRADIUS FLOAT, ZBUSINESSCATEGORIES VARCHAR, ZGEOSERVICEPROVIDER VARCHAR, ZISOCOUNTRYCODE VARCHAR, ZNAME VARCHAR )
table  ZENTRY  table=ZENTRY
  SQL: CREATE TABLE ZENTRY ( Z_PK INTEGER PRIMARY KEY, Z_ENT INTEGER, Z_OPT INTEGER, ZLATITUDE FLOAT, ZLONGITUDE FLOAT, ZRADIUS FLOAT, ZUPDATETIMESTAMP FLOAT )
table  Z_METADATA  table=Z_METADATA
  SQL: CREATE TABLE Z_METADATA (Z_VERSION INTEGER PRIMARY KEY, Z_UUID VARCHAR(255), Z_PLIST BLOB)
table  Z_MODELCACHE  table=Z_MODELCACHE
  SQL: CREATE TABLE Z_MODELCACHE (Z_CONTENT BLOB)
table  Z_PRIMARYKEY  table=Z_PRIMARYKEY
  SQL: CREATE TABLE Z_PRIMARYKEY (Z_ENT INTEGER PRIMARY KEY, Z_NAME VARCHAR, Z_SUPER INTEGER, Z_MAX INTEGER)

TABLE SCHEMAS
-------------

TABLE ZBUSINESSITEM
  cid=0  name=Z_PK  type=INTEGER  notnull=0  default=NULL  pk=1
  cid=1  name=Z_ENT  type=INTEGER  notnull=0  default=NULL  pk=0
  cid=2  name=Z_OPT  type=INTEGER  notnull=0  default=NULL  pk=0
  cid=3  name=ZCATEGORIES  type=INTEGER  notnull=0  default=NULL  pk=0
  cid=4  name=ZMUID  type=INTEGER  notnull=0  default=NULL  pk=0
  cid=5  name=ZVENUECAPACITYASNUMBER  type=INTEGER  notnull=0  default=NULL  pk=0
  cid=6  name=ZENTRY  type=INTEGER  notnull=0  default=NULL  pk=0
  cid=7  name=ZLATITUDE  type=FLOAT  notnull=0  default=NULL  pk=0
  cid=8  name=ZLONGITUDE  type=FLOAT  notnull=0  default=NULL  pk=0
  cid=9  name=ZRADIUS  type=FLOAT  notnull=0  default=NULL  pk=0
  cid=10  name=ZBUSINESSCATEGORIES  type=VARCHAR  notnull=0  default=NULL  pk=0
  cid=11  name=ZGEOSERVICEPROVIDER  type=VARCHAR  notnull=0  default=NULL  pk=0
  cid=12  name=ZISOCOUNTRYCODE  type=VARCHAR  notnull=0  default=NULL  pk=0
  cid=13  name=ZNAME  type=VARCHAR  notnull=0  default=NULL  pk=0

TABLE ZENTRY
  cid=0  name=Z_PK  type=INTEGER  notnull=0  default=NULL  pk=1
  cid=1  name=Z_ENT  type=INTEGER  notnull=0  default=NULL  pk=0
  cid=2  name=Z_OPT  type=INTEGER  notnull=0  default=NULL  pk=0
  cid=3  name=ZLATITUDE  type=FLOAT  notnull=0  default=NULL  pk=0
  cid=4  name=ZLONGITUDE  type=FLOAT  notnull=0  default=NULL  pk=0
  cid=5  name=ZRADIUS  type=FLOAT  notnull=0  default=NULL  pk=0
  cid=6  name=ZUPDATETIMESTAMP  type=FLOAT  notnull=0  default=NULL  pk=0

TABLE Z_METADATA
  cid=0  name=Z_VERSION  type=INTEGER  notnull=0  default=NULL  pk=1
  cid=1  name=Z_UUID  type=VARCHAR(255)  notnull=0  default=NULL  pk=0
  cid=2  name=Z_PLIST  type=BLOB  notnull=0  default=NULL  pk=0

TABLE Z_MODELCACHE
  cid=0  name=Z_CONTENT  type=BLOB  notnull=0  default=NULL  pk=0

TABLE Z_PRIMARYKEY
  cid=0  name=Z_ENT  type=INTEGER  notnull=0  default=NULL  pk=1
  cid=1  name=Z_NAME  type=VARCHAR  notnull=0  default=NULL  pk=0
  cid=2  name=Z_SUPER  type=INTEGER  notnull=0  default=NULL  pk=0
  cid=3  name=Z_MAX  type=INTEGER  notnull=0  default=NULL  pk=0

POSSIBLE SCREENSHOT-RELATED COLUMNS
----------------------------------
None found by name heuristic. This is not proof that no screenshot metadata exists.

SAFETY
------
Database opened SQLITE_OPEN_READONLY. No INSERT/UPDATE/DELETE/DDL/checkpoint is executed by this inspector.

============================================================

DATABASE
--------
/var/mobile/Media/PhotoData/Caches/GraphService/CLSBusinessCategoryCache.Nature.sqlite
  65536 bytes, mtime=1786185943, inode=76523
  wal: 0 bytes, mtime=1786185943, inode=76527
  shm: 32768 bytes, mtime=1790019243, inode=76528


OPEN OK
  sqlite_version=3.37.0
  filename=/var/mobile/Media/PhotoData/Caches/GraphService/CLSBusinessCategoryCache.Nature.sqlite

SQLITE OBJECTS
--------------
index  ZBUSINESSITEM_ZENTRY_INDEX  table=ZBUSINESSITEM
  SQL: CREATE INDEX ZBUSINESSITEM_ZENTRY_INDEX ON ZBUSINESSITEM (ZENTRY)
index  Z_BusinessItem_latitude  table=ZBUSINESSITEM
  SQL: CREATE INDEX Z_BusinessItem_latitude ON ZBUSINESSITEM (ZLATITUDE COLLATE BINARY ASC)
index  Z_BusinessItem_longitude  table=ZBUSINESSITEM
  SQL: CREATE INDEX Z_BusinessItem_longitude ON ZBUSINESSITEM (ZLONGITUDE COLLATE BINARY ASC)
index  Z_BusinessItem_muid  table=ZBUSINESSITEM
  SQL: CREATE INDEX Z_BusinessItem_muid ON ZBUSINESSITEM (ZMUID COLLATE BINARY ASC)
index  Z_BusinessItem_radius  table=ZBUSINESSITEM
  SQL: CREATE INDEX Z_BusinessItem_radius ON ZBUSINESSITEM (ZRADIUS COLLATE BINARY ASC)
index  Z_Entry_latitude  table=ZENTRY
  SQL: CREATE INDEX Z_Entry_latitude ON ZENTRY (ZLATITUDE COLLATE BINARY ASC)
index  Z_Entry_latitude_longitude_radius  table=ZENTRY
  SQL: CREATE INDEX Z_Entry_latitude_longitude_radius ON ZENTRY (ZLATITUDE COLLATE BINARY ASC, ZLONGITUDE COLLATE BINARY ASC, ZRADIUS COLLATE BINARY ASC)
index  Z_Entry_longitude  table=ZENTRY
  SQL: CREATE INDEX Z_Entry_longitude ON ZENTRY (ZLONGITUDE COLLATE BINARY ASC)
index  Z_Entry_radius  table=ZENTRY
  SQL: CREATE INDEX Z_Entry_radius ON ZENTRY (ZRADIUS COLLATE BINARY ASC)
table  ZBUSINESSITEM  table=ZBUSINESSITEM
  SQL: CREATE TABLE ZBUSINESSITEM ( Z_PK INTEGER PRIMARY KEY, Z_ENT INTEGER, Z_OPT INTEGER, ZCATEGORIES INTEGER, ZMUID INTEGER, ZVENUECAPACITYASNUMBER INTEGER, ZENTRY INTEGER, ZLATITUDE FLOAT, ZLONGITUDE FLOAT, ZRADIUS FLOAT, ZBUSINESSCATEGORIES VARCHAR, ZGEOSERVICEPROVIDER VARCHAR, ZISOCOUNTRYCODE VARCHAR, ZNAME VARCHAR )
table  ZENTRY  table=ZENTRY
  SQL: CREATE TABLE ZENTRY ( Z_PK INTEGER PRIMARY KEY, Z_ENT INTEGER, Z_OPT INTEGER, ZLATITUDE FLOAT, ZLONGITUDE FLOAT, ZRADIUS FLOAT, ZUPDATETIMESTAMP FLOAT )
table  Z_METADATA  table=Z_METADATA
  SQL: CREATE TABLE Z_METADATA (Z_VERSION INTEGER PRIMARY KEY, Z_UUID VARCHAR(255), Z_PLIST BLOB)
table  Z_MODELCACHE  table=Z_MODELCACHE
  SQL: CREATE TABLE Z_MODELCACHE (Z_CONTENT BLOB)
table  Z_PRIMARYKEY  table=Z_PRIMARYKEY
  SQL: CREATE TABLE Z_PRIMARYKEY (Z_ENT INTEGER PRIMARY KEY, Z_NAME VARCHAR, Z_SUPER INTEGER, Z_MAX INTEGER)

TABLE SCHEMAS
-------------

TABLE ZBUSINESSITEM
  cid=0  name=Z_PK  type=INTEGER  notnull=0  default=NULL  pk=1
  cid=1  name=Z_ENT  type=INTEGER  notnull=0  default=NULL  pk=0
  cid=2  name=Z_OPT  type=INTEGER  notnull=0  default=NULL  pk=0
  cid=3  name=ZCATEGORIES  type=INTEGER  notnull=0  default=NULL  pk=0
  cid=4  name=ZMUID  type=INTEGER  notnull=0  default=NULL  pk=0
  cid=5  name=ZVENUECAPACITYASNUMBER  type=INTEGER  notnull=0  default=NULL  pk=0
  cid=6  name=ZENTRY  type=INTEGER  notnull=0  default=NULL  pk=0
  cid=7  name=ZLATITUDE  type=FLOAT  notnull=0  default=NULL  pk=0
  cid=8  name=ZLONGITUDE  type=FLOAT  notnull=0  default=NULL  pk=0
  cid=9  name=ZRADIUS  type=FLOAT  notnull=0  default=NULL  pk=0
  cid=10  name=ZBUSINESSCATEGORIES  type=VARCHAR  notnull=0  default=NULL  pk=0
  cid=11  name=ZGEOSERVICEPROVIDER  type=VARCHAR  notnull=0  default=NULL  pk=0
  cid=12  name=ZISOCOUNTRYCODE  type=VARCHAR  notnull=0  default=NULL  pk=0
  cid=13  name=ZNAME  type=VARCHAR  notnull=0  default=NULL  pk=0

TABLE ZENTRY
  cid=0  name=Z_PK  type=INTEGER  notnull=0  default=NULL  pk=1
  cid=1  name=Z_ENT  type=INTEGER  notnull=0  default=NULL  pk=0
  cid=2  name=Z_OPT  type=INTEGER  notnull=0  default=NULL  pk=0
  cid=3  name=ZLATITUDE  type=FLOAT  notnull=0  default=NULL  pk=0
  cid=4  name=ZLONGITUDE  type=FLOAT  notnull=0  default=NULL  pk=0
  cid=5  name=ZRADIUS  type=FLOAT  notnull=0  default=NULL  pk=0
  cid=6  name=ZUPDATETIMESTAMP  type=FLOAT  notnull=0  default=NULL  pk=0

TABLE Z_METADATA
  cid=0  name=Z_VERSION  type=INTEGER  notnull=0  default=NULL  pk=1
  cid=1  name=Z_UUID  type=VARCHAR(255)  notnull=0  default=NULL  pk=0
  cid=2  name=Z_PLIST  type=BLOB  notnull=0  default=NULL  pk=0

TABLE Z_MODELCACHE
  cid=0  name=Z_CONTENT  type=BLOB  notnull=0  default=NULL  pk=0

TABLE Z_PRIMARYKEY
  cid=0  name=Z_ENT  type=INTEGER  notnull=0  default=NULL  pk=1
  cid=1  name=Z_NAME  type=VARCHAR  notnull=0  default=NULL  pk=0
  cid=2  name=Z_SUPER  type=INTEGER  notnull=0  default=NULL  pk=0
  cid=3  name=Z_MAX  type=INTEGER  notnull=0  default=NULL  pk=0

POSSIBLE SCREENSHOT-RELATED COLUMNS
----------------------------------
None found by name heuristic. This is not proof that no screenshot metadata exists.

SAFETY
------
Database opened SQLITE_OPEN_READONLY. No INSERT/UPDATE/DELETE/DDL/checkpoint is executed by this inspector.

============================================================

DATABASE
--------
/var/mobile/Media/PhotoData/Caches/GraphService/CLSBusinessCategoryCache.POI.sqlite
  73728 bytes, mtime=1788204384, inode=76505
  wal: 0 bytes, mtime=1788204384, inode=76509
  shm: 32768 bytes, mtime=1790019243, inode=76510


OPEN OK
  sqlite_version=3.37.0
  filename=/var/mobile/Media/PhotoData/Caches/GraphService/CLSBusinessCategoryCache.POI.sqlite

SQLITE OBJECTS
--------------
index  ZBUSINESSITEM_ZENTRY_INDEX  table=ZBUSINESSITEM
  SQL: CREATE INDEX ZBUSINESSITEM_ZENTRY_INDEX ON ZBUSINESSITEM (ZENTRY)
index  Z_BusinessItem_latitude  table=ZBUSINESSITEM
  SQL: CREATE INDEX Z_BusinessItem_latitude ON ZBUSINESSITEM (ZLATITUDE COLLATE BINARY ASC)
index  Z_BusinessItem_longitude  table=ZBUSINESSITEM
  SQL: CREATE INDEX Z_BusinessItem_longitude ON ZBUSINESSITEM (ZLONGITUDE COLLATE BINARY ASC)
index  Z_BusinessItem_muid  table=ZBUSINESSITEM
  SQL: CREATE INDEX Z_BusinessItem_muid ON ZBUSINESSITEM (ZMUID COLLATE BINARY ASC)
index  Z_BusinessItem_radius  table=ZBUSINESSITEM
  SQL: CREATE INDEX Z_BusinessItem_radius ON ZBUSINESSITEM (ZRADIUS COLLATE BINARY ASC)
index  Z_Entry_latitude  table=ZENTRY
  SQL: CREATE INDEX Z_Entry_latitude ON ZENTRY (ZLATITUDE COLLATE BINARY ASC)
index  Z_Entry_latitude_longitude_radius  table=ZENTRY
  SQL: CREATE INDEX Z_Entry_latitude_longitude_radius ON ZENTRY (ZLATITUDE COLLATE BINARY ASC, ZLONGITUDE COLLATE BINARY ASC, ZRADIUS COLLATE BINARY ASC)
index  Z_Entry_longitude  table=ZENTRY
  SQL: CREATE INDEX Z_Entry_longitude ON ZENTRY (ZLONGITUDE COLLATE BINARY ASC)
index  Z_Entry_radius  table=ZENTRY
  SQL: CREATE INDEX Z_Entry_radius ON ZENTRY (ZRADIUS COLLATE BINARY ASC)
table  ZBUSINESSITEM  table=ZBUSINESSITEM
  SQL: CREATE TABLE ZBUSINESSITEM ( Z_PK INTEGER PRIMARY KEY, Z_ENT INTEGER, Z_OPT INTEGER, ZCATEGORIES INTEGER, ZMUID INTEGER, ZVENUECAPACITYASNUMBER INTEGER, ZENTRY INTEGER, ZLATITUDE FLOAT, ZLONGITUDE FLOAT, ZRADIUS FLOAT, ZBUSINESSCATEGORIES VARCHAR, ZGEOSERVICEPROVIDER VARCHAR, ZISOCOUNTRYCODE VARCHAR, ZNAME VARCHAR )
table  ZENTRY  table=ZENTRY
  SQL: CREATE TABLE ZENTRY ( Z_PK INTEGER PRIMARY KEY, Z_ENT INTEGER, Z_OPT INTEGER, ZLATITUDE FLOAT, ZLONGITUDE FLOAT, ZRADIUS FLOAT, ZUPDATETIMESTAMP FLOAT )
table  Z_METADATA  table=Z_METADATA
  SQL: CREATE TABLE Z_METADATA (Z_VERSION INTEGER PRIMARY KEY, Z_UUID VARCHAR(255), Z_PLIST BLOB)
table  Z_MODELCACHE  table=Z_MODELCACHE
  SQL: CREATE TABLE Z_MODELCACHE (Z_CONTENT BLOB)
table  Z_PRIMARYKEY  table=Z_PRIMARYKEY
  SQL: CREATE TABLE Z_PRIMARYKEY (Z_ENT INTEGER PRIMARY KEY, Z_NAME VARCHAR, Z_SUPER INTEGER, Z_MAX INTEGER)

TABLE SCHEMAS
-------------

TABLE ZBUSINESSITEM
  cid=0  name=Z_PK  type=INTEGER  notnull=0  default=NULL  pk=1
  cid=1  name=Z_ENT  type=INTEGER  notnull=0  default=NULL  pk=0
  cid=2  name=Z_OPT  type=INTEGER  notnull=0  default=NULL  pk=0
  cid=3  name=ZCATEGORIES  type=INTEGER  notnull=0  default=NULL  pk=0
  cid=4  name=ZMUID  type=INTEGER  notnull=0  default=NULL  pk=0
  cid=5  name=ZVENUECAPACITYASNUMBER  type=INTEGER  notnull=0  default=NULL  pk=0
  cid=6  name=ZENTRY  type=INTEGER  notnull=0  default=NULL  pk=0
  cid=7  name=ZLATITUDE  type=FLOAT  notnull=0  default=NULL  pk=0
  cid=8  name=ZLONGITUDE  type=FLOAT  notnull=0  default=NULL  pk=0
  cid=9  name=ZRADIUS  type=FLOAT  notnull=0  default=NULL  pk=0
  cid=10  name=ZBUSINESSCATEGORIES  type=VARCHAR  notnull=0  default=NULL  pk=0
  cid=11  name=ZGEOSERVICEPROVIDER  type=VARCHAR  notnull=0  default=NULL  pk=0
  cid=12  name=ZISOCOUNTRYCODE  type=VARCHAR  notnull=0  default=NULL  pk=0
  cid=13  name=ZNAME  type=VARCHAR  notnull=0  default=NULL  pk=0

TABLE ZENTRY
  cid=0  name=Z_PK  type=INTEGER  notnull=0  default=NULL  pk=1
  cid=1  name=Z_ENT  type=INTEGER  notnull=0  default=NULL  pk=0
  cid=2  name=Z_OPT  type=INTEGER  notnull=0  default=NULL  pk=0
  cid=3  name=ZLATITUDE  type=FLOAT  notnull=0  default=NULL  pk=0
  cid=4  name=ZLONGITUDE  type=FLOAT  notnull=0  default=NULL  pk=0
  cid=5  name=ZRADIUS  type=FLOAT  notnull=0  default=NULL  pk=0
  cid=6  name=ZUPDATETIMESTAMP  type=FLOAT  notnull=0  default=NULL  pk=0

TABLE Z_METADATA
  cid=0  name=Z_VERSION  type=INTEGER  notnull=0  default=NULL  pk=1
  cid=1  name=Z_UUID  type=VARCHAR(255)  notnull=0  default=NULL  pk=0
  cid=2  name=Z_PLIST  type=BLOB  notnull=0  default=NULL  pk=0

TABLE Z_MODELCACHE
  cid=0  name=Z_CONTENT  type=BLOB  notnull=0  default=NULL  pk=0

TABLE Z_PRIMARYKEY
  cid=0  name=Z_ENT  type=INTEGER  notnull=0  default=NULL  pk=1
  cid=1  name=Z_NAME  type=VARCHAR  notnull=0  default=NULL  pk=0
  cid=2  name=Z_SUPER  type=INTEGER  notnull=0  default=NULL  pk=0
  cid=3  name=Z_MAX  type=INTEGER  notnull=0  default=NULL  pk=0

POSSIBLE SCREENSHOT-RELATED COLUMNS
----------------------------------
None found by name heuristic. This is not proof that no screenshot metadata exists.

SAFETY
------
Database opened SQLITE_OPEN_READONLY. No INSERT/UPDATE/DELETE/DDL/checkpoint is executed by this inspector.

============================================================

DATABASE
--------
/var/mobile/Media/PhotoData/Caches/GraphService/CLSBusinessCategoryCache.ROI.sqlite
  3399680 bytes, mtime=1788141479, inode=76511
  wal: 0 bytes, mtime=1788141479, inode=76515
  shm: 32768 bytes, mtime=1790019243, inode=76516


OPEN OK
  sqlite_version=3.37.0
  filename=/var/mobile/Media/PhotoData/Caches/GraphService/CLSBusinessCategoryCache.ROI.sqlite

SQLITE OBJECTS
--------------
index  ZBUSINESSITEM_ZENTRY_INDEX  table=ZBUSINESSITEM
  SQL: CREATE INDEX ZBUSINESSITEM_ZENTRY_INDEX ON ZBUSINESSITEM (ZENTRY)
index  Z_BusinessItem_latitude  table=ZBUSINESSITEM
  SQL: CREATE INDEX Z_BusinessItem_latitude ON ZBUSINESSITEM (ZLATITUDE COLLATE BINARY ASC)
index  Z_BusinessItem_longitude  table=ZBUSINESSITEM
  SQL: CREATE INDEX Z_BusinessItem_longitude ON ZBUSINESSITEM (ZLONGITUDE COLLATE BINARY ASC)
index  Z_BusinessItem_muid  table=ZBUSINESSITEM
  SQL: CREATE INDEX Z_BusinessItem_muid ON ZBUSINESSITEM (ZMUID COLLATE BINARY ASC)
index  Z_BusinessItem_radius  table=ZBUSINESSITEM
  SQL: CREATE INDEX Z_BusinessItem_radius ON ZBUSINESSITEM (ZRADIUS COLLATE BINARY ASC)
index  Z_Entry_latitude  table=ZENTRY
  SQL: CREATE INDEX Z_Entry_latitude ON ZENTRY (ZLATITUDE COLLATE BINARY ASC)
index  Z_Entry_latitude_longitude_radius  table=ZENTRY
  SQL: CREATE INDEX Z_Entry_latitude_longitude_radius ON ZENTRY (ZLATITUDE COLLATE BINARY ASC, ZLONGITUDE COLLATE BINARY ASC, ZRADIUS COLLATE BINARY ASC)
index  Z_Entry_longitude  table=ZENTRY
  SQL: CREATE INDEX Z_Entry_longitude ON ZENTRY (ZLONGITUDE COLLATE BINARY ASC)
index  Z_Entry_radius  table=ZENTRY
  SQL: CREATE INDEX Z_Entry_radius ON ZENTRY (ZRADIUS COLLATE BINARY ASC)
table  ZBUSINESSITEM  table=ZBUSINESSITEM
  SQL: CREATE TABLE ZBUSINESSITEM ( Z_PK INTEGER PRIMARY KEY, Z_ENT INTEGER, Z_OPT INTEGER, ZCATEGORIES INTEGER, ZMUID INTEGER, ZVENUECAPACITYASNUMBER INTEGER, ZENTRY INTEGER, ZLATITUDE FLOAT, ZLONGITUDE FLOAT, ZRADIUS FLOAT, ZBUSINESSCATEGORIES VARCHAR, ZGEOSERVICEPROVIDER VARCHAR, ZISOCOUNTRYCODE VARCHAR, ZNAME VARCHAR )
table  ZENTRY  table=ZENTRY
  SQL: CREATE TABLE ZENTRY ( Z_PK INTEGER PRIMARY KEY, Z_ENT INTEGER, Z_OPT INTEGER, ZLATITUDE FLOAT, ZLONGITUDE FLOAT, ZRADIUS FLOAT, ZUPDATETIMESTAMP FLOAT )
table  Z_METADATA  table=Z_METADATA
  SQL: CREATE TABLE Z_METADATA (Z_VERSION INTEGER PRIMARY KEY, Z_UUID VARCHAR(255), Z_PLIST BLOB)
table  Z_MODELCACHE  table=Z_MODELCACHE
  SQL: CREATE TABLE Z_MODELCACHE (Z_CONTENT BLOB)
table  Z_PRIMARYKEY  table=Z_PRIMARYKEY
  SQL: CREATE TABLE Z_PRIMARYKEY (Z_ENT INTEGER PRIMARY KEY, Z_NAME VARCHAR, Z_SUPER INTEGER, Z_MAX INTEGER)

TABLE SCHEMAS
-------------

TABLE ZBUSINESSITEM
  cid=0  name=Z_PK  type=INTEGER  notnull=0  default=NULL  pk=1
  cid=1  name=Z_ENT  type=INTEGER  notnull=0  default=NULL  pk=0
  cid=2  name=Z_OPT  type=INTEGER  notnull=0  default=NULL  pk=0
  cid=3  name=ZCATEGORIES  type=INTEGER  notnull=0  default=NULL  pk=0
  cid=4  name=ZMUID  type=INTEGER  notnull=0  default=NULL  pk=0
  cid=5  name=ZVENUECAPACITYASNUMBER  type=INTEGER  notnull=0  default=NULL  pk=0
  cid=6  name=ZENTRY  type=INTEGER  notnull=0  default=NULL  pk=0
  cid=7  name=ZLATITUDE  type=FLOAT  notnull=0  default=NULL  pk=0
  cid=8  name=ZLONGITUDE  type=FLOAT  notnull=0  default=NULL  pk=0
  cid=9  name=ZRADIUS  type=FLOAT  notnull=0  default=NULL  pk=0
  cid=10  name=ZBUSINESSCATEGORIES  type=VARCHAR  notnull=0  default=NULL  pk=0
  cid=11  name=ZGEOSERVICEPROVIDER  type=VARCHAR  notnull=0  default=NULL  pk=0
  cid=12  name=ZISOCOUNTRYCODE  type=VARCHAR  notnull=0  default=NULL  pk=0
  cid=13  name=ZNAME  type=VARCHAR  notnull=0  default=NULL  pk=0

TABLE ZENTRY
  cid=0  name=Z_PK  type=INTEGER  notnull=0  default=NULL  pk=1
  cid=1  name=Z_ENT  type=INTEGER  notnull=0  default=NULL  pk=0
  cid=2  name=Z_OPT  type=INTEGER  notnull=0  default=NULL  pk=0
  cid=3  name=ZLATITUDE  type=FLOAT  notnull=0  default=NULL  pk=0
  cid=4  name=ZLONGITUDE  type=FLOAT  notnull=0  default=NULL  pk=0
  cid=5  name=ZRADIUS  type=FLOAT  notnull=0  default=NULL  pk=0
  cid=6  name=ZUPDATETIMESTAMP  type=FLOAT  notnull=0  default=NULL  pk=0

TABLE Z_METADATA
  cid=0  name=Z_VERSION  type=INTEGER  notnull=0  default=NULL  pk=1
  cid=1  name=Z_UUID  type=VARCHAR(255)  notnull=0  default=NULL  pk=0
  cid=2  name=Z_PLIST  type=BLOB  notnull=0  default=NULL  pk=0

TABLE Z_MODELCACHE
  cid=0  name=Z_CONTENT  type=BLOB  notnull=0  default=NULL  pk=0

TABLE Z_PRIMARYKEY
  cid=0  name=Z_ENT  type=INTEGER  notnull=0  default=NULL  pk=1
  cid=1  name=Z_NAME  type=VARCHAR  notnull=0  default=NULL  pk=0
  cid=2  name=Z_SUPER  type=INTEGER  notnull=0  default=NULL  pk=0
  cid=3  name=Z_MAX  type=INTEGER  notnull=0  default=NULL  pk=0

POSSIBLE SCREENSHOT-RELATED COLUMNS
----------------------------------
None found by name heuristic. This is not proof that no screenshot metadata exists.

SAFETY
------
Database opened SQLITE_OPEN_READONLY. No INSERT/UPDATE/DELETE/DDL/checkpoint is executed by this inspector.

============================================================

DATABASE
--------
/var/mobile/Media/PhotoData/Caches/GraphService/CLSContactCache.sqlite
  28672 bytes, mtime=1786108536, inode=76535
  wal: 0 bytes, mtime=1786108536, inode=76539
  shm: 32768 bytes, mtime=1789979001, inode=76540


OPEN OK
  sqlite_version=3.37.0
  filename=/var/mobile/Media/PhotoData/Caches/GraphService/CLSContactCache.sqlite

SQLITE OBJECTS
--------------
table  ZENTRY  table=ZENTRY
  SQL: CREATE TABLE ZENTRY ( Z_PK INTEGER PRIMARY KEY, Z_ENT INTEGER, Z_OPT INTEGER, ZHASPICTURE INTEGER, ZUPDATETIMESTAMP FLOAT, ZCLASSIFIEDPERSONLOCALIDENTIFIERWITHFACEMODELID VARCHAR, ZCONTACTIDENTIFIER VARCHAR )
table  ZINFO  table=ZINFO
  SQL: CREATE TABLE ZINFO ( Z_PK INTEGER PRIMARY KEY, Z_ENT INTEGER, Z_OPT INTEGER, ZLASTHISTORYTOKEN BLOB )
table  Z_METADATA  table=Z_METADATA
  SQL: CREATE TABLE Z_METADATA (Z_VERSION INTEGER PRIMARY KEY, Z_UUID VARCHAR(255), Z_PLIST BLOB)
table  Z_MODELCACHE  table=Z_MODELCACHE
  SQL: CREATE TABLE Z_MODELCACHE (Z_CONTENT BLOB)
table  Z_PRIMARYKEY  table=Z_PRIMARYKEY
  SQL: CREATE TABLE Z_PRIMARYKEY (Z_ENT INTEGER PRIMARY KEY, Z_NAME VARCHAR, Z_SUPER INTEGER, Z_MAX INTEGER)

TABLE SCHEMAS
-------------

TABLE ZENTRY
  cid=0  name=Z_PK  type=INTEGER  notnull=0  default=NULL  pk=1
  cid=1  name=Z_ENT  type=INTEGER  notnull=0  default=NULL  pk=0
  cid=2  name=Z_OPT  type=INTEGER  notnull=0  default=NULL  pk=0
  cid=3  name=ZHASPICTURE  type=INTEGER  notnull=0  default=NULL  pk=0
  cid=4  name=ZUPDATETIMESTAMP  type=FLOAT  notnull=0  default=NULL  pk=0
  cid=5  name=ZCLASSIFIEDPERSONLOCALIDENTIFIERWITHFACEMODELID  type=VARCHAR  notnull=0  default=NULL  pk=0
  cid=6  name=ZCONTACTIDENTIFIER  type=VARCHAR  notnull=0  default=NULL  pk=0

TABLE ZINFO
  cid=0  name=Z_PK  type=INTEGER  notnull=0  default=NULL  pk=1
  cid=1  name=Z_ENT  type=INTEGER  notnull=0  default=NULL  pk=0
  cid=2  name=Z_OPT  type=INTEGER  notnull=0  default=NULL  pk=0
  cid=3  name=ZLASTHISTORYTOKEN  type=BLOB  notnull=0  default=NULL  pk=0

TABLE Z_METADATA
  cid=0  name=Z_VERSION  type=INTEGER  notnull=0  default=NULL  pk=1
  cid=1  name=Z_UUID  type=VARCHAR(255)  notnull=0  default=NULL  pk=0
  cid=2  name=Z_PLIST  type=BLOB  notnull=0  default=NULL  pk=0

TABLE Z_MODELCACHE
  cid=0  name=Z_CONTENT  type=BLOB  notnull=0  default=NULL  pk=0

TABLE Z_PRIMARYKEY
  cid=0  name=Z_ENT  type=INTEGER  notnull=0  default=NULL  pk=1
  cid=1  name=Z_NAME  type=VARCHAR  notnull=0  default=NULL  pk=0
  cid=2  name=Z_SUPER  type=INTEGER  notnull=0  default=NULL  pk=0
  cid=3  name=Z_MAX  type=INTEGER  notnull=0  default=NULL  pk=0

POSSIBLE SCREENSHOT-RELATED COLUMNS
----------------------------------
None found by name heuristic. This is not proof that no screenshot metadata exists.

SAFETY
------
Database opened SQLITE_OPEN_READONLY. No INSERT/UPDATE/DELETE/DDL/checkpoint is executed by this inspector.

============================================================

DATABASE
--------
/var/mobile/Media/PhotoData/Caches/GraphService/CLSLocationCache.sqlite
  1368064 bytes, mtime=1790012081, inode=76499
  wal: 0 bytes, mtime=1790012081, inode=76503
  shm: 32768 bytes, mtime=1790019243, inode=76504


OPEN OK
  sqlite_version=3.37.0
  filename=/var/mobile/Media/PhotoData/Caches/GraphService/CLSLocationCache.sqlite

SQLITE OBJECTS
--------------
index  ZPLACEMARK_ZENTRY_INDEX  table=ZPLACEMARK
  SQL: CREATE INDEX ZPLACEMARK_ZENTRY_INDEX ON ZPLACEMARK (ZENTRY)
index  Z_Entry_address  table=ZENTRY
  SQL: CREATE INDEX Z_Entry_address ON ZENTRY (ZADDRESS COLLATE BINARY ASC)
index  Z_Entry_latitude  table=ZENTRY
  SQL: CREATE INDEX Z_Entry_latitude ON ZENTRY (ZLATITUDE COLLATE BINARY ASC)
index  Z_Entry_latitude_longitude  table=ZENTRY
  SQL: CREATE INDEX Z_Entry_latitude_longitude ON ZENTRY (ZLATITUDE COLLATE BINARY ASC, ZLONGITUDE COLLATE BINARY ASC)
index  Z_Entry_longitude  table=ZENTRY
  SQL: CREATE INDEX Z_Entry_longitude ON ZENTRY (ZLONGITUDE COLLATE BINARY ASC)
table  ZENTRY  table=ZENTRY
  SQL: CREATE TABLE ZENTRY ( Z_PK INTEGER PRIMARY KEY, Z_ENT INTEGER, Z_OPT INTEGER, ZCOARSE INTEGER, ZMUID INTEGER, ZLATITUDE FLOAT, ZLONGITUDE FLOAT, ZUPDATETIMESTAMP FLOAT, ZADDRESS VARCHAR, ZADDRESSDICTIONARYSTRING VARCHAR, ZPOSTALADDRESS VARCHAR )
table  ZPLACEMARK  table=ZPLACEMARK
  SQL: CREATE TABLE ZPLACEMARK ( Z_PK INTEGER PRIMARY KEY, Z_ENT INTEGER, Z_OPT INTEGER, ZISISLAND INTEGER, ZENTRY INTEGER, ZLATITUDE FLOAT, ZLONGITUDE FLOAT, ZREGIONLATITUDE FLOAT, ZREGIONLONGITUDE FLOAT, ZREGIONRADIUS FLOAT, ZADMINISTRATIVEAREA VARCHAR, ZADMINISTRATIVEAREACODE VARCHAR, ZAREASOFINTEREST VARCHAR, ZGEOSERVICEPROVIDER VARCHAR, ZINLANDWATER VARCHAR, ZISOCOUNTRYCODE VARCHAR, ZLOCALITY VARCHAR, ZOCEAN VARCHAR, ZREGIONIDENTIFIER VARCHAR, ZSUBADMINISTRATIVEAREA VARCHAR, ZSUBLOCALITY VARCHAR, ZSUBTHOROUGHFARE VARCHAR, ZTHOROUGHFARE VARCHAR, ZREVGEOLOCATIONDATA BLOB )
table  Z_METADATA  table=Z_METADATA
  SQL: CREATE TABLE Z_METADATA (Z_VERSION INTEGER PRIMARY KEY, Z_UUID VARCHAR(255), Z_PLIST BLOB)
table  Z_MODELCACHE  table=Z_MODELCACHE
  SQL: CREATE TABLE Z_MODELCACHE (Z_CONTENT BLOB)
table  Z_PRIMARYKEY  table=Z_PRIMARYKEY
  SQL: CREATE TABLE Z_PRIMARYKEY (Z_ENT INTEGER PRIMARY KEY, Z_NAME VARCHAR, Z_SUPER INTEGER, Z_MAX INTEGER)

TABLE SCHEMAS
-------------

TABLE ZENTRY
  cid=0  name=Z_PK  type=INTEGER  notnull=0  default=NULL  pk=1
  cid=1  name=Z_ENT  type=INTEGER  notnull=0  default=NULL  pk=0
  cid=2  name=Z_OPT  type=INTEGER  notnull=0  default=NULL  pk=0
  cid=3  name=ZCOARSE  type=INTEGER  notnull=0  default=NULL  pk=0
  cid=4  name=ZMUID  type=INTEGER  notnull=0  default=NULL  pk=0
  cid=5  name=ZLATITUDE  type=FLOAT  notnull=0  default=NULL  pk=0
  cid=6  name=ZLONGITUDE  type=FLOAT  notnull=0  default=NULL  pk=0
  cid=7  name=ZUPDATETIMESTAMP  type=FLOAT  notnull=0  default=NULL  pk=0
  cid=8  name=ZADDRESS  type=VARCHAR  notnull=0  default=NULL  pk=0
  cid=9  name=ZADDRESSDICTIONARYSTRING  type=VARCHAR  notnull=0  default=NULL  pk=0
  cid=10  name=ZPOSTALADDRESS  type=VARCHAR  notnull=0  default=NULL  pk=0

TABLE ZPLACEMARK
  cid=0  name=Z_PK  type=INTEGER  notnull=0  default=NULL  pk=1
  cid=1  name=Z_ENT  type=INTEGER  notnull=0  default=NULL  pk=0
  cid=2  name=Z_OPT  type=INTEGER  notnull=0  default=NULL  pk=0
  cid=3  name=ZISISLAND  type=INTEGER  notnull=0  default=NULL  pk=0
  cid=4  name=ZENTRY  type=INTEGER  notnull=0  default=NULL  pk=0
  cid=5  name=ZLATITUDE  type=FLOAT  notnull=0  default=NULL  pk=0
  cid=6  name=ZLONGITUDE  type=FLOAT  notnull=0  default=NULL  pk=0
  cid=7  name=ZREGIONLATITUDE  type=FLOAT  notnull=0  default=NULL  pk=0
  cid=8  name=ZREGIONLONGITUDE  type=FLOAT  notnull=0  default=NULL  pk=0
  cid=9  name=ZREGIONRADIUS  type=FLOAT  notnull=0  default=NULL  pk=0
  cid=10  name=ZADMINISTRATIVEAREA  type=VARCHAR  notnull=0  default=NULL  pk=0
  cid=11  name=ZADMINISTRATIVEAREACODE  type=VARCHAR  notnull=0  default=NULL  pk=0
  cid=12  name=ZAREASOFINTEREST  type=VARCHAR  notnull=0  default=NULL  pk=0
  cid=13  name=ZGEOSERVICEPROVIDER  type=VARCHAR  notnull=0  default=NULL  pk=0
  cid=14  name=ZINLANDWATER  type=VARCHAR  notnull=0  default=NULL  pk=0
  cid=15  name=ZISOCOUNTRYCODE  type=VARCHAR  notnull=0  default=NULL  pk=0
  cid=16  name=ZLOCALITY  type=VARCHAR  notnull=0  default=NULL  pk=0
  cid=17  name=ZOCEAN  type=VARCHAR  notnull=0  default=NULL  pk=0
  cid=18  name=ZREGIONIDENTIFIER  type=VARCHAR  notnull=0  default=NULL  pk=0
  cid=19  name=ZSUBADMINISTRATIVEAREA  type=VARCHAR  notnull=0  default=NULL  pk=0
  cid=20  name=ZSUBLOCALITY  type=VARCHAR  notnull=0  default=NULL  pk=0
  cid=21  name=ZSUBTHOROUGHFARE  type=VARCHAR  notnull=0  default=NULL  pk=0
  cid=22  name=ZTHOROUGHFARE  type=VARCHAR  notnull=0  default=NULL  pk=0
  cid=23  name=ZREVGEOLOCATIONDATA  type=BLOB  notnull=0  default=NULL  pk=0

TABLE Z_METADATA
  cid=0  name=Z_VERSION  type=INTEGER  notnull=0  default=NULL  pk=1
  cid=1  name=Z_UUID  type=VARCHAR(255)  notnull=0  default=NULL  pk=0
  cid=2  name=Z_PLIST  type=BLOB  notnull=0  default=NULL  pk=0

TABLE Z_MODELCACHE
  cid=0  name=Z_CONTENT  type=BLOB  notnull=0  default=NULL  pk=0

TABLE Z_PRIMARYKEY
  cid=0  name=Z_ENT  type=INTEGER  notnull=0  default=NULL  pk=1
  cid=1  name=Z_NAME  type=VARCHAR  notnull=0  default=NULL  pk=0
  cid=2  name=Z_SUPER  type=INTEGER  notnull=0  default=NULL  pk=0
  cid=3  name=Z_MAX  type=INTEGER  notnull=0  default=NULL  pk=0

POSSIBLE SCREENSHOT-RELATED COLUMNS
----------------------------------
None found by name heuristic. This is not proof that no screenshot metadata exists.

SAFETY
------
Database opened SQLITE_OPEN_READONLY. No INSERT/UPDATE/DELETE/DDL/checkpoint is executed by this inspector.

============================================================

DATABASE
--------
/var/mobile/Media/PhotoData/Caches/GraphService/CLSPublicEventCache.sqlite
  73728 bytes, mtime=1786108536, inode=76529
  wal: 0 bytes, mtime=1786108536, inode=76533
  shm: 32768 bytes, mtime=1790019243, inode=76534


OPEN OK
  sqlite_version=3.37.0
  filename=/var/mobile/Media/PhotoData/Caches/GraphService/CLSPublicEventCache.sqlite

SQLITE OBJECTS
--------------
index  ZPUBLICEVENTCATEGORY_ZEVENT_INDEX  table=ZPUBLICEVENTCATEGORY
  SQL: CREATE INDEX ZPUBLICEVENTCATEGORY_ZEVENT_INDEX ON ZPUBLICEVENTCATEGORY (ZEVENT)
index  ZPUBLICEVENTPERFORMER_ZEVENT_INDEX  table=ZPUBLICEVENTPERFORMER
  SQL: CREATE INDEX ZPUBLICEVENTPERFORMER_ZEVENT_INDEX ON ZPUBLICEVENTPERFORMER (ZEVENT)
index  Z_1QUERYLOCATIONS_Z_4QUERYLOCATIONS_INDEX  table=Z_1QUERYLOCATIONS
  SQL: CREATE INDEX Z_1QUERYLOCATIONS_Z_4QUERYLOCATIONS_INDEX ON Z_1QUERYLOCATIONS (Z_4QUERYLOCATIONS, Z_1PUBLICEVENTS)
index  Z_PublicEvent_byMuidIndex  table=ZPUBLICEVENT
  SQL: CREATE INDEX Z_PublicEvent_byMuidIndex ON ZPUBLICEVENT (ZMUID COLLATE BINARY ASC)
index  Z_PublicEvent_muid  table=ZPUBLICEVENT
  SQL: CREATE INDEX Z_PublicEvent_muid ON ZPUBLICEVENT (ZMUID COLLATE BINARY ASC)
index  Z_QueryLocation_compoundIndex  table=ZQUERYLOCATION
  SQL: CREATE INDEX Z_QueryLocation_compoundIndex ON ZQUERYLOCATION (ZSTARTDATE COLLATE BINARY ASC, ZENDDATE COLLATE BINARY ASC, ZLATITUDE COLLATE BINARY ASC, ZLONGITUDE COLLATE BINARY ASC)
index  sqlite_autoindex_Z_1QUERYLOCATIONS_1  table=Z_1QUERYLOCATIONS
  SQL: NULL
table  ZPUBLICEVENT  table=ZPUBLICEVENT
  SQL: CREATE TABLE ZPUBLICEVENT ( Z_PK INTEGER PRIMARY KEY, Z_ENT INTEGER, Z_OPT INTEGER, ZBUSINESSITEMMUID INTEGER, ZEXPECTEDATTENDANCEASNUMBER INTEGER, ZMUID INTEGER, ZTIMEZONEOFFSET INTEGER, ZBUSINESSITEMLATITUDE FLOAT, ZBUSINESSITEMLONGITUDE FLOAT, ZLOCALENDDATE TIMESTAMP, ZLOCALENDTIME FLOAT, ZLOCALSTARTDATE TIMESTAMP, ZLOCALSTARTTIME FLOAT, ZNAME VARCHAR )
table  ZPUBLICEVENTCATEGORY  table=ZPUBLICEVENTCATEGORY
  SQL: CREATE TABLE ZPUBLICEVENTCATEGORY ( Z_PK INTEGER PRIMARY KEY, Z_ENT INTEGER, Z_OPT INTEGER, ZEVENT INTEGER, ZCATEGORY VARCHAR, ZLOCALIZEDNAME VARCHAR, ZLOCALIZEDSUBCATEGORIES VARCHAR )
table  ZPUBLICEVENTPERFORMER  table=ZPUBLICEVENTPERFORMER
  SQL: CREATE TABLE ZPUBLICEVENTPERFORMER ( Z_PK INTEGER PRIMARY KEY, Z_ENT INTEGER, Z_OPT INTEGER, ZEVENT INTEGER, ZITUNESIDENTIFIER VARCHAR, ZLOCALIZEDNAME VARCHAR )
table  ZQUERYLOCATION  table=ZQUERYLOCATION
  SQL: CREATE TABLE ZQUERYLOCATION ( Z_PK INTEGER PRIMARY KEY, Z_ENT INTEGER, Z_OPT INTEGER, ZENDDATE TIMESTAMP, ZLATITUDE FLOAT, ZLONGITUDE FLOAT, ZRADIUS FLOAT, ZSTARTDATE TIMESTAMP, ZUPDATETIMESTAMP FLOAT )
table  Z_1QUERYLOCATIONS  table=Z_1QUERYLOCATIONS
  SQL: CREATE TABLE Z_1QUERYLOCATIONS ( Z_1PUBLICEVENTS INTEGER, Z_4QUERYLOCATIONS INTEGER, PRIMARY KEY (Z_1PUBLICEVENTS, Z_4QUERYLOCATIONS) )
table  Z_METADATA  table=Z_METADATA
  SQL: CREATE TABLE Z_METADATA (Z_VERSION INTEGER PRIMARY KEY, Z_UUID VARCHAR(255), Z_PLIST BLOB)
table  Z_MODELCACHE  table=Z_MODELCACHE
  SQL: CREATE TABLE Z_MODELCACHE (Z_CONTENT BLOB)
table  Z_PRIMARYKEY  table=Z_PRIMARYKEY
  SQL: CREATE TABLE Z_PRIMARYKEY (Z_ENT INTEGER PRIMARY KEY, Z_NAME VARCHAR, Z_SUPER INTEGER, Z_MAX INTEGER)

TABLE SCHEMAS
-------------

TABLE ZPUBLICEVENT
  cid=0  name=Z_PK  type=INTEGER  notnull=0  default=NULL  pk=1
  cid=1  name=Z_ENT  type=INTEGER  notnull=0  default=NULL  pk=0
  cid=2  name=Z_OPT  type=INTEGER  notnull=0  default=NULL  pk=0
  cid=3  name=ZBUSINESSITEMMUID  type=INTEGER  notnull=0  default=NULL  pk=0
  cid=4  name=ZEXPECTEDATTENDANCEASNUMBER  type=INTEGER  notnull=0  default=NULL  pk=0
  cid=5  name=ZMUID  type=INTEGER  notnull=0  default=NULL  pk=0
  cid=6  name=ZTIMEZONEOFFSET  type=INTEGER  notnull=0  default=NULL  pk=0
  cid=7  name=ZBUSINESSITEMLATITUDE  type=FLOAT  notnull=0  default=NULL  pk=0
  cid=8  name=ZBUSINESSITEMLONGITUDE  type=FLOAT  notnull=0  default=NULL  pk=0
  cid=9  name=ZLOCALENDDATE  type=TIMESTAMP  notnull=0  default=NULL  pk=0
  cid=10  name=ZLOCALENDTIME  type=FLOAT  notnull=0  default=NULL  pk=0
  cid=11  name=ZLOCALSTARTDATE  type=TIMESTAMP  notnull=0  default=NULL  pk=0
  cid=12  name=ZLOCALSTARTTIME  type=FLOAT  notnull=0  default=NULL  pk=0
  cid=13  name=ZNAME  type=VARCHAR  notnull=0  default=NULL  pk=0

TABLE ZPUBLICEVENTCATEGORY
  cid=0  name=Z_PK  type=INTEGER  notnull=0  default=NULL  pk=1
  cid=1  name=Z_ENT  type=INTEGER  notnull=0  default=NULL  pk=0
  cid=2  name=Z_OPT  type=INTEGER  notnull=0  default=NULL  pk=0
  cid=3  name=ZEVENT  type=INTEGER  notnull=0  default=NULL  pk=0
  cid=4  name=ZCATEGORY  type=VARCHAR  notnull=0  default=NULL  pk=0
  cid=5  name=ZLOCALIZEDNAME  type=VARCHAR  notnull=0  default=NULL  pk=0
  cid=6  name=ZLOCALIZEDSUBCATEGORIES  type=VARCHAR  notnull=0  default=NULL  pk=0

TABLE ZPUBLICEVENTPERFORMER
  cid=0  name=Z_PK  type=INTEGER  notnull=0  default=NULL  pk=1
  cid=1  name=Z_ENT  type=INTEGER  notnull=0  default=NULL  pk=0
  cid=2  name=Z_OPT  type=INTEGER  notnull=0  default=NULL  pk=0
  cid=3  name=ZEVENT  type=INTEGER  notnull=0  default=NULL  pk=0
  cid=4  name=ZITUNESIDENTIFIER  type=VARCHAR  notnull=0  default=NULL  pk=0
  cid=5  name=ZLOCALIZEDNAME  type=VARCHAR  notnull=0  default=NULL  pk=0

TABLE ZQUERYLOCATION
  cid=0  name=Z_PK  type=INTEGER  notnull=0  default=NULL  pk=1
  cid=1  name=Z_ENT  type=INTEGER  notnull=0  default=NULL  pk=0
  cid=2  name=Z_OPT  type=INTEGER  notnull=0  default=NULL  pk=0
  cid=3  name=ZENDDATE  type=TIMESTAMP  notnull=0  default=NULL  pk=0
  cid=4  name=ZLATITUDE  type=FLOAT  notnull=0  default=NULL  pk=0
  cid=5  name=ZLONGITUDE  type=FLOAT  notnull=0  default=NULL  pk=0
  cid=6  name=ZRADIUS  type=FLOAT  notnull=0  default=NULL  pk=0
  cid=7  name=ZSTARTDATE  type=TIMESTAMP  notnull=0  default=NULL  pk=0
  cid=8  name=ZUPDATETIMESTAMP  type=FLOAT  notnull=0  default=NULL  pk=0

TABLE Z_1QUERYLOCATIONS
  cid=0  name=Z_1PUBLICEVENTS  type=INTEGER  notnull=0  default=NULL  pk=1
  cid=1  name=Z_4QUERYLOCATIONS  type=INTEGER  notnull=0  default=NULL  pk=2

TABLE Z_METADATA
  cid=0  name=Z_VERSION  type=INTEGER  notnull=0  default=NULL  pk=1
  cid=1  name=Z_UUID  type=VARCHAR(255)  notnull=0  default=NULL  pk=0
  cid=2  name=Z_PLIST  type=BLOB  notnull=0  default=NULL  pk=0

TABLE Z_MODELCACHE
  cid=0  name=Z_CONTENT  type=BLOB  notnull=0  default=NULL  pk=0

TABLE Z_PRIMARYKEY
  cid=0  name=Z_ENT  type=INTEGER  notnull=0  default=NULL  pk=1
  cid=1  name=Z_NAME  type=VARCHAR  notnull=0  default=NULL  pk=0
  cid=2  name=Z_SUPER  type=INTEGER  notnull=0  default=NULL  pk=0
  cid=3  name=Z_MAX  type=INTEGER  notnull=0  default=NULL  pk=0

POSSIBLE SCREENSHOT-RELATED COLUMNS
----------------------------------
None found by name heuristic. This is not proof that no screenshot metadata exists.

SAFETY
------
Database opened SQLITE_OPEN_READONLY. No INSERT/UPDATE/DELETE/DDL/checkpoint is executed by this inspector.

============================================================

DATABASE
--------
/var/mobile/Media/PhotoData/Caches/GraphService/musiccache.sqlite
  1589248 bytes, mtime=1790030708, inode=149640
  wal: 0 bytes, mtime=1790030708, inode=149644
  shm: 32768 bytes, mtime=1790030708, inode=149645


OPEN OK
  sqlite_version=3.37.0
  filename=/var/mobile/Media/PhotoData/Caches/GraphService/musiccache.sqlite

SQLITE OBJECTS
--------------
index  ZSONGPLAYBACKINFO_ZSONG_INDEX  table=ZSONGPLAYBACKINFO
  SQL: CREATE INDEX ZSONGPLAYBACKINFO_ZSONG_INDEX ON ZSONGPLAYBACKINFO (ZSONG)
index  Z_4SOURCES_Z_6SOURCES_INDEX  table=Z_4SOURCES
  SQL: CREATE INDEX Z_4SOURCES_Z_6SOURCES_INDEX ON Z_4SOURCES (Z_6SOURCES, Z_4SONGS)
index  Z_CacherStatus_UNIQUE_category  table=ZCACHERSTATUS
  SQL: CREATE UNIQUE INDEX Z_CacherStatus_UNIQUE_category ON ZCACHERSTATUS (ZCATEGORY COLLATE BINARY ASC)
index  Z_MemoryDisplaySong_UNIQUE_adamID  table=ZMEMORYDISPLAYSONG
  SQL: CREATE UNIQUE INDEX Z_MemoryDisplaySong_UNIQUE_adamID ON ZMEMORYDISPLAYSONG (ZADAMID COLLATE BINARY ASC)
index  Z_SongPlaybackInfo_byDateUTC  table=ZSONGPLAYBACKINFO
  SQL: CREATE INDEX Z_SongPlaybackInfo_byDateUTC ON ZSONGPLAYBACKINFO (ZDATEUTC COLLATE BINARY ASC)
index  Z_SongPlaybackInfo_dateUTC  table=ZSONGPLAYBACKINFO
  SQL: CREATE INDEX Z_SongPlaybackInfo_dateUTC ON ZSONGPLAYBACKINFO (ZDATEUTC COLLATE BINARY ASC)
index  Z_SongSource_byIdentifier  table=ZSONGSOURCE
  SQL: CREATE INDEX Z_SongSource_byIdentifier ON ZSONGSOURCE (ZIDENTIFIER COLLATE BINARY ASC)
index  Z_SongSource_byIdentifierAndDate  table=ZSONGSOURCE
  SQL: CREATE INDEX Z_SongSource_byIdentifierAndDate ON ZSONGSOURCE (ZIDENTIFIER COLLATE BINARY ASC, ZDATE COLLATE BINARY ASC)
index  Z_SongSource_byIdentifierDateAndLocation  table=ZSONGSOURCE
  SQL: CREATE INDEX Z_SongSource_byIdentifierDateAndLocation ON ZSONGSOURCE (ZIDENTIFIER COLLATE BINARY ASC, ZGEOHASH COLLATE BINARY ASC, ZDATE COLLATE BINARY ASC)
index  Z_SongSource_identifier  table=ZSONGSOURCE
  SQL: CREATE INDEX Z_SongSource_identifier ON ZSONGSOURCE (ZIDENTIFIER COLLATE BINARY ASC)
index  Z_Song_UNIQUE_adamID  table=ZSONG
  SQL: CREATE UNIQUE INDEX Z_Song_UNIQUE_adamID ON ZSONG (ZADAMID COLLATE BINARY ASC)
index  sqlite_autoindex_Z_4SOURCES_1  table=Z_4SOURCES
  SQL: NULL
table  ZCACHERSTATUS  table=ZCACHERSTATUS
  SQL: CREATE TABLE ZCACHERSTATUS ( Z_PK INTEGER PRIMARY KEY, Z_ENT INTEGER, Z_OPT INTEGER, ZLASTFAILEDFETCHEDDATE TIMESTAMP, ZLASTSUCCESSFULFETCHEDDATE TIMESTAMP, ZCATEGORY VARCHAR )
table  ZINFO  table=ZINFO
  SQL: CREATE TABLE ZINFO ( Z_PK INTEGER PRIMARY KEY, Z_ENT INTEGER, Z_OPT INTEGER, ZVERSION VARCHAR, ZMUSICBAGCONTENTSASDATA BLOB )
table  ZMEMORYDISPLAYSONG  table=ZMEMORYDISPLAYSONG
  SQL: CREATE TABLE ZMEMORYDISPLAYSONG ( Z_PK INTEGER PRIMARY KEY, Z_ENT INTEGER, Z_OPT INTEGER, ZCLEAREDFORPHOTOSMEMORIESEXPORT INTEGER, ZISEXPLICIT INTEGER, ZAROUSAL FLOAT, ZCACHEDATE TIMESTAMP, ZDURATION FLOAT, ZLOUDNESSMAINPEAK FLOAT, ZLOUDNESSMAINVALUE FLOAT, ZVALENCE FLOAT, ZADAMID VARCHAR, ZALBUM VARCHAR, ZARTIST VARCHAR, ZARTWORKURLFORMAT VARCHAR, ZCONTENTPROVIDER VARCHAR, ZINTROPREVIEWPATH VARCHAR, ZSONGURLPATH VARCHAR, ZTITLE VARCHAR, ZFLEXMLANALYSISASDATA BLOB )
table  ZSONG  table=ZSONG
  SQL: CREATE TABLE ZSONG ( Z_PK INTEGER PRIMARY KEY, Z_ENT INTEGER, Z_OPT INTEGER, ZCLEAREDFORPHOTOSMEMORIESEXPORT INTEGER, ZISEXPLICIT INTEGER, ZAROUSAL FLOAT, ZDURATION FLOAT, ZLASTREFRESHATTEMPTDATE TIMESTAMP, ZPREFERENCESCORE FLOAT, ZUNITAGMEMORYAPPROPRIATESCORE FLOAT, ZUNITAGMEMORYNOTAPPROPRIATESCORE FLOAT, ZVALENCE FLOAT, ZADAMID VARCHAR, ZALBUM VARCHAR, ZARTIST VARCHAR, ZAUDIOLOCALEIDENTIFIER VARCHAR, ZTITLE VARCHAR, ZGENRENAMESASDATA BLOB )
table  ZSONGPLAYBACKINFO  table=ZSONGPLAYBACKINFO
  SQL: CREATE TABLE ZSONGPLAYBACKINFO ( Z_PK INTEGER PRIMARY KEY, Z_ENT INTEGER, Z_OPT INTEGER, ZIGNOREFORRECOMMENDATIONS INTEGER, ZPLAYCOUNT INTEGER, ZPLAYDURATIONINMILLISECONDS INTEGER, ZSKIPCOUNT INTEGER, ZSONG INTEGER, ZDATEUTC VARCHAR, ZDEVICES VARCHAR, ZHOURSUTC VARCHAR, ZLASTENDREASON VARCHAR )
table  ZSONGSOURCE  table=ZSONGSOURCE
  SQL: CREATE TABLE ZSONGSOURCE ( Z_PK INTEGER PRIMARY KEY, Z_ENT INTEGER, Z_OPT INTEGER, ZDATE TIMESTAMP, ZDATELASTUPDATED TIMESTAMP, ZCATEGORY VARCHAR, ZGEOHASH VARCHAR, ZIDENTIFIER VARCHAR, ZVERSION VARCHAR )
table  Z_4SOURCES  table=Z_4SOURCES
  SQL: CREATE TABLE Z_4SOURCES ( Z_4SONGS INTEGER, Z_6SOURCES INTEGER, PRIMARY KEY (Z_4SONGS, Z_6SOURCES) )
table  Z_METADATA  table=Z_METADATA
  SQL: CREATE TABLE Z_METADATA (Z_VERSION INTEGER PRIMARY KEY, Z_UUID VARCHAR(255), Z_PLIST BLOB)
table  Z_MODELCACHE  table=Z_MODELCACHE
  SQL: CREATE TABLE Z_MODELCACHE (Z_CONTENT BLOB)
table  Z_PRIMARYKEY  table=Z_PRIMARYKEY
  SQL: CREATE TABLE Z_PRIMARYKEY (Z_ENT INTEGER PRIMARY KEY, Z_NAME VARCHAR, Z_SUPER INTEGER, Z_MAX INTEGER)

TABLE SCHEMAS
-------------

TABLE ZCACHERSTATUS
  cid=0  name=Z_PK  type=INTEGER  notnull=0  default=NULL  pk=1
  cid=1  name=Z_ENT  type=INTEGER  notnull=0  default=NULL  pk=0
  cid=2  name=Z_OPT  type=INTEGER  notnull=0  default=NULL  pk=0
  cid=3  name=ZLASTFAILEDFETCHEDDATE  type=TIMESTAMP  notnull=0  default=NULL  pk=0
  cid=4  name=ZLASTSUCCESSFULFETCHEDDATE  type=TIMESTAMP  notnull=0  default=NULL  pk=0
  cid=5  name=ZCATEGORY  type=VARCHAR  notnull=0  default=NULL  pk=0

TABLE ZINFO
  cid=0  name=Z_PK  type=INTEGER  notnull=0  default=NULL  pk=1
  cid=1  name=Z_ENT  type=INTEGER  notnull=0  default=NULL  pk=0
  cid=2  name=Z_OPT  type=INTEGER  notnull=0  default=NULL  pk=0
  cid=3  name=ZVERSION  type=VARCHAR  notnull=0  default=NULL  pk=0
  cid=4  name=ZMUSICBAGCONTENTSASDATA  type=BLOB  notnull=0  default=NULL  pk=0

TABLE ZMEMORYDISPLAYSONG
  cid=0  name=Z_PK  type=INTEGER  notnull=0  default=NULL  pk=1
  cid=1  name=Z_ENT  type=INTEGER  notnull=0  default=NULL  pk=0
  cid=2  name=Z_OPT  type=INTEGER  notnull=0  default=NULL  pk=0
  cid=3  name=ZCLEAREDFORPHOTOSMEMORIESEXPORT  type=INTEGER  notnull=0  default=NULL  pk=0
  cid=4  name=ZISEXPLICIT  type=INTEGER  notnull=0  default=NULL  pk=0
  cid=5  name=ZAROUSAL  type=FLOAT  notnull=0  default=NULL  pk=0
  cid=6  name=ZCACHEDATE  type=TIMESTAMP  notnull=0  default=NULL  pk=0
  cid=7  name=ZDURATION  type=FLOAT  notnull=0  default=NULL  pk=0
  cid=8  name=ZLOUDNESSMAINPEAK  type=FLOAT  notnull=0  default=NULL  pk=0
  cid=9  name=ZLOUDNESSMAINVALUE  type=FLOAT  notnull=0  default=NULL  pk=0
  cid=10  name=ZVALENCE  type=FLOAT  notnull=0  default=NULL  pk=0
  cid=11  name=ZADAMID  type=VARCHAR  notnull=0  default=NULL  pk=0
  cid=12  name=ZALBUM  type=VARCHAR  notnull=0  default=NULL  pk=0
  cid=13  name=ZARTIST  type=VARCHAR  notnull=0  default=NULL  pk=0
  cid=14  name=ZARTWORKURLFORMAT  type=VARCHAR  notnull=0  default=NULL  pk=0
  cid=15  name=ZCONTENTPROVIDER  type=VARCHAR  notnull=0  default=NULL  pk=0
  cid=16  name=ZINTROPREVIEWPATH  type=VARCHAR  notnull=0  default=NULL  pk=0
  cid=17  name=ZSONGURLPATH  type=VARCHAR  notnull=0  default=NULL  pk=0
  cid=18  name=ZTITLE  type=VARCHAR  notnull=0  default=NULL  pk=0
  cid=19  name=ZFLEXMLANALYSISASDATA  type=BLOB  notnull=0  default=NULL  pk=0

TABLE ZSONG
  cid=0  name=Z_PK  type=INTEGER  notnull=0  default=NULL  pk=1
  cid=1  name=Z_ENT  type=INTEGER  notnull=0  default=NULL  pk=0
  cid=2  name=Z_OPT  type=INTEGER  notnull=0  default=NULL  pk=0
  cid=3  name=ZCLEAREDFORPHOTOSMEMORIESEXPORT  type=INTEGER  notnull=0  default=NULL  pk=0
  cid=4  name=ZISEXPLICIT  type=INTEGER  notnull=0  default=NULL  pk=0
  cid=5  name=ZAROUSAL  type=FLOAT  notnull=0  default=NULL  pk=0
  cid=6  name=ZDURATION  type=FLOAT  notnull=0  default=NULL  pk=0
  cid=7  name=ZLASTREFRESHATTEMPTDATE  type=TIMESTAMP  notnull=0  default=NULL  pk=0
  cid=8  name=ZPREFERENCESCORE  type=FLOAT  notnull=0  default=NULL  pk=0
  cid=9  name=ZUNITAGMEMORYAPPROPRIATESCORE  type=FLOAT  notnull=0  default=NULL  pk=0
  cid=10  name=ZUNITAGMEMORYNOTAPPROPRIATESCORE  type=FLOAT  notnull=0  default=NULL  pk=0
  cid=11  name=ZVALENCE  type=FLOAT  notnull=0  default=NULL  pk=0
  cid=12  name=ZADAMID  type=VARCHAR  notnull=0  default=NULL  pk=0
  cid=13  name=ZALBUM  type=VARCHAR  notnull=0  default=NULL  pk=0
  cid=14  name=ZARTIST  type=VARCHAR  notnull=0  default=NULL  pk=0
  cid=15  name=ZAUDIOLOCALEIDENTIFIER  type=VARCHAR  notnull=0  default=NULL  pk=0
  cid=16  name=ZTITLE  type=VARCHAR  notnull=0  default=NULL  pk=0
  cid=17  name=ZGENRENAMESASDATA  type=BLOB  notnull=0  default=NULL  pk=0

TABLE ZSONGPLAYBACKINFO
  cid=0  name=Z_PK  type=INTEGER  notnull=0  default=NULL  pk=1
  cid=1  name=Z_ENT  type=INTEGER  notnull=0  default=NULL  pk=0
  cid=2  name=Z_OPT  type=INTEGER  notnull=0  default=NULL  pk=0
  cid=3  name=ZIGNOREFORRECOMMENDATIONS  type=INTEGER  notnull=0  default=NULL  pk=0
  cid=4  name=ZPLAYCOUNT  type=INTEGER  notnull=0  default=NULL  pk=0
  cid=5  name=ZPLAYDURATIONINMILLISECONDS  type=INTEGER  notnull=0  default=NULL  pk=0
  cid=6  name=ZSKIPCOUNT  type=INTEGER  notnull=0  default=NULL  pk=0
  cid=7  name=ZSONG  type=INTEGER  notnull=0  default=NULL  pk=0
  cid=8  name=ZDATEUTC  type=VARCHAR  notnull=0  default=NULL  pk=0
  cid=9  name=ZDEVICES  type=VARCHAR  notnull=0  default=NULL  pk=0
  cid=10  name=ZHOURSUTC  type=VARCHAR  notnull=0  default=NULL  pk=0
  cid=11  name=ZLASTENDREASON  type=VARCHAR  notnull=0  default=NULL  pk=0

TABLE ZSONGSOURCE
  cid=0  name=Z_PK  type=INTEGER  notnull=0  default=NULL  pk=1
  cid=1  name=Z_ENT  type=INTEGER  notnull=0  default=NULL  pk=0
  cid=2  name=Z_OPT  type=INTEGER  notnull=0  default=NULL  pk=0
  cid=3  name=ZDATE  type=TIMESTAMP  notnull=0  default=NULL  pk=0
  cid=4  name=ZDATELASTUPDATED  type=TIMESTAMP  notnull=0  default=NULL  pk=0
  cid=5  name=ZCATEGORY  type=VARCHAR  notnull=0  default=NULL  pk=0
  cid=6  name=ZGEOHASH  type=VARCHAR  notnull=0  default=NULL  pk=0
  cid=7  name=ZIDENTIFIER  type=VARCHAR  notnull=0  default=NULL  pk=0
  cid=8  name=ZVERSION  type=VARCHAR  notnull=0  default=NULL  pk=0

TABLE Z_4SOURCES
  cid=0  name=Z_4SONGS  type=INTEGER  notnull=0  default=NULL  pk=1
  cid=1  name=Z_6SOURCES  type=INTEGER  notnull=0  default=NULL  pk=2

TABLE Z_METADATA
  cid=0  name=Z_VERSION  type=INTEGER  notnull=0  default=NULL  pk=1
  cid=1  name=Z_UUID  type=VARCHAR(255)  notnull=0  default=NULL  pk=0
  cid=2  name=Z_PLIST  type=BLOB  notnull=0  default=NULL  pk=0

TABLE Z_MODELCACHE
  cid=0  name=Z_CONTENT  type=BLOB  notnull=0  default=NULL  pk=0

TABLE Z_PRIMARYKEY
  cid=0  name=Z_ENT  type=INTEGER  notnull=0  default=NULL  pk=1
  cid=1  name=Z_NAME  type=VARCHAR  notnull=0  default=NULL  pk=0
  cid=2  name=Z_SUPER  type=INTEGER  notnull=0  default=NULL  pk=0
  cid=3  name=Z_MAX  type=INTEGER  notnull=0  default=NULL  pk=0

POSSIBLE SCREENSHOT-RELATED COLUMNS
----------------------------------
  Z_4SOURCES.Z_6SOURCES  (matched: source)

SAFETY
------
Database opened SQLITE_OPEN_READONLY. No INSERT/UPDATE/DELETE/DDL/checkpoint is executed by this inspector.

============================================================

DATABASE
--------
/var/mobile/Media/PhotoData/Caches/GraphService/PGCurationCache.sqlite.sqlite
  45056 bytes, mtime=1790019246, inode=76490
  wal: 0 bytes, mtime=1790019246, inode=76494
  shm: 32768 bytes, mtime=1790019243, inode=76495


OPEN OK
  sqlite_version=3.37.0
  filename=/var/mobile/Media/PhotoData/Caches/GraphService/PGCurationCache.sqlite.sqlite

SQLITE OBJECTS
--------------
index  ZCURATEDASSETS_ZMOMENT_INDEX  table=ZCURATEDASSETS
  SQL: CREATE INDEX ZCURATEDASSETS_ZMOMENT_INDEX ON ZCURATEDASSETS (ZMOMENT)
index  ZCURATEDKEYASSET_ZMOMENT_INDEX  table=ZCURATEDKEYASSET
  SQL: CREATE INDEX ZCURATEDKEYASSET_ZMOMENT_INDEX ON ZCURATEDKEYASSET (ZMOMENT)
index  Z_Moment_identifier  table=ZMOMENT
  SQL: CREATE INDEX Z_Moment_identifier ON ZMOMENT (ZIDENTIFIER COLLATE BINARY ASC)
table  ZCURATEDASSETS  table=ZCURATEDASSETS
  SQL: CREATE TABLE ZCURATEDASSETS ( Z_PK INTEGER PRIMARY KEY, Z_ENT INTEGER, Z_OPT INTEGER, ZDURATION INTEGER, ZMOMENT INTEGER, ZCURATEDASSETS BLOB )
table  ZCURATEDKEYASSET  table=ZCURATEDKEYASSET
  SQL: CREATE TABLE ZCURATEDKEYASSET ( Z_PK INTEGER PRIMARY KEY, Z_ENT INTEGER, Z_OPT INTEGER, ZCOMPLETE INTEGER, ZFOCUSONPEOPLE INTEGER, ZPREFILTERASSETSWITHFACES INTEGER, ZUSECONTEXTUALCURATIONONLY INTEGER, ZUSESUMMARIZER INTEGER, ZMOMENT INTEGER, ZCURATEDKEYASSET VARCHAR, ZREFERENCEASSET VARCHAR, ZREFERENCELOCATION VARCHAR, ZREFERENCEPEOPLE VARCHAR )
table  ZMOMENT  table=ZMOMENT
  SQL: CREATE TABLE ZMOMENT ( Z_PK INTEGER PRIMARY KEY, Z_ENT INTEGER, Z_OPT INTEGER, ZISINTERESTING INTEGER, ZISINTERESTINGWITHALTERNATEJUNKING INTEGER, ZPRECISION INTEGER, ZCONTENTSCORE FLOAT, ZMEANCONTENTSCORE FLOAT, ZIDENTIFIER VARCHAR )
table  Z_METADATA  table=Z_METADATA
  SQL: CREATE TABLE Z_METADATA (Z_VERSION INTEGER PRIMARY KEY, Z_UUID VARCHAR(255), Z_PLIST BLOB)
table  Z_MODELCACHE  table=Z_MODELCACHE
  SQL: CREATE TABLE Z_MODELCACHE (Z_CONTENT BLOB)
table  Z_PRIMARYKEY  table=Z_PRIMARYKEY
  SQL: CREATE TABLE Z_PRIMARYKEY (Z_ENT INTEGER PRIMARY KEY, Z_NAME VARCHAR, Z_SUPER INTEGER, Z_MAX INTEGER)

TABLE SCHEMAS
-------------

TABLE ZCURATEDASSETS
  cid=0  name=Z_PK  type=INTEGER  notnull=0  default=NULL  pk=1
  cid=1  name=Z_ENT  type=INTEGER  notnull=0  default=NULL  pk=0
  cid=2  name=Z_OPT  type=INTEGER  notnull=0  default=NULL  pk=0
  cid=3  name=ZDURATION  type=INTEGER  notnull=0  default=NULL  pk=0
  cid=4  name=ZMOMENT  type=INTEGER  notnull=0  default=NULL  pk=0
  cid=5  name=ZCURATEDASSETS  type=BLOB  notnull=0  default=NULL  pk=0

TABLE ZCURATEDKEYASSET
  cid=0  name=Z_PK  type=INTEGER  notnull=0  default=NULL  pk=1
  cid=1  name=Z_ENT  type=INTEGER  notnull=0  default=NULL  pk=0
  cid=2  name=Z_OPT  type=INTEGER  notnull=0  default=NULL  pk=0
  cid=3  name=ZCOMPLETE  type=INTEGER  notnull=0  default=NULL  pk=0
  cid=4  name=ZFOCUSONPEOPLE  type=INTEGER  notnull=0  default=NULL  pk=0
  cid=5  name=ZPREFILTERASSETSWITHFACES  type=INTEGER  notnull=0  default=NULL  pk=0
  cid=6  name=ZUSECONTEXTUALCURATIONONLY  type=INTEGER  notnull=0  default=NULL  pk=0
  cid=7  name=ZUSESUMMARIZER  type=INTEGER  notnull=0  default=NULL  pk=0
  cid=8  name=ZMOMENT  type=INTEGER  notnull=0  default=NULL  pk=0
  cid=9  name=ZCURATEDKEYASSET  type=VARCHAR  notnull=0  default=NULL  pk=0
  cid=10  name=ZREFERENCEASSET  type=VARCHAR  notnull=0  default=NULL  pk=0
  cid=11  name=ZREFERENCELOCATION  type=VARCHAR  notnull=0  default=NULL  pk=0
  cid=12  name=ZREFERENCEPEOPLE  type=VARCHAR  notnull=0  default=NULL  pk=0

TABLE ZMOMENT
  cid=0  name=Z_PK  type=INTEGER  notnull=0  default=NULL  pk=1
  cid=1  name=Z_ENT  type=INTEGER  notnull=0  default=NULL  pk=0
  cid=2  name=Z_OPT  type=INTEGER  notnull=0  default=NULL  pk=0
  cid=3  name=ZISINTERESTING  type=INTEGER  notnull=0  default=NULL  pk=0
  cid=4  name=ZISINTERESTINGWITHALTERNATEJUNKING  type=INTEGER  notnull=0  default=NULL  pk=0
  cid=5  name=ZPRECISION  type=INTEGER  notnull=0  default=NULL  pk=0
  cid=6  name=ZCONTENTSCORE  type=FLOAT  notnull=0  default=NULL  pk=0
  cid=7  name=ZMEANCONTENTSCORE  type=FLOAT  notnull=0  default=NULL  pk=0
  cid=8  name=ZIDENTIFIER  type=VARCHAR  notnull=0  default=NULL  pk=0

TABLE Z_METADATA
  cid=0  name=Z_VERSION  type=INTEGER  notnull=0  default=NULL  pk=1
  cid=1  name=Z_UUID  type=VARCHAR(255)  notnull=0  default=NULL  pk=0
  cid=2  name=Z_PLIST  type=BLOB  notnull=0  default=NULL  pk=0

TABLE Z_MODELCACHE
  cid=0  name=Z_CONTENT  type=BLOB  notnull=0  default=NULL  pk=0

TABLE Z_PRIMARYKEY
  cid=0  name=Z_ENT  type=INTEGER  notnull=0  default=NULL  pk=1
  cid=1  name=Z_NAME  type=VARCHAR  notnull=0  default=NULL  pk=0
  cid=2  name=Z_SUPER  type=INTEGER  notnull=0  default=NULL  pk=0
  cid=3  name=Z_MAX  type=INTEGER  notnull=0  default=NULL  pk=0

POSSIBLE SCREENSHOT-RELATED COLUMNS
----------------------------------
None found by name heuristic. This is not proof that no screenshot metadata exists.

SAFETY
------
Database opened SQLITE_OPEN_READONLY. No INSERT/UPDATE/DELETE/DDL/checkpoint is executed by this inspector.

============================================================

DATABASE
--------
/var/mobile/Media/PhotoData/Caches/search/psi.sqlite
  3170304 bytes, mtime=1790046441, inode=26936
  wal: 0 bytes, mtime=1790046441, inode=26938
  shm: 32768 bytes, mtime=1790046433, inode=26939


OPEN OK
  sqlite_version=3.37.0
  filename=/var/mobile/Media/PhotoData/Caches/search/psi.sqlite

SQLITE OBJECTS
--------------
index  asset_pk  table=assets
  SQL: CREATE INDEX asset_pk ON assets(uuid_0, uuid_1)
index  collection_pk  table=collections
  SQL: CREATE INDEX collection_pk ON collections(uuid_0, uuid_1)
index  ga_assetid  table=ga
  SQL: CREATE INDEX ga_assetid ON ga(assetid, groupid)
index  ga_groupid  table=ga
  SQL: CREATE INDEX ga_groupid ON ga(groupid)
index  gc_collectionid  table=gc
  SQL: CREATE INDEX gc_collectionid ON gc(collectionid)
index  gc_groupid  table=gc
  SQL: CREATE INDEX gc_groupid ON gc(groupid)
index  groupid_by_contentstring_category_lookupid_owner  table=groups
  SQL: CREATE INDEX groupid_by_contentstring_category_lookupid_owner ON groups(content_string, category, lookup_identifier, owning_groupid)
index  sqlite_autoindex_assets_1  table=assets
  SQL: NULL
index  sqlite_autoindex_collections_1  table=collections
  SQL: NULL
index  sqlite_autoindex_ga_1  table=ga
  SQL: NULL
index  sqlite_autoindex_gc_1  table=gc
  SQL: NULL
index  sqlite_autoindex_groups_1  table=groups
  SQL: NULL
index  sqlite_autoindex_lookup_1  table=lookup
  SQL: NULL
index  word_embedding_index  table=word_embedding
  SQL: CREATE INDEX word_embedding_index ON word_embedding(word)
table  assets  table=assets
  SQL: CREATE TABLE assets(uuid_0 INT, uuid_1 INT, creationDate INT, UNIQUE(uuid_0, uuid_1))
table  collections  table=collections
  SQL: CREATE TABLE collections(uuid_0 INT, uuid_1 INT, startDate INT, endDate INT, title TEXT, subtitle TEXT, keyAssetUUID_0 INT, keyAssetUUID_1 INT, typeAndNumberOfAssets INT32, sortDate DOUBLE, UNIQUE(uuid_0, uuid_1))
table  ga  table=ga
  SQL: CREATE TABLE ga(groupid INT, assetid INT, PRIMARY KEY(groupid, assetid))
table  gc  table=gc
  SQL: CREATE TABLE gc(groupid INT, collectionid INT, PRIMARY KEY(groupid, collectionid))
table  groups  table=groups
  SQL: CREATE TABLE groups(category INT2, owning_groupid INT, content_string TEXT, normalized_string TEXT, lookup_identifier TEXT, token_ranges_0 INT8, token_ranges_1 INT8, UNIQUE(category, owning_groupid, content_string, lookup_identifier, token_ranges_0, token_ranges_1))
table  lookup  table=lookup
  SQL: CREATE TABLE lookup(identifier TEXT PRIMARY KEY, category INT2)
table  prefix  table=prefix
  SQL: CREATE VIRTUAL TABLE prefix USING fts5(content='groups', normalized_string, category UNINDEXED, tokenize = 'PSITokenizer')
table  prefix_config  table=prefix_config
  SQL: CREATE TABLE 'prefix_config'(k PRIMARY KEY, v) WITHOUT ROWID
table  prefix_data  table=prefix_data
  SQL: CREATE TABLE 'prefix_data'(id INTEGER PRIMARY KEY, block BLOB)
table  prefix_docsize  table=prefix_docsize
  SQL: CREATE TABLE 'prefix_docsize'(id INTEGER PRIMARY KEY, sz BLOB)
table  prefix_idx  table=prefix_idx
  SQL: CREATE TABLE 'prefix_idx'(segid, term, pgno, PRIMARY KEY(segid, term)) WITHOUT ROWID
table  tmp_used_groupids  table=tmp_used_groupids
  SQL: CREATE TABLE tmp_used_groupids (groupid INTEGER PRIMARY KEY)
table  word_embedding  table=word_embedding
  SQL: CREATE TABLE word_embedding(word TEXT, extended_word TEXT, score DOUBLE)
table  word_embedding_prefix  table=word_embedding_prefix
  SQL: CREATE VIRTUAL TABLE word_embedding_prefix USING fts5(extended_word)
table  word_embedding_prefix_config  table=word_embedding_prefix_config
  SQL: CREATE TABLE 'word_embedding_prefix_config'(k PRIMARY KEY, v) WITHOUT ROWID
table  word_embedding_prefix_content  table=word_embedding_prefix_content
  SQL: CREATE TABLE 'word_embedding_prefix_content'(id INTEGER PRIMARY KEY, c0)
table  word_embedding_prefix_data  table=word_embedding_prefix_data
  SQL: CREATE TABLE 'word_embedding_prefix_data'(id INTEGER PRIMARY KEY, block BLOB)
table  word_embedding_prefix_docsize  table=word_embedding_prefix_docsize
  SQL: CREATE TABLE 'word_embedding_prefix_docsize'(id INTEGER PRIMARY KEY, sz BLOB)
table  word_embedding_prefix_idx  table=word_embedding_prefix_idx
  SQL: CREATE TABLE 'word_embedding_prefix_idx'(segid, term, pgno, PRIMARY KEY(segid, term)) WITHOUT ROWID
trigger  trigger_groups_delete  table=groups
  SQL: CREATE TRIGGER trigger_groups_delete AFTER DELETE ON groups BEGIN INSERT INTO prefix(prefix, rowid, normalized_string, category) VALUES('delete', old.rowid, old.normalized_string, old.category); END
trigger  trigger_groups_insert  table=groups
  SQL: CREATE TRIGGER trigger_groups_insert AFTER INSERT ON groups BEGIN INSERT INTO prefix(rowid, normalized_string, category) VALUES (new.rowid, new.normalized_string, new.category); END

TABLE SCHEMAS
-------------

TABLE assets
  cid=0  name=uuid_0  type=INT  notnull=0  default=NULL  pk=0
  cid=1  name=uuid_1  type=INT  notnull=0  default=NULL  pk=0
  cid=2  name=creationDate  type=INT  notnull=0  default=NULL  pk=0

TABLE collections
  cid=0  name=uuid_0  type=INT  notnull=0  default=NULL  pk=0
  cid=1  name=uuid_1  type=INT  notnull=0  default=NULL  pk=0
  cid=2  name=startDate  type=INT  notnull=0  default=NULL  pk=0
  cid=3  name=endDate  type=INT  notnull=0  default=NULL  pk=0
  cid=4  name=title  type=TEXT  notnull=0  default=NULL  pk=0
  cid=5  name=subtitle  type=TEXT  notnull=0  default=NULL  pk=0
  cid=6  name=keyAssetUUID_0  type=INT  notnull=0  default=NULL  pk=0
  cid=7  name=keyAssetUUID_1  type=INT  notnull=0  default=NULL  pk=0
  cid=8  name=typeAndNumberOfAssets  type=INT32  notnull=0  default=NULL  pk=0
  cid=9  name=sortDate  type=DOUBLE  notnull=0  default=NULL  pk=0

TABLE ga
  cid=0  name=groupid  type=INT  notnull=0  default=NULL  pk=1
  cid=1  name=assetid  type=INT  notnull=0  default=NULL  pk=2

TABLE gc
  cid=0  name=groupid  type=INT  notnull=0  default=NULL  pk=1
  cid=1  name=collectionid  type=INT  notnull=0  default=NULL  pk=2

TABLE groups
  cid=0  name=category  type=INT2  notnull=0  default=NULL  pk=0
  cid=1  name=owning_groupid  type=INT  notnull=0  default=NULL  pk=0
  cid=2  name=content_string  type=TEXT  notnull=0  default=NULL  pk=0
  cid=3  name=normalized_string  type=TEXT  notnull=0  default=NULL  pk=0
  cid=4  name=lookup_identifier  type=TEXT  notnull=0  default=NULL  pk=0
  cid=5  name=token_ranges_0  type=INT8  notnull=0  default=NULL  pk=0
  cid=6  name=token_ranges_1  type=INT8  notnull=0  default=NULL  pk=0

TABLE lookup
  cid=0  name=identifier  type=TEXT  notnull=0  default=NULL  pk=1
  cid=1  name=category  type=INT2  notnull=0  default=NULL  pk=0

prefix
  [table_info failed: no such tokenizer: PSITokenizer]

TABLE prefix_config
  cid=0  name=k  type=  notnull=1  default=NULL  pk=1
  cid=1  name=v  type=  notnull=0  default=NULL  pk=0

TABLE prefix_data
  cid=0  name=id  type=INTEGER  notnull=0  default=NULL  pk=1
  cid=1  name=block  type=BLOB  notnull=0  default=NULL  pk=0

TABLE prefix_docsize
  cid=0  name=id  type=INTEGER  notnull=0  default=NULL  pk=1
  cid=1  name=sz  type=BLOB  notnull=0  default=NULL  pk=0

TABLE prefix_idx
  cid=0  name=segid  type=  notnull=1  default=NULL  pk=1
  cid=1  name=term  type=  notnull=1  default=NULL  pk=2
  cid=2  name=pgno  type=  notnull=0  default=NULL  pk=0

TABLE tmp_used_groupids
  cid=0  name=groupid  type=INTEGER  notnull=0  default=NULL  pk=1

TABLE word_embedding
  cid=0  name=word  type=TEXT  notnull=0  default=NULL  pk=0
  cid=1  name=extended_word  type=TEXT  notnull=0  default=NULL  pk=0
  cid=2  name=score  type=DOUBLE  notnull=0  default=NULL  pk=0

TABLE word_embedding_prefix
  cid=0  name=extended_word  type=  notnull=0  default=NULL  pk=0

TABLE word_embedding_prefix_config
  cid=0  name=k  type=  notnull=1  default=NULL  pk=1
  cid=1  name=v  type=  notnull=0  default=NULL  pk=0

TABLE word_embedding_prefix_content
  cid=0  name=id  type=INTEGER  notnull=0  default=NULL  pk=1
  cid=1  name=c0  type=  notnull=0  default=NULL  pk=0

TABLE word_embedding_prefix_data
  cid=0  name=id  type=INTEGER  notnull=0  default=NULL  pk=1
  cid=1  name=block  type=BLOB  notnull=0  default=NULL  pk=0

TABLE word_embedding_prefix_docsize
  cid=0  name=id  type=INTEGER  notnull=0  default=NULL  pk=1
  cid=1  name=sz  type=BLOB  notnull=0  default=NULL  pk=0

TABLE word_embedding_prefix_idx
  cid=0  name=segid  type=  notnull=1  default=NULL  pk=1
  cid=1  name=term  type=  notnull=1  default=NULL  pk=2
  cid=2  name=pgno  type=  notnull=0  default=NULL  pk=0

POSSIBLE SCREENSHOT-RELATED COLUMNS
----------------------------------
None found by name heuristic. This is not proof that no screenshot metadata exists.

SAFETY
------
Database opened SQLITE_OPEN_READONLY. No INSERT/UPDATE/DELETE/DDL/checkpoint is executed by this inspector.

============================================================

DATABASE
--------
/var/mobile/Media/PhotoData/Photos.sqlite
  70176768 bytes, mtime=1790014745, inode=26881
  wal: 1742792 bytes, mtime=1790047689, inode=26901
  shm: 32768 bytes, mtime=1790043682, inode=26902


OPEN OK
  sqlite_version=3.37.0
  filename=/var/mobile/Media/PhotoData/Photos.sqlite

SQLITE OBJECTS
--------------
index  ACHANGE_ZTRANSACTIONID_INDEX  table=ACHANGE
  SQL: CREATE INDEX ACHANGE_ZTRANSACTIONID_INDEX ON ACHANGE (ZTRANSACTIONID)
index  ATRANSACTION_ZAUTHORTS_INDEX  table=ATRANSACTION
  SQL: CREATE INDEX ATRANSACTION_ZAUTHORTS_INDEX ON ATRANSACTION (ZAUTHORTS)
index  ATRANSACTION_ZBUNDLEIDTS_INDEX  table=ATRANSACTION
  SQL: CREATE INDEX ATRANSACTION_ZBUNDLEIDTS_INDEX ON ATRANSACTION (ZBUNDLEIDTS)
index  ATRANSACTION_ZCONTEXTNAMETS_INDEX  table=ATRANSACTION
  SQL: CREATE INDEX ATRANSACTION_ZCONTEXTNAMETS_INDEX ON ATRANSACTION (ZCONTEXTNAMETS)
index  ATRANSACTION_ZPROCESSIDTS_INDEX  table=ATRANSACTION
  SQL: CREATE INDEX ATRANSACTION_ZPROCESSIDTS_INDEX ON ATRANSACTION (ZPROCESSIDTS)
index  RADAR_10322662_INDEX  table=Z_27ASSETS
  SQL: CREATE INDEX RADAR_10322662_INDEX ON Z_27ASSETS (Z_27ALBUMS, Z_3ASSETS, Z_FOK_3ASSETS)
index  RADAR_22158684_INDEX  table=Z_27ASSETS
  SQL: CREATE INDEX RADAR_22158684_INDEX ON Z_27ASSETS (Z_27ALBUMS, Z_FOK_3ASSETS, Z_3ASSETS)
index  ZADDITIONALASSETATTRIBUTES_ZASSETDESCRIPTION_INDEX  table=ZADDITIONALASSETATTRIBUTES
  SQL: CREATE INDEX ZADDITIONALASSETATTRIBUTES_ZASSETDESCRIPTION_INDEX ON ZADDITIONALASSETATTRIBUTES (ZASSETDESCRIPTION)
index  ZADDITIONALASSETATTRIBUTES_ZASSET_INDEX  table=ZADDITIONALASSETATTRIBUTES
  SQL: CREATE INDEX ZADDITIONALASSETATTRIBUTES_ZASSET_INDEX ON ZADDITIONALASSETATTRIBUTES (ZASSET)
index  ZADDITIONALASSETATTRIBUTES_ZEDITEDIPTCATTRIBUTES_INDEX  table=ZADDITIONALASSETATTRIBUTES
  SQL: CREATE INDEX ZADDITIONALASSETATTRIBUTES_ZEDITEDIPTCATTRIBUTES_INDEX ON ZADDITIONALASSETATTRIBUTES (ZEDITEDIPTCATTRIBUTES)
index  ZADDITIONALASSETATTRIBUTES_ZMEDIAMETADATA_INDEX  table=ZADDITIONALASSETATTRIBUTES
  SQL: CREATE INDEX ZADDITIONALASSETATTRIBUTES_ZMEDIAMETADATA_INDEX ON ZADDITIONALASSETATTRIBUTES (ZMEDIAMETADATA)
index  ZADDITIONALASSETATTRIBUTES_ZSCENEPRINT_INDEX  table=ZADDITIONALASSETATTRIBUTES
  SQL: CREATE INDEX ZADDITIONALASSETATTRIBUTES_ZSCENEPRINT_INDEX ON ZADDITIONALASSETATTRIBUTES (ZSCENEPRINT)
index  ZADDITIONALASSETATTRIBUTES_ZUNMANAGEDADJUSTMENT_INDEX  table=ZADDITIONALASSETATTRIBUTES
  SQL: CREATE INDEX ZADDITIONALASSETATTRIBUTES_ZUNMANAGEDADJUSTMENT_INDEX ON ZADDITIONALASSETATTRIBUTES (ZUNMANAGEDADJUSTMENT)
index  ZASSETANALYSISSTATE_ZASSET_INDEX  table=ZASSETANALYSISSTATE
  SQL: CREATE INDEX ZASSETANALYSISSTATE_ZASSET_INDEX ON ZASSETANALYSISSTATE (ZASSET)
index  ZASSETDESCRIPTION_ZASSETATTRIBUTES_INDEX  table=ZASSETDESCRIPTION
  SQL: CREATE INDEX ZASSETDESCRIPTION_ZASSETATTRIBUTES_INDEX ON ZASSETDESCRIPTION (ZASSETATTRIBUTES)
index  ZASSET_ZADDITIONALATTRIBUTES_INDEX  table=ZASSET
  SQL: CREATE INDEX ZASSET_ZADDITIONALATTRIBUTES_INDEX ON ZASSET (ZADDITIONALATTRIBUTES)
index  ZASSET_ZCLOUDFEEDASSETSENTRY_INDEX  table=ZASSET
  SQL: CREATE INDEX ZASSET_ZCLOUDFEEDASSETSENTRY_INDEX ON ZASSET (ZCLOUDFEEDASSETSENTRY)
index  ZASSET_ZCOMPUTEDATTRIBUTES_INDEX  table=ZASSET
  SQL: CREATE INDEX ZASSET_ZCOMPUTEDATTRIBUTES_INDEX ON ZASSET (ZCOMPUTEDATTRIBUTES)
index  ZASSET_ZCONVERSATION_INDEX  table=ZASSET
  SQL: CREATE INDEX ZASSET_ZCONVERSATION_INDEX ON ZASSET (ZCONVERSATION)
index  ZASSET_ZDAYGROUPHIGHLIGHTBEINGASSETS_INDEX  table=ZASSET
  SQL: CREATE INDEX ZASSET_ZDAYGROUPHIGHLIGHTBEINGASSETS_INDEX ON ZASSET (ZDAYGROUPHIGHLIGHTBEINGASSETS)
index  ZASSET_ZDAYGROUPHIGHLIGHTBEINGEXTENDEDASSETS_INDEX  table=ZASSET
  SQL: CREATE INDEX ZASSET_ZDAYGROUPHIGHLIGHTBEINGEXTENDEDASSETS_INDEX ON ZASSET (ZDAYGROUPHIGHLIGHTBEINGEXTENDEDASSETS)
index  ZASSET_ZDAYGROUPHIGHLIGHTBEINGKEYASSET_INDEX  table=ZASSET
  SQL: CREATE INDEX ZASSET_ZDAYGROUPHIGHLIGHTBEINGKEYASSET_INDEX ON ZASSET (ZDAYGROUPHIGHLIGHTBEINGKEYASSET)
index  ZASSET_ZDAYGROUPHIGHLIGHTBEINGSUMMARYASSETS_INDEX  table=ZASSET
  SQL: CREATE INDEX ZASSET_ZDAYGROUPHIGHLIGHTBEINGSUMMARYASSETS_INDEX ON ZASSET (ZDAYGROUPHIGHLIGHTBEINGSUMMARYASSETS)
index  ZASSET_ZEXTENDEDATTRIBUTES_INDEX  table=ZASSET
  SQL: CREATE INDEX ZASSET_ZEXTENDEDATTRIBUTES_INDEX ON ZASSET (ZEXTENDEDATTRIBUTES)
index  ZASSET_ZHIGHLIGHTBEINGASSETS_INDEX  table=ZASSET
  SQL: CREATE INDEX ZASSET_ZHIGHLIGHTBEINGASSETS_INDEX ON ZASSET (ZHIGHLIGHTBEINGASSETS)
index  ZASSET_ZHIGHLIGHTBEINGEXTENDEDASSETS_INDEX  table=ZASSET
  SQL: CREATE INDEX ZASSET_ZHIGHLIGHTBEINGEXTENDEDASSETS_INDEX ON ZASSET (ZHIGHLIGHTBEINGEXTENDEDASSETS)
index  ZASSET_ZHIGHLIGHTBEINGKEYASSET_INDEX  table=ZASSET
  SQL: CREATE INDEX ZASSET_ZHIGHLIGHTBEINGKEYASSET_INDEX ON ZASSET (ZHIGHLIGHTBEINGKEYASSET)
index  ZASSET_ZHIGHLIGHTBEINGSUMMARYASSETS_INDEX  table=ZASSET
  SQL: CREATE INDEX ZASSET_ZHIGHLIGHTBEINGSUMMARYASSETS_INDEX ON ZASSET (ZHIGHLIGHTBEINGSUMMARYASSETS)
index  ZASSET_ZIMPORTSESSION_INDEX  table=ZASSET
  SQL: CREATE INDEX ZASSET_ZIMPORTSESSION_INDEX ON ZASSET (ZIMPORTSESSION)
index  ZASSET_ZLIBRARYSCOPEORIGINATOR_INDEX  table=ZASSET
  SQL: CREATE INDEX ZASSET_ZLIBRARYSCOPEORIGINATOR_INDEX ON ZASSET (ZLIBRARYSCOPEORIGINATOR)
index  ZASSET_ZLIBRARYSCOPE_INDEX  table=ZASSET
  SQL: CREATE INDEX ZASSET_ZLIBRARYSCOPE_INDEX ON ZASSET (ZLIBRARYSCOPE)
index  ZASSET_ZMASTER_INDEX  table=ZASSET
  SQL: CREATE INDEX ZASSET_ZMASTER_INDEX ON ZASSET (ZMASTER)
index  ZASSET_ZMEDIAANALYSISATTRIBUTES_INDEX  table=ZASSET
  SQL: CREATE INDEX ZASSET_ZMEDIAANALYSISATTRIBUTES_INDEX ON ZASSET (ZMEDIAANALYSISATTRIBUTES)
index  ZASSET_ZMOMENTSHARE_INDEX  table=ZASSET
  SQL: CREATE INDEX ZASSET_ZMOMENTSHARE_INDEX ON ZASSET (ZMOMENTSHARE)
index  ZASSET_ZMOMENT_INDEX  table=ZASSET
  SQL: CREATE INDEX ZASSET_ZMOMENT_INDEX ON ZASSET (ZMOMENT)
index  ZASSET_ZMONTHHIGHLIGHTBEINGFIRSTASSET_INDEX  table=ZASSET
  SQL: CREATE INDEX ZASSET_ZMONTHHIGHLIGHTBEINGFIRSTASSET_INDEX ON ZASSET (ZMONTHHIGHLIGHTBEINGFIRSTASSET)
index  ZASSET_ZMONTHHIGHLIGHTBEINGKEYASSET_INDEX  table=ZASSET
  SQL: CREATE INDEX ZASSET_ZMONTHHIGHLIGHTBEINGKEYASSET_INDEX ON ZASSET (ZMONTHHIGHLIGHTBEINGKEYASSET)
index  ZASSET_ZYEARHIGHLIGHTBEINGKEYASSET_INDEX  table=ZASSET
  SQL: CREATE INDEX ZASSET_ZYEARHIGHLIGHTBEINGKEYASSET_INDEX ON ZASSET (ZYEARHIGHLIGHTBEINGKEYASSET)
index  ZCHARACTERRECOGNITIONATTRIBUTES_ZMEDIAANALYSISASSETATTRIBUTES_INDEX  table=ZCHARACTERRECOGNITIONATTRIBUTES
  SQL: CREATE INDEX ZCHARACTERRECOGNITIONATTRIBUTES_ZMEDIAANALYSISASSETATTRIBUTES_INDEX ON ZCHARACTERRECOGNITIONATTRIBUTES (ZMEDIAANALYSISASSETATTRIBUTES)
index  ZCLOUDFEEDENTRY_Z_ENT_INDEX  table=ZCLOUDFEEDENTRY
  SQL: CREATE INDEX ZCLOUDFEEDENTRY_Z_ENT_INDEX ON ZCLOUDFEEDENTRY (Z_ENT)
index  ZCLOUDMASTERMEDIAMETADATA_ZADDITIONALASSETATTRIBUTES_INDEX  table=ZCLOUDMASTERMEDIAMETADATA
  SQL: CREATE INDEX ZCLOUDMASTERMEDIAMETADATA_ZADDITIONALASSETATTRIBUTES_INDEX ON ZCLOUDMASTERMEDIAMETADATA (ZADDITIONALASSETATTRIBUTES)
index  ZCLOUDMASTERMEDIAMETADATA_ZCLOUDMASTER_INDEX  table=ZCLOUDMASTERMEDIAMETADATA
  SQL: CREATE INDEX ZCLOUDMASTERMEDIAMETADATA_ZCLOUDMASTER_INDEX ON ZCLOUDMASTERMEDIAMETADATA (ZCLOUDMASTER)
index  ZCLOUDMASTER_ZMEDIAMETADATA_INDEX  table=ZCLOUDMASTER
  SQL: CREATE INDEX ZCLOUDMASTER_ZMEDIAMETADATA_INDEX ON ZCLOUDMASTER (ZMEDIAMETADATA)
index  ZCLOUDMASTER_ZMOMENTSHARE_INDEX  table=ZCLOUDMASTER
  SQL: CREATE INDEX ZCLOUDMASTER_ZMOMENTSHARE_INDEX ON ZCLOUDMASTER (ZMOMENTSHARE)
index  ZCLOUDRESOURCE_ZASSET_INDEX  table=ZCLOUDRESOURCE
  SQL: CREATE INDEX ZCLOUDRESOURCE_ZASSET_INDEX ON ZCLOUDRESOURCE (ZASSET)
index  ZCLOUDRESOURCE_ZCLOUDMASTER_INDEX  table=ZCLOUDRESOURCE
  SQL: CREATE INDEX ZCLOUDRESOURCE_ZCLOUDMASTER_INDEX ON ZCLOUDRESOURCE (ZCLOUDMASTER)
index  ZCLOUDSHAREDALBUMINVITATIONRECORD_ZALBUM_INDEX  table=ZCLOUDSHAREDALBUMINVITATIONRECORD
  SQL: CREATE INDEX ZCLOUDSHAREDALBUMINVITATIONRECORD_ZALBUM_INDEX ON ZCLOUDSHAREDALBUMINVITATIONRECORD (ZALBUM)
index  ZCLOUDSHAREDCOMMENT_ZCLOUDFEEDCOMMENTENTRY_INDEX  table=ZCLOUDSHAREDCOMMENT
  SQL: CREATE INDEX ZCLOUDSHAREDCOMMENT_ZCLOUDFEEDCOMMENTENTRY_INDEX ON ZCLOUDSHAREDCOMMENT (ZCLOUDFEEDCOMMENTENTRY)
index  ZCLOUDSHAREDCOMMENT_ZCLOUDFEEDLIKECOMMENTENTRY_INDEX  table=ZCLOUDSHAREDCOMMENT
  SQL: CREATE INDEX ZCLOUDSHAREDCOMMENT_ZCLOUDFEEDLIKECOMMENTENTRY_INDEX ON ZCLOUDSHAREDCOMMENT (ZCLOUDFEEDLIKECOMMENTENTRY)
index  ZCLOUDSHAREDCOMMENT_ZCOMMENTEDASSET_INDEX  table=ZCLOUDSHAREDCOMMENT
  SQL: CREATE INDEX ZCLOUDSHAREDCOMMENT_ZCOMMENTEDASSET_INDEX ON ZCLOUDSHAREDCOMMENT (ZCOMMENTEDASSET)
index  ZCLOUDSHAREDCOMMENT_ZLIKEDASSET_INDEX  table=ZCLOUDSHAREDCOMMENT
  SQL: CREATE INDEX ZCLOUDSHAREDCOMMENT_ZLIKEDASSET_INDEX ON ZCLOUDSHAREDCOMMENT (ZLIKEDASSET)
index  ZCOMPUTEDASSETATTRIBUTES_ZASSET_INDEX  table=ZCOMPUTEDASSETATTRIBUTES
  SQL: CREATE INDEX ZCOMPUTEDASSETATTRIBUTES_ZASSET_INDEX ON ZCOMPUTEDASSETATTRIBUTES (ZASSET)
index  ZDETECTEDFACEGROUP_ZASSOCIATEDPERSON_INDEX  table=ZDETECTEDFACEGROUP
  SQL: CREATE INDEX ZDETECTEDFACEGROUP_ZASSOCIATEDPERSON_INDEX ON ZDETECTEDFACEGROUP (ZASSOCIATEDPERSON)
index  ZDETECTEDFACEGROUP_ZKEYFACE_INDEX  table=ZDETECTEDFACEGROUP
  SQL: CREATE INDEX ZDETECTEDFACEGROUP_ZKEYFACE_INDEX ON ZDETECTEDFACEGROUP (ZKEYFACE)
index  ZDETECTEDFACEPRINT_ZFACE_INDEX  table=ZDETECTEDFACEPRINT
  SQL: CREATE INDEX ZDETECTEDFACEPRINT_ZFACE_INDEX ON ZDETECTEDFACEPRINT (ZFACE)
index  ZDETECTEDFACE_ZASSET_INDEX  table=ZDETECTEDFACE
  SQL: CREATE INDEX ZDETECTEDFACE_ZASSET_INDEX ON ZDETECTEDFACE (ZASSET)
index  ZDETECTEDFACE_ZFACECROP_INDEX  table=ZDETECTEDFACE
  SQL: CREATE INDEX ZDETECTEDFACE_ZFACECROP_INDEX ON ZDETECTEDFACE (ZFACECROP)
index  ZDETECTEDFACE_ZFACEGROUPBEINGKEYFACE_INDEX  table=ZDETECTEDFACE
  SQL: CREATE INDEX ZDETECTEDFACE_ZFACEGROUPBEINGKEYFACE_INDEX ON ZDETECTEDFACE (ZFACEGROUPBEINGKEYFACE)
index  ZDETECTEDFACE_ZFACEGROUP_INDEX  table=ZDETECTEDFACE
  SQL: CREATE INDEX ZDETECTEDFACE_ZFACEGROUP_INDEX ON ZDETECTEDFACE (ZFACEGROUP)
index  ZDETECTEDFACE_ZFACEPRINT_INDEX  table=ZDETECTEDFACE
  SQL: CREATE INDEX ZDETECTEDFACE_ZFACEPRINT_INDEX ON ZDETECTEDFACE (ZFACEPRINT)
index  ZDETECTEDFACE_ZPERSONBEINGKEYFACE_INDEX  table=ZDETECTEDFACE
  SQL: CREATE INDEX ZDETECTEDFACE_ZPERSONBEINGKEYFACE_INDEX ON ZDETECTEDFACE (ZPERSONBEINGKEYFACE)
index  ZDETECTEDFACE_ZPERSON_INDEX  table=ZDETECTEDFACE
  SQL: CREATE INDEX ZDETECTEDFACE_ZPERSON_INDEX ON ZDETECTEDFACE (ZPERSON)
index  ZDETECTIONTRAIT_ZDETECTION_INDEX  table=ZDETECTIONTRAIT
  SQL: CREATE INDEX ZDETECTIONTRAIT_ZDETECTION_INDEX ON ZDETECTIONTRAIT (ZDETECTION)
index  ZEDITEDIPTCATTRIBUTES_ZASSETATTRIBUTES_INDEX  table=ZEDITEDIPTCATTRIBUTES
  SQL: CREATE INDEX ZEDITEDIPTCATTRIBUTES_ZASSETATTRIBUTES_INDEX ON ZEDITEDIPTCATTRIBUTES (ZASSETATTRIBUTES)
index  ZEXTENDEDATTRIBUTES_ZASSET_INDEX  table=ZEXTENDEDATTRIBUTES
  SQL: CREATE INDEX ZEXTENDEDATTRIBUTES_ZASSET_INDEX ON ZEXTENDEDATTRIBUTES (ZASSET)
index  ZFACECROP_ZASSET_INDEX  table=ZFACECROP
  SQL: CREATE INDEX ZFACECROP_ZASSET_INDEX ON ZFACECROP (ZASSET)
index  ZFACECROP_ZFACE_INDEX  table=ZFACECROP
  SQL: CREATE INDEX ZFACECROP_ZFACE_INDEX ON ZFACECROP (ZFACE)
index  ZFACECROP_ZPERSON_INDEX  table=ZFACECROP
  SQL: CREATE INDEX ZFACECROP_ZPERSON_INDEX ON ZFACECROP (ZPERSON)
index  ZFILESYSTEMBOOKMARK_ZRESOURCE_INDEX  table=ZFILESYSTEMBOOKMARK
  SQL: CREATE INDEX ZFILESYSTEMBOOKMARK_ZRESOURCE_INDEX ON ZFILESYSTEMBOOKMARK (ZRESOURCE)
index  ZGENERICALBUM_ZCUSTOMKEYASSET_INDEX  table=ZGENERICALBUM
  SQL: CREATE INDEX ZGENERICALBUM_ZCUSTOMKEYASSET_INDEX ON ZGENERICALBUM (ZCUSTOMKEYASSET)
index  ZGENERICALBUM_ZKEYASSET_INDEX  table=ZGENERICALBUM
  SQL: CREATE INDEX ZGENERICALBUM_ZKEYASSET_INDEX ON ZGENERICALBUM (ZKEYASSET)
index  ZGENERICALBUM_ZPARENTFOLDER_INDEX  table=ZGENERICALBUM
  SQL: CREATE INDEX ZGENERICALBUM_ZPARENTFOLDER_INDEX ON ZGENERICALBUM (ZPARENTFOLDER)
index  ZGENERICALBUM_ZSECONDARYKEYASSET_INDEX  table=ZGENERICALBUM
  SQL: CREATE INDEX ZGENERICALBUM_ZSECONDARYKEYASSET_INDEX ON ZGENERICALBUM (ZSECONDARYKEYASSET)
index  ZGENERICALBUM_ZTERTIARYKEYASSET_INDEX  table=ZGENERICALBUM
  SQL: CREATE INDEX ZGENERICALBUM_ZTERTIARYKEYASSET_INDEX ON ZGENERICALBUM (ZTERTIARYKEYASSET)
index  ZGENERICALBUM_Z_ENT_INDEX  table=ZGENERICALBUM
  SQL: CREATE INDEX ZGENERICALBUM_Z_ENT_INDEX ON ZGENERICALBUM (Z_ENT)
index  ZINTERNALRESOURCE_ZASSET_INDEX  table=ZINTERNALRESOURCE
  SQL: CREATE INDEX ZINTERNALRESOURCE_ZASSET_INDEX ON ZINTERNALRESOURCE (ZASSET)
index  ZINTERNALRESOURCE_ZFILESYSTEMBOOKMARK_INDEX  table=ZINTERNALRESOURCE
  SQL: CREATE INDEX ZINTERNALRESOURCE_ZFILESYSTEMBOOKMARK_INDEX ON ZINTERNALRESOURCE (ZFILESYSTEMBOOKMARK)
index  ZINTERNALRESOURCE_ZFILESYSTEMVOLUME_INDEX  table=ZINTERNALRESOURCE
  SQL: CREATE INDEX ZINTERNALRESOURCE_ZFILESYSTEMVOLUME_INDEX ON ZINTERNALRESOURCE (ZFILESYSTEMVOLUME)
index  ZINTERNALRESOURCE_ZTRANSIENTCLOUDMASTER_INDEX  table=ZINTERNALRESOURCE
  SQL: CREATE INDEX ZINTERNALRESOURCE_ZTRANSIENTCLOUDMASTER_INDEX ON ZINTERNALRESOURCE (ZTRANSIENTCLOUDMASTER)
index  ZLEGACYFACE_ZASSET_INDEX  table=ZLEGACYFACE
  SQL: CREATE INDEX ZLEGACYFACE_ZASSET_INDEX ON ZLEGACYFACE (ZASSET)
index  ZMEDIAANALYSISASSETATTRIBUTES_ZASSET_INDEX  table=ZMEDIAANALYSISASSETATTRIBUTES
  SQL: CREATE INDEX ZMEDIAANALYSISASSETATTRIBUTES_ZASSET_INDEX ON ZMEDIAANALYSISASSETATTRIBUTES (ZASSET)
index  ZMEDIAANALYSISASSETATTRIBUTES_ZCHARACTERRECOGNITIONATTRIBUTES_INDEX  table=ZMEDIAANALYSISASSETATTRIBUTES
  SQL: CREATE INDEX ZMEDIAANALYSISASSETATTRIBUTES_ZCHARACTERRECOGNITIONATTRIBUTES_INDEX ON ZMEDIAANALYSISASSETATTRIBUTES (ZCHARACTERRECOGNITIONATTRIBUTES)
index  ZMEDIAANALYSISASSETATTRIBUTES_ZVISUALSEARCHATTRIBUTES_INDEX  table=ZMEDIAANALYSISASSETATTRIBUTES
  SQL: CREATE INDEX ZMEDIAANALYSISASSETATTRIBUTES_ZVISUALSEARCHATTRIBUTES_INDEX ON ZMEDIAANALYSISASSETATTRIBUTES (ZVISUALSEARCHATTRIBUTES)
index  ZMEMORY_ZKEYASSET_INDEX  table=ZMEMORY
  SQL: CREATE INDEX ZMEMORY_ZKEYASSET_INDEX ON ZMEMORY (ZKEYASSET)
index  ZMOMENT_ZHIGHLIGHT_INDEX  table=ZMOMENT
  SQL: CREATE INDEX ZMOMENT_ZHIGHLIGHT_INDEX ON ZMOMENT (ZHIGHLIGHT)
index  ZPERSONREFERENCE_ZASSETATTRIBUTES_INDEX  table=ZPERSONREFERENCE
  SQL: CREATE INDEX ZPERSONREFERENCE_ZASSETATTRIBUTES_INDEX ON ZPERSONREFERENCE (ZASSETATTRIBUTES)
index  ZPERSONREFERENCE_ZPERSON_INDEX  table=ZPERSONREFERENCE
  SQL: CREATE INDEX ZPERSONREFERENCE_ZPERSON_INDEX ON ZPERSONREFERENCE (ZPERSON)
index  ZPERSON_ZASSOCIATEDFACEGROUP_INDEX  table=ZPERSON
  SQL: CREATE INDEX ZPERSON_ZASSOCIATEDFACEGROUP_INDEX ON ZPERSON (ZASSOCIATEDFACEGROUP)
index  ZPERSON_ZKEYFACE_INDEX  table=ZPERSON
  SQL: CREATE INDEX ZPERSON_ZKEYFACE_INDEX ON ZPERSON (ZKEYFACE)
index  ZPERSON_ZMERGETARGETPERSON_INDEX  table=ZPERSON
  SQL: CREATE INDEX ZPERSON_ZMERGETARGETPERSON_INDEX ON ZPERSON (ZMERGETARGETPERSON)
index  ZPHOTOSHIGHLIGHT_ZDAYGROUPKEYASSET_INDEX  table=ZPHOTOSHIGHLIGHT
  SQL: CREATE INDEX ZPHOTOSHIGHLIGHT_ZDAYGROUPKEYASSET_INDEX ON ZPHOTOSHIGHLIGHT (ZDAYGROUPKEYASSET)
index  ZPHOTOSHIGHLIGHT_ZKEYASSET_INDEX  table=ZPHOTOSHIGHLIGHT
  SQL: CREATE INDEX ZPHOTOSHIGHLIGHT_ZKEYASSET_INDEX ON ZPHOTOSHIGHLIGHT (ZKEYASSET)
index  ZPHOTOSHIGHLIGHT_ZMONTHFIRSTASSET_INDEX  table=ZPHOTOSHIGHLIGHT
  SQL: CREATE INDEX ZPHOTOSHIGHLIGHT_ZMONTHFIRSTASSET_INDEX ON ZPHOTOSHIGHLIGHT (ZMONTHFIRSTASSET)
index  ZPHOTOSHIGHLIGHT_ZMONTHKEYASSET_INDEX  table=ZPHOTOSHIGHLIGHT
  SQL: CREATE INDEX ZPHOTOSHIGHLIGHT_ZMONTHKEYASSET_INDEX ON ZPHOTOSHIGHLIGHT (ZMONTHKEYASSET)
index  ZPHOTOSHIGHLIGHT_ZPARENTDAYGROUPPHOTOSHIGHLIGHT_INDEX  table=ZPHOTOSHIGHLIGHT
  SQL: CREATE INDEX ZPHOTOSHIGHLIGHT_ZPARENTDAYGROUPPHOTOSHIGHLIGHT_INDEX ON ZPHOTOSHIGHLIGHT (ZPARENTDAYGROUPPHOTOSHIGHLIGHT)
index  ZPHOTOSHIGHLIGHT_ZPARENTPHOTOSHIGHLIGHT_INDEX  table=ZPHOTOSHIGHLIGHT
  SQL: CREATE INDEX ZPHOTOSHIGHLIGHT_ZPARENTPHOTOSHIGHLIGHT_INDEX ON ZPHOTOSHIGHLIGHT (ZPARENTPHOTOSHIGHLIGHT)
index  ZPHOTOSHIGHLIGHT_ZYEARKEYASSET_INDEX  table=ZPHOTOSHIGHLIGHT
  SQL: CREATE INDEX ZPHOTOSHIGHLIGHT_ZYEARKEYASSET_INDEX ON ZPHOTOSHIGHLIGHT (ZYEARKEYASSET)
index  ZSCENECLASSIFICATION_ZASSETATTRIBUTES_INDEX  table=ZSCENECLASSIFICATION
  SQL: CREATE INDEX ZSCENECLASSIFICATION_ZASSETATTRIBUTES_INDEX ON ZSCENECLASSIFICATION (ZASSETATTRIBUTES)
index  ZSCENEPRINT_ZADDITIONALASSETATTRIBUTES_INDEX  table=ZSCENEPRINT
  SQL: CREATE INDEX ZSCENEPRINT_ZADDITIONALASSETATTRIBUTES_INDEX ON ZSCENEPRINT (ZADDITIONALASSETATTRIBUTES)
index  ZSHAREPARTICIPANT_ZSHARE_INDEX  table=ZSHAREPARTICIPANT
  SQL: CREATE INDEX ZSHAREPARTICIPANT_ZSHARE_INDEX ON ZSHAREPARTICIPANT (ZSHARE)
index  ZSHARE_Z_ENT_INDEX  table=ZSHARE
  SQL: CREATE INDEX ZSHARE_Z_ENT_INDEX ON ZSHARE (Z_ENT)
index  ZUNMANAGEDADJUSTMENT_ZASSETATTRIBUTES_INDEX  table=ZUNMANAGEDADJUSTMENT
  SQL: CREATE INDEX ZUNMANAGEDADJUSTMENT_ZASSETATTRIBUTES_INDEX ON ZUNMANAGEDADJUSTMENT (ZASSETATTRIBUTES)
index  ZUSERFEEDBACK_ZMEMORY_INDEX  table=ZUSERFEEDBACK
  SQL: CREATE INDEX ZUSERFEEDBACK_ZMEMORY_INDEX ON ZUSERFEEDBACK (ZMEMORY)
index  ZUSERFEEDBACK_ZPERSON_INDEX  table=ZUSERFEEDBACK
  SQL: CREATE INDEX ZUSERFEEDBACK_ZPERSON_INDEX ON ZUSERFEEDBACK (ZPERSON)
index  ZVISUALSEARCHATTRIBUTES_ZMEDIAANALYSISASSETATTRIBUTES_INDEX  table=ZVISUALSEARCHATTRIBUTES
  SQL: CREATE INDEX ZVISUALSEARCHATTRIBUTES_ZMEDIAANALYSISASSETATTRIBUTES_INDEX ON ZVISUALSEARCHATTRIBUTES (ZMEDIAANALYSISASSETATTRIBUTES)
index  Z_17CLUSTERREJECTEDPERSONS_Z_45CLUSTERREJECTEDPERSONS_INDEX  table=Z_17CLUSTERREJECTEDPERSONS
  SQL: CREATE INDEX Z_17CLUSTERREJECTEDPERSONS_Z_45CLUSTERREJECTEDPERSONS_INDEX ON Z_17CLUSTERREJECTEDPERSONS (Z_45CLUSTERREJECTEDPERSONS, Z_17CLUSTERREJECTEDFACES)
index  Z_17REJECTEDPERSONSNEEDINGFACECROPS_Z_45REJECTEDPERSONSNEEDINGFACECROPS_INDEX  table=Z_17REJECTEDPERSONSNEEDINGFACECROPS
  SQL: CREATE INDEX Z_17REJECTEDPERSONSNEEDINGFACECROPS_Z_45REJECTEDPERSONSNEEDINGFACECROPS_INDEX ON Z_17REJECTEDPERSONSNEEDINGFACECROPS (Z_45REJECTEDPERSONSNEEDINGFACECROPS, Z_17REJECTEDFACESNEEDINGFACECROPS)
index  Z_17REJECTEDPERSONS_Z_45REJECTEDPERSONS_INDEX  table=Z_17REJECTEDPERSONS
  SQL: CREATE INDEX Z_17REJECTEDPERSONS_Z_45REJECTEDPERSONS_INDEX ON Z_17REJECTEDPERSONS (Z_45REJECTEDPERSONS, Z_17REJECTEDFACES)
index  Z_1KEYWORDS_Z_38KEYWORDS_INDEX  table=Z_1KEYWORDS
  SQL: CREATE INDEX Z_1KEYWORDS_Z_38KEYWORDS_INDEX ON Z_1KEYWORDS (Z_38KEYWORDS, Z_1ASSETATTRIBUTES)
index  Z_26ALBUMLISTS_Z_2ALBUMLISTS_INDEX  table=Z_26ALBUMLISTS
  SQL: CREATE INDEX Z_26ALBUMLISTS_Z_2ALBUMLISTS_INDEX ON Z_26ALBUMLISTS (Z_2ALBUMLISTS, Z_26ALBUMS)
index  Z_27ASSETS_Z_3ASSETS_INDEX  table=Z_27ASSETS
  SQL: CREATE INDEX Z_27ASSETS_Z_3ASSETS_INDEX ON Z_27ASSETS (Z_3ASSETS, Z_27ALBUMS)
index  Z_3MEMORIESBEINGCURATEDASSETS_Z_42MEMORIESBEINGCURATEDASSETS_INDEX  table=Z_3MEMORIESBEINGCURATEDASSETS
  SQL: CREATE INDEX Z_3MEMORIESBEINGCURATEDASSETS_Z_42MEMORIESBEINGCURATEDASSETS_INDEX ON Z_3MEMORIESBEINGCURATEDASSETS (Z_42MEMORIESBEINGCURATEDASSETS, Z_3CURATEDASSETS)
index  Z_3MEMORIESBEINGEXTENDEDCURATEDASSETS_Z_42MEMORIESBEINGEXTENDEDCURATEDASSETS_INDEX  table=Z_3MEMORIESBEINGEXTENDEDCURATEDASSETS
  SQL: CREATE INDEX Z_3MEMORIESBEINGEXTENDEDCURATEDASSETS_Z_42MEMORIESBEINGEXTENDEDCURATEDASSETS_INDEX ON Z_3MEMORIESBEINGEXTENDEDCURATEDASSETS (Z_42MEMORIESBEINGEXTENDEDCURATEDASSETS, Z_3EXTENDEDCURATEDASSETS)
index  Z_3MEMORIESBEINGMOVIECURATEDASSETS_Z_42MEMORIESBEINGMOVIECURATEDASSETS_INDEX  table=Z_3MEMORIESBEINGMOVIECURATEDASSETS
  SQL: CREATE INDEX Z_3MEMORIESBEINGMOVIECURATEDASSETS_Z_42MEMORIESBEINGMOVIECURATEDASSETS_INDEX ON Z_3MEMORIESBEINGMOVIECURATEDASSETS (Z_42MEMORIESBEINGMOVIECURATEDASSETS, Z_3MOVIECURATEDASSETS)
index  Z_3MEMORIESBEINGREPRESENTATIVEASSETS_Z_42MEMORIESBEINGREPRESENTATIVEASSETS_INDEX  table=Z_3MEMORIESBEINGREPRESENTATIVEASSETS
  SQL: CREATE INDEX Z_3MEMORIESBEINGREPRESENTATIVEASSETS_Z_42MEMORIESBEINGREPRESENTATIVEASSETS_INDEX ON Z_3MEMORIESBEINGREPRESENTATIVEASSETS (Z_42MEMORIESBEINGREPRESENTATIVEASSETS, Z_3REPRESENTATIVEASSETS)
index  Z_3MEMORIESBEINGUSERCURATEDASSETS_Z_42MEMORIESBEINGUSERCURATEDASSETS_INDEX  table=Z_3MEMORIESBEINGUSERCURATEDASSETS
  SQL: CREATE INDEX Z_3MEMORIESBEINGUSERCURATEDASSETS_Z_42MEMORIESBEINGUSERCURATEDASSETS_INDEX ON Z_3MEMORIESBEINGUSERCURATEDASSETS (Z_42MEMORIESBEINGUSERCURATEDASSETS, Z_3USERCURATEDASSETS)
index  Z_3SUGGESTIONSBEINGKEYASSETS_Z_55SUGGESTIONSBEINGKEYASSETS_INDEX  table=Z_3SUGGESTIONSBEINGKEYASSETS
  SQL: CREATE INDEX Z_3SUGGESTIONSBEINGKEYASSETS_Z_55SUGGESTIONSBEINGKEYASSETS_INDEX ON Z_3SUGGESTIONSBEINGKEYASSETS (Z_55SUGGESTIONSBEINGKEYASSETS, Z_3KEYASSETS)
index  Z_3SUGGESTIONSBEINGREPRESENTATIVEASSETS_Z_55SUGGESTIONSBEINGREPRESENTATIVEASSETS_INDEX  table=Z_3SUGGESTIONSBEINGREPRESENTATIVEASSETS
  SQL: CREATE INDEX Z_3SUGGESTIONSBEINGREPRESENTATIVEASSETS_Z_55SUGGESTIONSBEINGREPRESENTATIVEASSETS_INDEX ON Z_3SUGGESTIONSBEINGREPRESENTATIVEASSETS (Z_55SUGGESTIONSBEINGREPRESENTATIVEASSETS, Z_3REPRESENTATIVEASSETS1)
index  Z_45INVALIDMERGECANDIDATES_REFLEXIVE_INDEX  table=Z_45INVALIDMERGECANDIDATES
  SQL: CREATE INDEX Z_45INVALIDMERGECANDIDATES_REFLEXIVE_INDEX ON Z_45INVALIDMERGECANDIDATES (REFLEXIVE, Z_45INVALIDMERGECANDIDATES)
index  Z_45MERGECANDIDATES_REFLEXIVE_INDEX  table=Z_45MERGECANDIDATES
  SQL: CREATE INDEX Z_45MERGECANDIDATES_REFLEXIVE_INDEX ON Z_45MERGECANDIDATES (REFLEXIVE, Z_45MERGECANDIDATES)
index  Z_AdditionalAssetAttributes_byAdjustedFingerPrintIndex  table=ZADDITIONALASSETATTRIBUTES
  SQL: CREATE INDEX Z_AdditionalAssetAttributes_byAdjustedFingerPrintIndex ON ZADDITIONALASSETATTRIBUTES (ZADJUSTEDFINGERPRINT COLLATE BINARY ASC)
index  Z_AdditionalAssetAttributes_byAllowedForAnalysisIndex  table=ZADDITIONALASSETATTRIBUTES
  SQL: CREATE INDEX Z_AdditionalAssetAttributes_byAllowedForAnalysisIndex ON ZADDITIONALASSETATTRIBUTES (ZALLOWEDFORANALYSIS COLLATE BINARY ASC)
index  Z_AdditionalAssetAttributes_byCameraCaptureDeviceIndex  table=ZADDITIONALASSETATTRIBUTES
  SQL: CREATE INDEX Z_AdditionalAssetAttributes_byCameraCaptureDeviceIndex ON ZADDITIONALASSETATTRIBUTES (ZCAMERACAPTUREDEVICE COLLATE BINARY ASC)
index  Z_AdditionalAssetAttributes_byImportedByBundleIdentifierIndex  table=ZADDITIONALASSETATTRIBUTES
  SQL: CREATE INDEX Z_AdditionalAssetAttributes_byImportedByBundleIdentifierIndex ON ZADDITIONALASSETATTRIBUTES (ZIMPORTEDBYBUNDLEIDENTIFIER COLLATE BINARY ASC)
index  Z_AdditionalAssetAttributes_byLocationHashIndex  table=ZADDITIONALASSETATTRIBUTES
  SQL: CREATE INDEX Z_AdditionalAssetAttributes_byLocationHashIndex ON ZADDITIONALASSETATTRIBUTES (ZLOCATIONHASH COLLATE BINARY ASC)
index  Z_AdditionalAssetAttributes_byMasterFingerPrintIndex  table=ZADDITIONALASSETATTRIBUTES
  SQL: CREATE INDEX Z_AdditionalAssetAttributes_byMasterFingerPrintIndex ON ZADDITIONALASSETATTRIBUTES (ZMASTERFINGERPRINT COLLATE BINARY ASC)
index  Z_AdditionalAssetAttributes_byOriginalAssetsUUIDIndex  table=ZADDITIONALASSETATTRIBUTES
  SQL: CREATE INDEX Z_AdditionalAssetAttributes_byOriginalAssetsUUIDIndex ON ZADDITIONALASSETATTRIBUTES (ZORIGINALASSETSUUID COLLATE BINARY ASC)
index  Z_AdditionalAssetAttributes_byOriginalFileSize  table=ZADDITIONALASSETATTRIBUTES
  SQL: CREATE INDEX Z_AdditionalAssetAttributes_byOriginalFileSize ON ZADDITIONALASSETATTRIBUTES (ZORIGINALFILESIZE COLLATE BINARY ASC)
index  Z_AdditionalAssetAttributes_byOriginalHashIndex  table=ZADDITIONALASSETATTRIBUTES
  SQL: CREATE INDEX Z_AdditionalAssetAttributes_byOriginalHashIndex ON ZADDITIONALASSETATTRIBUTES (ZORIGINALHASH COLLATE BINARY ASC)
index  Z_AdditionalAssetAttributes_byPublicGlobalUUIDIndex  table=ZADDITIONALASSETATTRIBUTES
  SQL: CREATE INDEX Z_AdditionalAssetAttributes_byPublicGlobalUUIDIndex ON ZADDITIONALASSETATTRIBUTES (ZPUBLICGLOBALUUID COLLATE BINARY ASC)
index  Z_AdditionalAssetAttributes_byReverseLocationDataIsValidIndex  table=ZADDITIONALASSETATTRIBUTES
  SQL: CREATE INDEX Z_AdditionalAssetAttributes_byReverseLocationDataIsValidIndex ON ZADDITIONALASSETATTRIBUTES (ZREVERSELOCATIONDATAISVALID COLLATE BINARY ASC)
index  Z_AdditionalAssetAttributes_byShiftedLocationIsValidIndex  table=ZADDITIONALASSETATTRIBUTES
  SQL: CREATE INDEX Z_AdditionalAssetAttributes_byShiftedLocationIsValidIndex ON ZADDITIONALASSETATTRIBUTES (ZSHIFTEDLOCATIONISVALID COLLATE BINARY ASC)
index  Z_AdditionalAssetAttributes_bySyndicationIdentifierIndex  table=ZADDITIONALASSETATTRIBUTES
  SQL: CREATE INDEX Z_AdditionalAssetAttributes_bySyndicationIdentifierIndex ON ZADDITIONALASSETATTRIBUTES (ZSYNDICATIONIDENTIFIER COLLATE BINARY ASC) WHERE ZSYNDICATIONIDENTIFIER IS NOT NULL
index  Z_AdditionalAssetAttributes_byUploadAttemptsIndex  table=ZADDITIONALASSETATTRIBUTES
  SQL: CREATE INDEX Z_AdditionalAssetAttributes_byUploadAttemptsIndex ON ZADDITIONALASSETATTRIBUTES (ZUPLOADATTEMPTS COLLATE BINARY ASC)
index  Z_AlbumList_byIdentifierIndex  table=ZALBUMLIST
  SQL: CREATE INDEX Z_AlbumList_byIdentifierIndex ON ZALBUMLIST (ZIDENTIFIER COLLATE BINARY ASC)
index  Z_AlbumList_byUuidIndex  table=ZALBUMLIST
  SQL: CREATE INDEX Z_AlbumList_byUuidIndex ON ZALBUMLIST (ZUUID COLLATE BINARY ASC)
index  Z_AssetAnalysisState_bySortTokenIndex  table=ZASSETANALYSISSTATE
  SQL: CREATE INDEX Z_AssetAnalysisState_bySortTokenIndex ON ZASSETANALYSISSTATE (ZSORTTOKEN COLLATE BINARY ASC)
index  Z_AssetAnalysisState_byWorkerTypeIndex  table=ZASSETANALYSISSTATE
  SQL: CREATE INDEX Z_AssetAnalysisState_byWorkerTypeIndex ON ZASSETANALYSISSTATE (ZWORKERTYPE COLLATE BINARY ASC)
index  Z_AssetAnalysisState_compoundIndex  table=ZASSETANALYSISSTATE
  SQL: CREATE INDEX Z_AssetAnalysisState_compoundIndex ON ZASSETANALYSISSTATE (ZWORKERTYPE COLLATE BINARY ASC, ZSORTTOKEN COLLATE BINARY ASC)
index  Z_AssetAnalysisState_compoundIndex1  table=ZASSETANALYSISSTATE
  SQL: CREATE INDEX Z_AssetAnalysisState_compoundIndex1 ON ZASSETANALYSISSTATE (ZANALYSISSTATE COLLATE BINARY ASC, ZWORKERTYPE COLLATE BINARY ASC, ZASSET COLLATE BINARY ASC)
index  Z_Asset_byAddedDateIndex  table=ZASSET
  SQL: CREATE INDEX Z_Asset_byAddedDateIndex ON ZASSET (ZADDEDDATE COLLATE BINARY ASC)
index  Z_Asset_byAvalanchePickTypeIndex  table=ZASSET
  SQL: CREATE INDEX Z_Asset_byAvalanchePickTypeIndex ON ZASSET (ZAVALANCHEPICKTYPE COLLATE BINARY ASC)
index  Z_Asset_byAvalancheUUIDIndex  table=ZASSET
  SQL: CREATE INDEX Z_Asset_byAvalancheUUIDIndex ON ZASSET (ZAVALANCHEUUID COLLATE BINARY ASC)
index  Z_Asset_byCloudAssetGUIDIndex  table=ZASSET
  SQL: CREATE INDEX Z_Asset_byCloudAssetGUIDIndex ON ZASSET (ZCLOUDASSETGUID COLLATE BINARY ASC)
index  Z_Asset_byCloudPlaceholderKindIndex  table=ZASSET
  SQL: CREATE INDEX Z_Asset_byCloudPlaceholderKindIndex ON ZASSET (ZCLOUDPLACEHOLDERKIND COLLATE BINARY ASC)
index  Z_Asset_byCompleteIndex  table=ZASSET
  SQL: CREATE INDEX Z_Asset_byCompleteIndex ON ZASSET (ZCOMPLETE COLLATE BINARY ASC)
index  Z_Asset_byCustomRenderedValueIndex  table=ZASSET
  SQL: CREATE INDEX Z_Asset_byCustomRenderedValueIndex ON ZASSET (ZHDRTYPE COLLATE BINARY ASC)
index  Z_Asset_byDateCreatedIndex  table=ZASSET
  SQL: CREATE INDEX Z_Asset_byDateCreatedIndex ON ZASSET (ZDATECREATED COLLATE BINARY ASC)
index  Z_Asset_byFavoriteIndex  table=ZASSET
  SQL: CREATE INDEX Z_Asset_byFavoriteIndex ON ZASSET (ZFAVORITE COLLATE BINARY ASC)
index  Z_Asset_byKindIndex  table=ZASSET
  SQL: CREATE INDEX Z_Asset_byKindIndex ON ZASSET (ZKIND COLLATE BINARY ASC)
index  Z_Asset_byLastSharedDateIndex  table=ZASSET
  SQL: CREATE INDEX Z_Asset_byLastSharedDateIndex ON ZASSET (ZLASTSHAREDDATE COLLATE BINARY ASC)
index  Z_Asset_byMediaGroupUUIDIndex  table=ZASSET
  SQL: CREATE INDEX Z_Asset_byMediaGroupUUIDIndex ON ZASSET (ZMEDIAGROUPUUID COLLATE BINARY ASC)
index  Z_Asset_byMonthHighlightBeingFirstAsset  table=ZASSET
  SQL: CREATE INDEX Z_Asset_byMonthHighlightBeingFirstAsset ON ZASSET (ZDATECREATED COLLATE BINARY ASC, ZMONTHHIGHLIGHTBEINGFIRSTASSET COLLATE BINARY ASC) WHERE ZMONTHHIGHLIGHTBEINGFIRSTASSET IS NOT NULL
index  Z_Asset_byPlaybackStyleIndex  table=ZASSET
  SQL: CREATE INDEX Z_Asset_byPlaybackStyleIndex ON ZASSET (ZPLAYBACKSTYLE COLLATE BINARY ASC)
index  Z_Asset_byPlaybackVariationIndex  table=ZASSET
  SQL: CREATE INDEX Z_Asset_byPlaybackVariationIndex ON ZASSET (ZPLAYBACKVARIATION COLLATE BINARY ASC)
index  Z_Asset_bySavedAssetTypeIndex  table=ZASSET
  SQL: CREATE INDEX Z_Asset_bySavedAssetTypeIndex ON ZASSET (ZSAVEDASSETTYPE COLLATE BINARY ASC)
index  Z_Asset_bySortTokenIndex  table=ZASSET
  SQL: CREATE INDEX Z_Asset_bySortTokenIndex ON ZASSET (ZSORTTOKEN COLLATE BINARY ASC)
index  Z_Asset_byThumbnailIndexIndex  table=ZASSET
  SQL: CREATE INDEX Z_Asset_byThumbnailIndexIndex ON ZASSET (ZTHUMBNAILINDEX COLLATE BINARY ASC)
index  Z_Asset_byUniformTypeIdentifierIndex  table=ZASSET
  SQL: CREATE INDEX Z_Asset_byUniformTypeIdentifierIndex ON ZASSET (ZUNIFORMTYPEIDENTIFIER COLLATE BINARY ASC)
index  Z_Asset_byUuidIndex  table=ZASSET
  SQL: CREATE INDEX Z_Asset_byUuidIndex ON ZASSET (ZUUID COLLATE BINARY ASC)
index  Z_Asset_byVisibilityStateIndex  table=ZASSET
  SQL: CREATE INDEX Z_Asset_byVisibilityStateIndex ON ZASSET (ZVISIBILITYSTATE COLLATE BINARY ASC)
index  Z_Asset_compoundIndex1  table=ZASSET
  SQL: CREATE INDEX Z_Asset_compoundIndex1 ON ZASSET (ZCLOUDASSETGUID COLLATE BINARY ASC, ZSAVEDASSETTYPE COLLATE BINARY ASC)
index  Z_Asset_compoundIndex14  table=ZASSET
  SQL: CREATE INDEX Z_Asset_compoundIndex14 ON ZASSET (ZSAVEDASSETTYPE COLLATE BINARY ASC, ZCLOUDPLACEHOLDERKIND COLLATE BINARY ASC, ZCLOUDSERVERPUBLISHDATE COLLATE BINARY ASC, ZCLOUDBATCHPUBLISHDATE COLLATE BINARY ASC, ZDATECREATED COLLATE BINARY ASC)
index  Z_Asset_compoundIndex15  table=ZASSET
  SQL: CREATE INDEX Z_Asset_compoundIndex15 ON ZASSET (ZSAVEDASSETTYPE COLLATE BINARY ASC, ZVISIBILITYSTATE COLLATE BINARY ASC, ZHIDDEN COLLATE BINARY ASC, ZTRASHEDSTATE COLLATE BINARY ASC, ZLOCATIONDATA COLLATE BINARY ASC)
index  Z_Asset_compoundIndex16  table=ZASSET
  SQL: CREATE INDEX Z_Asset_compoundIndex16 ON ZASSET (ZIMPORTSESSION COLLATE BINARY ASC, ZSAVEDASSETTYPE COLLATE BINARY ASC, ZVISIBILITYSTATE COLLATE BINARY ASC, ZHIDDEN COLLATE BINARY ASC, ZTRASHEDSTATE COLLATE BINARY ASC, ZAVALANCHEPICKTYPE COLLATE BINARY ASC)
index  Z_Asset_compoundIndex17  table=ZASSET
  SQL: CREATE INDEX Z_Asset_compoundIndex17 ON ZASSET (ZCLOUDHASUNSEENCOMMENTS COLLATE BINARY ASC, ZSAVEDASSETTYPE COLLATE BINARY ASC)
index  Z_Asset_compoundIndex19  table=ZASSET
  SQL: CREATE INDEX Z_Asset_compoundIndex19 ON ZASSET (ZDEFERREDPROCESSINGNEEDED COLLATE BINARY ASC, ZKIND COLLATE BINARY ASC)
index  Z_Asset_compoundIndex2  table=ZASSET
  SQL: CREATE INDEX Z_Asset_compoundIndex2 ON ZASSET (ZDIRECTORY COLLATE BINARY ASC, ZFILENAME COLLATE BINARY ASC)
index  Z_Asset_compoundIndex3  table=ZASSET
  SQL: CREATE INDEX Z_Asset_compoundIndex3 ON ZASSET (ZCLOUDLOCALSTATE COLLATE BINARY ASC, ZDATECREATED COLLATE BINARY ASC)
index  Z_Asset_compoundIndex4  table=ZASSET
  SQL: CREATE INDEX Z_Asset_compoundIndex4 ON ZASSET (ZHIDDEN COLLATE BINARY ASC, ZVISIBILITYSTATE COLLATE BINARY ASC)
index  Z_Asset_compoundIndex5  table=ZASSET
  SQL: CREATE INDEX Z_Asset_compoundIndex5 ON ZASSET (ZTRASHEDSTATE COLLATE BINARY ASC, ZTRASHEDDATE COLLATE BINARY ASC)
index  Z_Asset_compoundIndex6  table=ZASSET
  SQL: CREATE INDEX Z_Asset_compoundIndex6 ON ZASSET (ZADDEDDATE COLLATE BINARY ASC, ZSORTTOKEN COLLATE BINARY ASC)
index  Z_Asset_compoundIndex7  table=ZASSET
  SQL: CREATE INDEX Z_Asset_compoundIndex7 ON ZASSET (ZADDEDDATE COLLATE BINARY ASC, ZSORTTOKEN COLLATE BINARY ASC, ZKIND COLLATE BINARY ASC, ZSAVEDASSETTYPE COLLATE BINARY ASC, ZVISIBILITYSTATE COLLATE BINARY ASC, ZTRASHEDSTATE COLLATE BINARY ASC, ZHIDDEN COLLATE BINARY ASC, ZAVALANCHEPICKTYPE COLLATE BINARY ASC, ZCOMPLETE COLLATE BINARY ASC)
index  Z_Asset_compoundIndex8  table=ZASSET
  SQL: CREATE INDEX Z_Asset_compoundIndex8 ON ZASSET (ZTRASHEDSTATE COLLATE BINARY ASC, ZCLOUDLOCALSTATE COLLATE BINARY ASC, ZSAVEDASSETTYPE COLLATE BINARY ASC)
index  Z_Asset_compoundIndex9  table=ZASSET
  SQL: CREATE INDEX Z_Asset_compoundIndex9 ON ZASSET (ZKIND COLLATE BINARY ASC, ZTRASHEDSTATE COLLATE BINARY ASC, ZCLOUDLOCALSTATE COLLATE BINARY ASC, ZSAVEDASSETTYPE COLLATE BINARY ASC)
index  Z_Asset_forAllPhotos  table=ZASSET
  SQL: CREATE INDEX Z_Asset_forAllPhotos ON ZASSET (ZDATECREATED COLLATE BINARY ASC, ZADDEDDATE COLLATE BINARY ASC, Z_PK COLLATE BINARY ASC, ZSAVEDASSETTYPE COLLATE BINARY ASC, ZVISIBILITYSTATE COLLATE BINARY ASC, ZTRASHEDSTATE COLLATE BINARY ASC, ZHIDDEN COLLATE BINARY ASC, ZAVALANCHEPICKTYPE COLLATE BINARY ASC, ZKIND COLLATE BINARY ASC, ZKINDSUBTYPE COLLATE BINARY ASC, ZPLAYBACKSTYLE COLLATE BINARY ASC)
index  Z_Asset_forAllPhotosDays  table=ZASSET
  SQL: CREATE INDEX Z_Asset_forAllPhotosDays ON ZASSET (ZHIGHLIGHTBEINGEXTENDEDASSETS COLLATE BINARY ASC, ZDATECREATED COLLATE BINARY ASC) WHERE ZHIGHLIGHTBEINGEXTENDEDASSETS IS NOT NULL
index  Z_Asset_forAllPhotosFilteredWithAdjustments  table=ZASSET
  SQL: CREATE INDEX Z_Asset_forAllPhotosFilteredWithAdjustments ON ZASSET (ZHASADJUSTMENTS COLLATE BINARY ASC, ZDATECREATED COLLATE BINARY ASC, ZADDEDDATE COLLATE BINARY ASC, Z_PK COLLATE BINARY ASC, ZSAVEDASSETTYPE COLLATE BINARY ASC, ZVISIBILITYSTATE COLLATE BINARY ASC, ZTRASHEDSTATE COLLATE BINARY ASC, ZHIDDEN COLLATE BINARY ASC, ZAVALANCHEPICKTYPE COLLATE BINARY ASC, ZKIND COLLATE BINARY ASC) WHERE ZHASADJUSTMENTS = 1
index  Z_Asset_forFavoritesAlbum  table=ZASSET
  SQL: CREATE INDEX Z_Asset_forFavoritesAlbum ON ZASSET (ZFAVORITE COLLATE BINARY ASC, ZDATECREATED COLLATE BINARY ASC, ZADDEDDATE COLLATE BINARY ASC, Z_PK COLLATE BINARY ASC, ZVISIBILITYSTATE COLLATE BINARY ASC, ZCOMPLETE COLLATE BINARY ASC, ZTRASHEDSTATE COLLATE BINARY ASC, ZHIDDEN COLLATE BINARY ASC, ZSAVEDASSETTYPE COLLATE BINARY ASC, ZAVALANCHEPICKTYPE COLLATE BINARY ASC) WHERE ZFAVORITE = 1
index  Z_Asset_forKindSubtypeAlbums  table=ZASSET
  SQL: CREATE INDEX Z_Asset_forKindSubtypeAlbums ON ZASSET (ZKINDSUBTYPE COLLATE BINARY ASC, ZDATECREATED COLLATE BINARY ASC, ZADDEDDATE COLLATE BINARY ASC, Z_PK COLLATE BINARY ASC, ZSAVEDASSETTYPE COLLATE BINARY ASC, ZVISIBILITYSTATE COLLATE BINARY ASC, ZTRASHEDSTATE COLLATE BINARY ASC, ZHIDDEN COLLATE BINARY ASC, ZAVALANCHEPICKTYPE COLLATE BINARY ASC, ZKIND COLLATE BINARY ASC, ZPLAYBACKSTYLE COLLATE BINARY ASC, ZCOMPLETE COLLATE BINARY ASC) WHERE ZKINDSUBTYPE <> 0
index  Z_Asset_forMagicCarpetAlbum  table=ZASSET
  SQL: CREATE INDEX Z_Asset_forMagicCarpetAlbum ON ZASSET (ZDATECREATED COLLATE BINARY ASC, ZADDEDDATE COLLATE BINARY ASC, Z_PK COLLATE BINARY ASC, ZSAVEDASSETTYPE COLLATE BINARY ASC, ZVISIBILITYSTATE COLLATE BINARY ASC, ZTRASHEDSTATE COLLATE BINARY ASC, ZISMAGICCARPET COLLATE BINARY ASC, ZHIDDEN COLLATE BINARY ASC, ZAVALANCHEPICKTYPE COLLATE BINARY ASC, ZCOMPLETE COLLATE BINARY ASC) WHERE ZISMAGICCARPET = 1
index  Z_Asset_forPlacesAlbum  table=ZASSET
  SQL: CREATE INDEX Z_Asset_forPlacesAlbum ON ZASSET (ZLATITUDE COLLATE BINARY ASC, ZLONGITUDE COLLATE BINARY ASC, ZTRASHEDSTATE COLLATE BINARY ASC, ZHIDDEN COLLATE BINARY ASC, ZAVALANCHEPICKTYPE COLLATE BINARY ASC, ZSAVEDASSETTYPE COLLATE BINARY ASC, ZVISIBILITYSTATE COLLATE BINARY ASC)
index  Z_Asset_forPortraitAlbum  table=ZASSET
  SQL: CREATE INDEX Z_Asset_forPortraitAlbum ON ZASSET (ZDEPTHTYPE COLLATE BINARY ASC, ZDATECREATED COLLATE BINARY ASC, ZADDEDDATE COLLATE BINARY ASC, Z_PK COLLATE BINARY ASC, ZSAVEDASSETTYPE COLLATE BINARY ASC, ZVISIBILITYSTATE COLLATE BINARY ASC, ZTRASHEDSTATE COLLATE BINARY ASC, ZHIDDEN COLLATE BINARY ASC, ZAVALANCHEPICKTYPE COLLATE BINARY ASC, ZCOMPLETE COLLATE BINARY ASC) WHERE ZDEPTHTYPE <> 0
index  Z_Asset_forRAWAlbum  table=ZASSET
  SQL: CREATE INDEX Z_Asset_forRAWAlbum ON ZASSET (ZDATECREATED COLLATE BINARY ASC, ZADDEDDATE COLLATE BINARY ASC, Z_PK COLLATE BINARY ASC, ZPACKEDBADGEATTRIBUTES COLLATE BINARY ASC, ZSAVEDASSETTYPE COLLATE BINARY ASC, ZVISIBILITYSTATE COLLATE BINARY ASC, ZTRASHEDSTATE COLLATE BINARY ASC, ZHIDDEN COLLATE BINARY ASC, ZAVALANCHEPICKTYPE COLLATE BINARY ASC, ZKIND COLLATE BINARY ASC, ZKINDSUBTYPE COLLATE BINARY ASC, ZPLAYBACKSTYLE COLLATE BINARY ASC, ZCOMPLETE COLLATE BINARY ASC) WHERE ZPACKEDBADGEATTRIBUTES > 1
index  Z_Asset_forSelfiesAlbum  table=ZASSET
  SQL: CREATE INDEX Z_Asset_forSelfiesAlbum ON ZASSET (ZDERIVEDCAMERACAPTUREDEVICE COLLATE BINARY ASC, ZDATECREATED COLLATE BINARY ASC, ZADDEDDATE COLLATE BINARY ASC, Z_PK COLLATE BINARY ASC, ZSAVEDASSETTYPE COLLATE BINARY ASC, ZVISIBILITYSTATE COLLATE BINARY ASC, ZTRASHEDSTATE COLLATE BINARY ASC, ZHIDDEN COLLATE BINARY ASC, ZAVALANCHEPICKTYPE COLLATE BINARY ASC, ZCOMPLETE COLLATE BINARY ASC) WHERE ZDERIVEDCAMERACAPTUREDEVICE = 1
index  Z_Asset_forThumbnailAsset  table=ZASSET
  SQL: CREATE INDEX Z_Asset_forThumbnailAsset ON ZASSET (ZTHUMBNAILINDEX COLLATE BINARY ASC, ZCOMPLETE COLLATE BINARY ASC, ZCLOUDPLACEHOLDERKIND COLLATE BINARY ASC)
index  Z_Asset_forUnableToUploadAlbum  table=ZASSET
  SQL: CREATE INDEX Z_Asset_forUnableToUploadAlbum ON ZASSET (ZCLOUDLOCALSTATE COLLATE BINARY ASC, ZDATECREATED COLLATE BINARY ASC, ZADDEDDATE COLLATE BINARY ASC, Z_PK COLLATE BINARY ASC, ZSAVEDASSETTYPE COLLATE BINARY ASC, ZVISIBILITYSTATE COLLATE BINARY ASC, ZTRASHEDSTATE COLLATE BINARY ASC, ZHIDDEN COLLATE BINARY ASC, ZAVALANCHEPICKTYPE COLLATE BINARY ASC, ZCOMPLETE COLLATE BINARY ASC) WHERE (ZCLOUDLOCALSTATE = 2 OR ZCLOUDLOCALSTATE = 4)
index  Z_Asset_forVideosAlbum  table=ZASSET
  SQL: CREATE INDEX Z_Asset_forVideosAlbum ON ZASSET (ZPLAYBACKSTYLE COLLATE BINARY ASC, ZDATECREATED COLLATE BINARY ASC, ZADDEDDATE COLLATE BINARY ASC, Z_PK COLLATE BINARY ASC, ZSAVEDASSETTYPE COLLATE BINARY ASC, ZVISIBILITYSTATE COLLATE BINARY ASC, ZTRASHEDSTATE COLLATE BINARY ASC, ZHIDDEN COLLATE BINARY ASC, ZAVALANCHEPICKTYPE COLLATE BINARY ASC, ZKIND COLLATE BINARY ASC, ZCOMPLETE COLLATE BINARY ASC) WHERE ZPLAYBACKSTYLE = 4
index  Z_CloudFeedEntry_byEntryDateIndex  table=ZCLOUDFEEDENTRY
  SQL: CREATE INDEX Z_CloudFeedEntry_byEntryDateIndex ON ZCLOUDFEEDENTRY (ZENTRYDATE COLLATE BINARY ASC)
index  Z_CloudFeedEntry_byEntryTypeNumberIndex  table=ZCLOUDFEEDENTRY
  SQL: CREATE INDEX Z_CloudFeedEntry_byEntryTypeNumberIndex ON ZCLOUDFEEDENTRY (ZENTRYTYPENUMBER COLLATE BINARY ASC)
index  Z_CloudFeedEntry_compoundIndex  table=ZCLOUDFEEDENTRY
  SQL: CREATE INDEX Z_CloudFeedEntry_compoundIndex ON ZCLOUDFEEDENTRY (ZENTRYDATE COLLATE BINARY ASC, ZENTRYPRIORITYNUMBER COLLATE BINARY ASC, ZENTRYTYPENUMBER COLLATE BINARY ASC)
index  Z_CloudFeedEntry_compoundIndex1  table=ZCLOUDFEEDENTRY
  SQL: CREATE INDEX Z_CloudFeedEntry_compoundIndex1 ON ZCLOUDFEEDENTRY (Z_ENT COLLATE BINARY ASC, ZENTRYDATE COLLATE BINARY ASC)
index  Z_CloudMaster_byCloudLocalStateIndex  table=ZCLOUDMASTER
  SQL: CREATE INDEX Z_CloudMaster_byCloudLocalStateIndex ON ZCLOUDMASTER (ZCLOUDLOCALSTATE COLLATE BINARY ASC)
index  Z_CloudMaster_byCloudMasterGUIDIndex  table=ZCLOUDMASTER
  SQL: CREATE INDEX Z_CloudMaster_byCloudMasterGUIDIndex ON ZCLOUDMASTER (ZCLOUDMASTERGUID COLLATE BINARY ASC)
index  Z_CloudResource_byAssetUuidIndex  table=ZCLOUDRESOURCE
  SQL: CREATE INDEX Z_CloudResource_byAssetUuidIndex ON ZCLOUDRESOURCE (ZASSETUUID COLLATE BINARY ASC)
index  Z_CloudResource_byDateCreatedIndex  table=ZCLOUDRESOURCE
  SQL: CREATE INDEX Z_CloudResource_byDateCreatedIndex ON ZCLOUDRESOURCE (ZDATECREATED COLLATE BINARY ASC)
index  Z_CloudResource_byIsAvailableIndex  table=ZCLOUDRESOURCE
  SQL: CREATE INDEX Z_CloudResource_byIsAvailableIndex ON ZCLOUDRESOURCE (ZISAVAILABLE COLLATE BINARY ASC)
index  Z_CloudResource_byIsLocallyAvailableIndex  table=ZCLOUDRESOURCE
  SQL: CREATE INDEX Z_CloudResource_byIsLocallyAvailableIndex ON ZCLOUDRESOURCE (ZISLOCALLYAVAILABLE COLLATE BINARY ASC)
index  Z_CloudResource_byTypeIndex  table=ZCLOUDRESOURCE
  SQL: CREATE INDEX Z_CloudResource_byTypeIndex ON ZCLOUDRESOURCE (ZTYPE COLLATE BINARY ASC)
index  Z_CloudResource_compoundIndex  table=ZCLOUDRESOURCE
  SQL: CREATE INDEX Z_CloudResource_compoundIndex ON ZCLOUDRESOURCE (ZTYPE COLLATE BINARY ASC, ZISLOCALLYAVAILABLE COLLATE BINARY ASC, ZISAVAILABLE COLLATE BINARY ASC, ZDATECREATED COLLATE BINARY ASC, ZLASTONDEMANDDOWNLOADDATE COLLATE BINARY ASC, ZLASTPREFETCHDATE COLLATE BINARY ASC)
index  Z_CloudSharedComment_byCloudGUIDIndex  table=ZCLOUDSHAREDCOMMENT
  SQL: CREATE INDEX Z_CloudSharedComment_byCloudGUIDIndex ON ZCLOUDSHAREDCOMMENT (ZCLOUDGUID COLLATE BINARY ASC)
index  Z_CloudSharedComment_byCommentDateIndex  table=ZCLOUDSHAREDCOMMENT
  SQL: CREATE INDEX Z_CloudSharedComment_byCommentDateIndex ON ZCLOUDSHAREDCOMMENT (ZCOMMENTDATE COLLATE BINARY ASC)
index  Z_DeferredRebuildFace_byAssetCloudGUIDIndex  table=ZDEFERREDREBUILDFACE
  SQL: CREATE INDEX Z_DeferredRebuildFace_byAssetCloudGUIDIndex ON ZDEFERREDREBUILDFACE (ZASSETCLOUDGUID COLLATE BINARY ASC)
index  Z_DetectedFaceGroup_byPersonBuilderStateIndex  table=ZDETECTEDFACEGROUP
  SQL: CREATE INDEX Z_DetectedFaceGroup_byPersonBuilderStateIndex ON ZDETECTEDFACEGROUP (ZPERSONBUILDERSTATE COLLATE BINARY ASC)
index  Z_DetectedFace_byCloudLocalStateIndex  table=ZDETECTEDFACE
  SQL: CREATE INDEX Z_DetectedFace_byCloudLocalStateIndex ON ZDETECTEDFACE (ZCLOUDLOCALSTATE COLLATE BINARY ASC)
index  Z_DetectedFace_byClusterSequenceNumberIndex  table=ZDETECTEDFACE
  SQL: CREATE INDEX Z_DetectedFace_byClusterSequenceNumberIndex ON ZDETECTEDFACE (ZCLUSTERSEQUENCENUMBER COLLATE BINARY ASC)
index  Z_DetectedFace_byUuidIndex  table=ZDETECTEDFACE
  SQL: CREATE INDEX Z_DetectedFace_byUuidIndex ON ZDETECTEDFACE (ZUUID COLLATE BINARY ASC)
index  Z_FaceCrop_byCloudLocalStateIndex  table=ZFACECROP
  SQL: CREATE INDEX Z_FaceCrop_byCloudLocalStateIndex ON ZFACECROP (ZCLOUDLOCALSTATE COLLATE BINARY ASC)
index  Z_FaceCrop_byStateIndex  table=ZFACECROP
  SQL: CREATE INDEX Z_FaceCrop_byStateIndex ON ZFACECROP (ZSTATE COLLATE BINARY ASC)
index  Z_FaceCrop_byUuidIndex  table=ZFACECROP
  SQL: CREATE INDEX Z_FaceCrop_byUuidIndex ON ZFACECROP (ZUUID COLLATE BINARY ASC)
index  Z_FileSystemVolume_byUuidIndex  table=ZFILESYSTEMVOLUME
  SQL: CREATE INDEX Z_FileSystemVolume_byUuidIndex ON ZFILESYSTEMVOLUME (ZUUID COLLATE BINARY ASC)
index  Z_FileSystemVolume_byVolumeUuidStringIndex  table=ZFILESYSTEMVOLUME
  SQL: CREATE INDEX Z_FileSystemVolume_byVolumeUuidStringIndex ON ZFILESYSTEMVOLUME (ZVOLUMEUUIDSTRING COLLATE BINARY ASC)
index  Z_GenericAlbum_byCloudGUIDIndex  table=ZGENERICALBUM
  SQL: CREATE INDEX Z_GenericAlbum_byCloudGUIDIndex ON ZGENERICALBUM (ZCLOUDGUID COLLATE BINARY ASC)
index  Z_GenericAlbum_byCloudLocalStateIndex  table=ZGENERICALBUM
  SQL: CREATE INDEX Z_GenericAlbum_byCloudLocalStateIndex ON ZGENERICALBUM (ZCLOUDLOCALSTATE COLLATE BINARY ASC)
index  Z_GenericAlbum_byImportSessionIDIndex  table=ZGENERICALBUM
  SQL: CREATE INDEX Z_GenericAlbum_byImportSessionIDIndex ON ZGENERICALBUM (ZIMPORTSESSIONID COLLATE BINARY ASC)
index  Z_GenericAlbum_byKindIndex  table=ZGENERICALBUM
  SQL: CREATE INDEX Z_GenericAlbum_byKindIndex ON ZGENERICALBUM (ZKIND COLLATE BINARY ASC, Z_ENT COLLATE BINARY ASC)
index  Z_GenericAlbum_bySyncEventOrderKeyIndex  table=ZGENERICALBUM
  SQL: CREATE INDEX Z_GenericAlbum_bySyncEventOrderKeyIndex ON ZGENERICALBUM (ZSYNCEVENTORDERKEY COLLATE BINARY ASC)
index  Z_GenericAlbum_byUuidIndex  table=ZGENERICALBUM
  SQL: CREATE INDEX Z_GenericAlbum_byUuidIndex ON ZGENERICALBUM (ZUUID COLLATE BINARY ASC)
index  Z_GlobalKeyValue_UNIQUE_key  table=ZGLOBALKEYVALUE
  SQL: CREATE UNIQUE INDEX Z_GlobalKeyValue_UNIQUE_key ON ZGLOBALKEYVALUE (ZKEY COLLATE BINARY ASC)
index  Z_GlobalKeyValue_byKeyIndex  table=ZGLOBALKEYVALUE
  SQL: CREATE INDEX Z_GlobalKeyValue_byKeyIndex ON ZGLOBALKEYVALUE (ZKEY COLLATE BINARY ASC)
index  Z_InternalResource_UNIQUE_asset_resourceType_version_recipeID_compactUTI  table=ZINTERNALRESOURCE
  SQL: CREATE UNIQUE INDEX Z_InternalResource_UNIQUE_asset_resourceType_version_recipeID_compactUTI ON ZINTERNALRESOURCE (ZASSET COLLATE BINARY ASC, ZRESOURCETYPE COLLATE BINARY ASC, ZVERSION COLLATE BINARY ASC, ZRECIPEID COLLATE BINARY ASC, ZCOMPACTUTI COLLATE BINARY ASC)
index  Z_InternalResource_byCloudMasterDateCreatedIndex  table=ZINTERNALRESOURCE
  SQL: CREATE INDEX Z_InternalResource_byCloudMasterDateCreatedIndex ON ZINTERNALRESOURCE (ZCLOUDMASTERDATECREATED COLLATE BINARY ASC)
index  Z_InternalResource_byFileIDIndex  table=ZINTERNALRESOURCE
  SQL: CREATE INDEX Z_InternalResource_byFileIDIndex ON ZINTERNALRESOURCE (ZFILEID COLLATE BINARY ASC)
index  Z_InternalResource_byLocalAvailabilityIndex  table=ZINTERNALRESOURCE
  SQL: CREATE INDEX Z_InternalResource_byLocalAvailabilityIndex ON ZINTERNALRESOURCE (ZLOCALAVAILABILITY COLLATE BINARY ASC, ZLOCALAVAILABILITYTARGET COLLATE BINARY ASC, ZRECIPEID COLLATE BINARY ASC)
index  Z_InternalResource_compoundIndex  table=ZINTERNALRESOURCE
  SQL: CREATE INDEX Z_InternalResource_compoundIndex ON ZINTERNALRESOURCE (ZTRASHEDDATE COLLATE BINARY ASC, ZTRASHEDSTATE COLLATE BINARY ASC)
index  Z_InternalResource_compoundIndex1  table=ZINTERNALRESOURCE
  SQL: CREATE INDEX Z_InternalResource_compoundIndex1 ON ZINTERNALRESOURCE (ZDATASTORECLASSID COLLATE BINARY ASC, ZDATASTORESUBTYPE COLLATE BINARY ASC, ZLOCALAVAILABILITY COLLATE BINARY ASC, ZREMOTEAVAILABILITY COLLATE BINARY ASC, ZASSET COLLATE BINARY ASC)
index  Z_InternalResource_forCloudPrefetch  table=ZINTERNALRESOURCE
  SQL: CREATE INDEX Z_InternalResource_forCloudPrefetch ON ZINTERNALRESOURCE (ZDATASTORECLASSID COLLATE BINARY ASC, ZREMOTEAVAILABILITY COLLATE BINARY ASC, ZLOCALAVAILABILITY COLLATE BINARY ASC, ZDATASTORESUBTYPE COLLATE BINARY ASC, ZVERSION COLLATE BINARY ASC, ZCLOUDMASTERDATECREATED COLLATE BINARY DESC) WHERE (ZDATASTORECLASSID = 0 AND ZREMOTEAVAILABILITY = 1 AND ZLOCALAVAILABILITY = -1)
index  Z_Keyword_UNIQUE_title  table=ZKEYWORD
  SQL: CREATE UNIQUE INDEX Z_Keyword_UNIQUE_title ON ZKEYWORD (ZTITLE COLLATE BINARY ASC)
index  Z_Keyword_byTitleIndex  table=ZKEYWORD
  SQL: CREATE INDEX Z_Keyword_byTitleIndex ON ZKEYWORD (ZTITLE COLLATE BINARY ASC)
index  Z_Keyword_byUuidIndex  table=ZKEYWORD
  SQL: CREATE INDEX Z_Keyword_byUuidIndex ON ZKEYWORD (ZUUID COLLATE BINARY ASC)
index  Z_LegacyFace_byAlbumUUIDIndex  table=ZLEGACYFACE
  SQL: CREATE INDEX Z_LegacyFace_byAlbumUUIDIndex ON ZLEGACYFACE (ZALBUMUUID COLLATE BINARY ASC)
index  Z_LegacyFace_byIdentifierIndex  table=ZLEGACYFACE
  SQL: CREATE INDEX Z_LegacyFace_byIdentifierIndex ON ZLEGACYFACE (ZIDENTIFIER COLLATE BINARY ASC)
index  Z_LimitedLibraryFetchFilter_UNIQUE_applicationIdentifier  table=ZLIMITEDLIBRARYFETCHFILTER
  SQL: CREATE UNIQUE INDEX Z_LimitedLibraryFetchFilter_UNIQUE_applicationIdentifier ON ZLIMITEDLIBRARYFETCHFILTER (ZAPPLICATIONIDENTIFIER COLLATE BINARY ASC)
index  Z_Memory_byCloudLocalStateIndex  table=ZMEMORY
  SQL: CREATE INDEX Z_Memory_byCloudLocalStateIndex ON ZMEMORY (ZCLOUDLOCALSTATE COLLATE BINARY ASC)
index  Z_Memory_byFeaturedState  table=ZMEMORY
  SQL: CREATE INDEX Z_Memory_byFeaturedState ON ZMEMORY (ZFEATUREDSTATE COLLATE BINARY ASC)
index  Z_Memory_byLastMoviePlayedDateIndex  table=ZMEMORY
  SQL: CREATE INDEX Z_Memory_byLastMoviePlayedDateIndex ON ZMEMORY (ZLASTMOVIEPLAYEDDATE COLLATE BINARY ASC)
index  Z_Memory_byLastViewedDateIndex  table=ZMEMORY
  SQL: CREATE INDEX Z_Memory_byLastViewedDateIndex ON ZMEMORY (ZLASTVIEWEDDATE COLLATE BINARY ASC)
index  Z_Memory_byNonNilBlacklistedFeature  table=ZMEMORY
  SQL: CREATE INDEX Z_Memory_byNonNilBlacklistedFeature ON ZMEMORY (ZBLACKLISTEDFEATURE COLLATE BINARY ASC) WHERE ZBLACKLISTEDFEATURE IS NOT NULL
index  Z_Memory_byNonNilGraphMemoryIdentifier  table=ZMEMORY
  SQL: CREATE INDEX Z_Memory_byNonNilGraphMemoryIdentifier ON ZMEMORY (ZGRAPHMEMORYIDENTIFIER COLLATE BINARY ASC) WHERE ZGRAPHMEMORYIDENTIFIER IS NOT NULL
index  Z_Memory_byPendingIndex  table=ZMEMORY
  SQL: CREATE INDEX Z_Memory_byPendingIndex ON ZMEMORY (ZPENDINGSTATE COLLATE BINARY ASC)
index  Z_Memory_byUuidIndex  table=ZMEMORY
  SQL: CREATE INDEX Z_Memory_byUuidIndex ON ZMEMORY (ZUUID COLLATE BINARY ASC)
index  Z_Memory_compoundIndex  table=ZMEMORY
  SQL: CREATE INDEX Z_Memory_compoundIndex ON ZMEMORY (ZCREATIONDATE COLLATE BINARY DESC, ZREJECTED COLLATE BINARY DESC)
index  Z_MigrationHistory_UNIQUE_index  table=ZMIGRATIONHISTORY
  SQL: CREATE UNIQUE INDEX Z_MigrationHistory_UNIQUE_index ON ZMIGRATIONHISTORY (ZINDEX COLLATE BINARY ASC)
index  Z_MigrationHistory_byIndexIndex  table=ZMIGRATIONHISTORY
  SQL: CREATE INDEX Z_MigrationHistory_byIndexIndex ON ZMIGRATIONHISTORY (ZINDEX COLLATE BINARY ASC)
index  Z_MigrationHistory_byMigrationDateIndex  table=ZMIGRATIONHISTORY
  SQL: CREATE INDEX Z_MigrationHistory_byMigrationDateIndex ON ZMIGRATIONHISTORY (ZMIGRATIONDATE COLLATE BINARY ASC)
index  Z_Moment_byEndDateIndex  table=ZMOMENT
  SQL: CREATE INDEX Z_Moment_byEndDateIndex ON ZMOMENT (ZENDDATE COLLATE BINARY ASC)
index  Z_Moment_byRepresentativeDateIndex  table=ZMOMENT
  SQL: CREATE INDEX Z_Moment_byRepresentativeDateIndex ON ZMOMENT (ZREPRESENTATIVEDATE COLLATE BINARY ASC)
index  Z_Moment_byStartDateIndex  table=ZMOMENT
  SQL: CREATE INDEX Z_Moment_byStartDateIndex ON ZMOMENT (ZSTARTDATE COLLATE BINARY ASC)
index  Z_Moment_byTrashedStateIndex  table=ZMOMENT
  SQL: CREATE INDEX Z_Moment_byTrashedStateIndex ON ZMOMENT (ZTRASHEDSTATE COLLATE BINARY ASC)
index  Z_Moment_byUuidIndex  table=ZMOMENT
  SQL: CREATE INDEX Z_Moment_byUuidIndex ON ZMOMENT (ZUUID COLLATE BINARY ASC)
index  Z_Moment_compoundIndex  table=ZMOMENT
  SQL: CREATE INDEX Z_Moment_compoundIndex ON ZMOMENT (ZSTARTDATE COLLATE BINARY ASC, ZENDDATE COLLATE BINARY ASC)
index  Z_Person_byCloudLocalStateIndex  table=ZPERSON
  SQL: CREATE INDEX Z_Person_byCloudLocalStateIndex ON ZPERSON (ZCLOUDLOCALSTATE COLLATE BINARY ASC)
index  Z_Person_byFaceCountIndex  table=ZPERSON
  SQL: CREATE INDEX Z_Person_byFaceCountIndex ON ZPERSON (ZFACECOUNT COLLATE BINARY ASC)
index  Z_Person_byManualOrderIndex  table=ZPERSON
  SQL: CREATE INDEX Z_Person_byManualOrderIndex ON ZPERSON (ZMANUALORDER COLLATE BINARY ASC)
index  Z_Person_byPersonUUIDIndex  table=ZPERSON
  SQL: CREATE INDEX Z_Person_byPersonUUIDIndex ON ZPERSON (ZPERSONUUID COLLATE BINARY ASC)
index  Z_Person_byPersonUriIndex  table=ZPERSON
  SQL: CREATE INDEX Z_Person_byPersonUriIndex ON ZPERSON (ZPERSONURI COLLATE BINARY ASC)
index  Z_Person_bySuggestedForClientType  table=ZPERSON
  SQL: CREATE INDEX Z_Person_bySuggestedForClientType ON ZPERSON (ZSUGGESTEDFORCLIENTTYPE COLLATE BINARY ASC)
index  Z_Person_byTypeIndex  table=ZPERSON
  SQL: CREATE INDEX Z_Person_byTypeIndex ON ZPERSON (ZTYPE COLLATE BINARY ASC)
index  Z_Person_byVerifiedTypeIndex  table=ZPERSON
  SQL: CREATE INDEX Z_Person_byVerifiedTypeIndex ON ZPERSON (ZVERIFIEDTYPE COLLATE BINARY ASC)
index  Z_Person_compoundIndex  table=ZPERSON
  SQL: CREATE INDEX Z_Person_compoundIndex ON ZPERSON (ZVERIFIEDTYPE COLLATE BINARY ASC, ZFACECOUNT COLLATE BINARY ASC, ZTYPE COLLATE BINARY ASC)
index  Z_PhotosHighlight_byDateRangeAndKind  table=ZPHOTOSHIGHLIGHT
  SQL: CREATE INDEX Z_PhotosHighlight_byDateRangeAndKind ON ZPHOTOSHIGHLIGHT (ZKIND COLLATE BINARY ASC, ZSTARTDATE COLLATE BINARY ASC, ZENDDATE COLLATE BINARY ASC)
index  Z_PhotosHighlight_byKindIndex  table=ZPHOTOSHIGHLIGHT
  SQL: CREATE INDEX Z_PhotosHighlight_byKindIndex ON ZPHOTOSHIGHLIGHT (ZKIND COLLATE BINARY ASC)
index  Z_PhotosHighlight_byUuidIndex  table=ZPHOTOSHIGHLIGHT
  SQL: CREATE INDEX Z_PhotosHighlight_byUuidIndex ON ZPHOTOSHIGHLIGHT (ZUUID COLLATE BINARY ASC)
index  Z_Question_byUuidIndex  table=ZQUESTION
  SQL: CREATE INDEX Z_Question_byUuidIndex ON ZQUESTION (ZUUID COLLATE BINARY ASC)
index  Z_SceneClassification_bySceneIdentifierAndConfidence  table=ZSCENECLASSIFICATION
  SQL: CREATE INDEX Z_SceneClassification_bySceneIdentifierAndConfidence ON ZSCENECLASSIFICATION (ZSCENEIDENTIFIER COLLATE BINARY ASC, ZCONFIDENCE COLLATE BINARY ASC)
index  Z_SceneClassification_forSceneClassificationsByAsset  table=ZSCENECLASSIFICATION
  SQL: CREATE INDEX Z_SceneClassification_forSceneClassificationsByAsset ON ZSCENECLASSIFICATION (ZASSETATTRIBUTES COLLATE BINARY ASC, ZSCENEIDENTIFIER COLLATE BINARY ASC, ZCONFIDENCE COLLATE BINARY ASC, ZPACKEDBOUNDINGBOXRECT COLLATE BINARY ASC)
index  Z_ShareParticipant_byUuidIndex  table=ZSHAREPARTICIPANT
  SQL: CREATE INDEX Z_ShareParticipant_byUuidIndex ON ZSHAREPARTICIPANT (ZUUID COLLATE BINARY ASC)
index  Z_Share_byCreationDate  table=ZSHARE
  SQL: CREATE INDEX Z_Share_byCreationDate ON ZSHARE (Z_ENT COLLATE BINARY ASC, ZCREATIONDATE COLLATE BINARY ASC)
index  Z_Share_byShareURLIndex  table=ZSHARE
  SQL: CREATE INDEX Z_Share_byShareURLIndex ON ZSHARE (ZSHAREURL COLLATE BINARY ASC)
index  Z_Share_byUuidIndex  table=ZSHARE
  SQL: CREATE INDEX Z_Share_byUuidIndex ON ZSHARE (ZUUID COLLATE BINARY ASC)
index  Z_Suggestion_byCreationDate  table=ZSUGGESTION
  SQL: CREATE INDEX Z_Suggestion_byCreationDate ON ZSUGGESTION (ZCREATIONDATE COLLATE BINARY DESC)
index  Z_Suggestion_byFeaturedState  table=ZSUGGESTION
  SQL: CREATE INDEX Z_Suggestion_byFeaturedState ON ZSUGGESTION (ZFEATUREDSTATE COLLATE BINARY ASC)
index  Z_Suggestion_byStateIndex  table=ZSUGGESTION
  SQL: CREATE INDEX Z_Suggestion_byStateIndex ON ZSUGGESTION (ZSTATE COLLATE BINARY ASC)
index  Z_TRANSACTIONSTRING_UNIQUE_NAME  table=ATRANSACTIONSTRING
  SQL: CREATE UNIQUE INDEX Z_TRANSACTIONSTRING_UNIQUE_NAME ON ATRANSACTIONSTRING (ZNAME COLLATE BINARY ASC)
index  Z_TRANSACTION_TransactionAuthorIndex  table=ATRANSACTION
  SQL: CREATE INDEX Z_TRANSACTION_TransactionAuthorIndex ON ATRANSACTION (ZAUTHOR COLLATE BINARY ASC)
index  Z_TRANSACTION_TransactionTimestampIndex  table=ATRANSACTION
  SQL: CREATE INDEX Z_TRANSACTION_TransactionTimestampIndex ON ATRANSACTION (ZTIMESTAMP COLLATE BINARY ASC)
index  Z_UserFeedback_byFeatureIndex  table=ZUSERFEEDBACK
  SQL: CREATE INDEX Z_UserFeedback_byFeatureIndex ON ZUSERFEEDBACK (ZFEATURE COLLATE BINARY ASC)
index  Z_UserFeedback_byTypeIndex  table=ZUSERFEEDBACK
  SQL: CREATE INDEX Z_UserFeedback_byTypeIndex ON ZUSERFEEDBACK (ZTYPE COLLATE BINARY ASC)
index  Z_UserFeedback_byUuidIndex  table=ZUSERFEEDBACK
  SQL: CREATE INDEX Z_UserFeedback_byUuidIndex ON ZUSERFEEDBACK (ZUUID COLLATE BINARY ASC)
index  sqlite_autoindex_Z_17CLUSTERREJECTEDPERSONS_1  table=Z_17CLUSTERREJECTEDPERSONS
  SQL: NULL
index  sqlite_autoindex_Z_17REJECTEDPERSONSNEEDINGFACECROPS_1  table=Z_17REJECTEDPERSONSNEEDINGFACECROPS
  SQL: NULL
index  sqlite_autoindex_Z_17REJECTEDPERSONS_1  table=Z_17REJECTEDPERSONS
  SQL: NULL
index  sqlite_autoindex_Z_1KEYWORDS_1  table=Z_1KEYWORDS
  SQL: NULL
index  sqlite_autoindex_Z_26ALBUMLISTS_1  table=Z_26ALBUMLISTS
  SQL: NULL
index  sqlite_autoindex_Z_27ASSETS_1  table=Z_27ASSETS
  SQL: NULL
index  sqlite_autoindex_Z_3MEMORIESBEINGCURATEDASSETS_1  table=Z_3MEMORIESBEINGCURATEDASSETS
  SQL: NULL
index  sqlite_autoindex_Z_3MEMORIESBEINGEXTENDEDCURATEDASSETS_1  table=Z_3MEMORIESBEINGEXTENDEDCURATEDASSETS
  SQL: NULL
index  sqlite_autoindex_Z_3MEMORIESBEINGMOVIECURATEDASSETS_1  table=Z_3MEMORIESBEINGMOVIECURATEDASSETS
  SQL: NULL
index  sqlite_autoindex_Z_3MEMORIESBEINGREPRESENTATIVEASSETS_1  table=Z_3MEMORIESBEINGREPRESENTATIVEASSETS
  SQL: NULL
index  sqlite_autoindex_Z_3MEMORIESBEINGUSERCURATEDASSETS_1  table=Z_3MEMORIESBEINGUSERCURATEDASSETS
  SQL: NULL
index  sqlite_autoindex_Z_3SUGGESTIONSBEINGKEYASSETS_1  table=Z_3SUGGESTIONSBEINGKEYASSETS
  SQL: NULL
index  sqlite_autoindex_Z_3SUGGESTIONSBEINGREPRESENTATIVEASSETS_1  table=Z_3SUGGESTIONSBEINGREPRESENTATIVEASSETS
  SQL: NULL
index  sqlite_autoindex_Z_45INVALIDMERGECANDIDATES_1  table=Z_45INVALIDMERGECANDIDATES
  SQL: NULL
index  sqlite_autoindex_Z_45MERGECANDIDATES_1  table=Z_45MERGECANDIDATES
  SQL: NULL
table  ACHANGE  table=ACHANGE
  SQL: CREATE TABLE ACHANGE ( Z_PK INTEGER PRIMARY KEY, Z_ENT INTEGER, Z_OPT INTEGER, ZCHANGETYPE INTEGER, ZENTITY INTEGER, ZENTITYPK INTEGER, ZTRANSACTIONID INTEGER, ZCOLUMNS BLOB, ZTOMBSTONE0 BLOB, ZTOMBSTONE1 BLOB, ZTOMBSTONE2 BLOB, ZTOMBSTONE3 BLOB, ZTOMBSTONE4 BLOB, ZTOMBSTONE5 BLOB )
table  ATRANSACTION  table=ATRANSACTION
  SQL: CREATE TABLE ATRANSACTION ( Z_PK INTEGER PRIMARY KEY, Z_ENT INTEGER, Z_OPT INTEGER, ZAUTHORTS INTEGER, ZBUNDLEIDTS INTEGER, ZCONTEXTNAMETS INTEGER, ZPROCESSIDTS INTEGER, ZTIMESTAMP FLOAT, ZAUTHOR VARCHAR, ZBUNDLEID VARCHAR, ZCONTEXTNAME VARCHAR, ZPROCESSID VARCHAR, ZQUERYGEN BLOB )
table  ATRANSACTIONSTRING  table=ATRANSACTIONSTRING
  SQL: CREATE TABLE ATRANSACTIONSTRING ( Z_PK INTEGER PRIMARY KEY, Z_ENT INTEGER, Z_OPT INTEGER, ZNAME VARCHAR )
table  ZADDITIONALASSETATTRIBUTES  table=ZADDITIONALASSETATTRIBUTES
  SQL: CREATE TABLE ZADDITIONALASSETATTRIBUTES ( Z_PK INTEGER PRIMARY KEY, Z_ENT INTEGER, Z_OPT INTEGER, ZALLOWEDFORANALYSIS INTEGER, ZCAMERACAPTUREDEVICE INTEGER, ZCLOUDAVALANCHEPICKTYPE INTEGER, ZCLOUDKINDSUBTYPE INTEGER, ZCLOUDRECOVERYSTATE INTEGER, ZCLOUDSTATERECOVERYATTEMPTSCOUNT INTEGER, ZDATECREATEDSOURCE INTEGER, ZDEFERREDPROCESSINGCANDIDATEOPTIONS INTEGER, ZDESTINATIONASSETCOPYSTATE INTEGER, ZEMBEDDEDTHUMBNAILHEIGHT INTEGER, ZEMBEDDEDTHUMBNAILLENGTH INTEGER, ZEMBEDDEDTHUMBNAILOFFSET INTEGER, ZEMBEDDEDTHUMBNAILWIDTH INTEGER, ZFACEANALYSISVERSION INTEGER, ZIMPORTEDBY INTEGER, ZINFERREDTIMEZONEOFFSET INTEGER, ZLOCATIONHASH INTEGER, ZORIGINALFILESIZE INTEGER, ZORIGINALHEIGHT INTEGER, ZORIGINALORIENTATION INTEGER, ZORIGINALRESOURCECHOICE INTEGER, ZORIGINALWIDTH INTEGER, ZPENDINGPLAYCOUNT INTEGER, ZPENDINGSHARECOUNT INTEGER, ZPENDINGVIEWCOUNT INTEGER, ZPLAYCOUNT INTEGER, ZPTPTRASHEDSTATE INTEGER, ZREVERSELOCATIONDATAISVALID INTEGER, ZSCENEANALYSISISFROMPREVIEW INTEGER, ZSCENEANALYSISVERSION INTEGER, ZSHARECOUNT INTEGER, ZSHARETYPE INTEGER, ZSHIFTEDLOCATIONISVALID INTEGER, ZSYNDICATIONHISTORY INTEGER, ZTIMEZONEOFFSET INTEGER, ZUPLOADATTEMPTS INTEGER, ZVARIATIONSUGGESTIONSTATES INTEGER, ZVIDEOCPDISPLAYTIMESCALE INTEGER, ZVIDEOCPDISPLAYVALUE INTEGER, ZVIDEOCPDURATIONTIMESCALE INTEGER, ZVIEWCOUNT INTEGER, ZASSET INTEGER, ZASSETDESCRIPTION INTEGER, ZEDITEDIPTCATTRIBUTES INTEGER, ZMEDIAMETADATA INTEGER, ZSCENEPRINT INTEGER, ZUNMANAGEDADJUSTMENT INTEGER, ZALTERNATEIMPORTIMAGEDATE TIMESTAMP, ZGPSHORIZONTALACCURACY FLOAT, ZLASTUPLOADATTEMPTDATE TIMESTAMP, ZSCENEANALYSISTIMESTAMP TIMESTAMP, ZACCESSIBILITYDESCRIPTION VARCHAR, ZADJUSTEDFINGERPRINT VARCHAR, ZDEFERREDPHOTOIDENTIFIER VARCHAR, ZEDITORBUNDLEID VARCHAR, ZEXIFTIMESTAMPSTRING VARCHAR, ZIMPORTSESSIONID VARCHAR, ZIMPORTEDBYBUNDLEIDENTIFIER VARCHAR, ZIMPORTEDBYDISPLAYNAME VARCHAR, ZMASTERFINGERPRINT VARCHAR, ZMEDIAMETADATATYPE VARCHAR, ZMONTAGE VARCHAR, ZORIGINALASSETSUUID VARCHAR, ZORIGINALFILENAME VARCHAR, ZORIGINATINGASSETIDENTIFIER VARCHAR, ZPHOTOSTREAMTAGID VARCHAR, ZPUBLICGLOBALUUID VARCHAR, ZSHAREORIGINATOR VARCHAR, ZSNOWDAYSNOWPLOWIDENTIFIER VARCHAR, ZSOURCEASSETFORDUPLICATIONIDENTIFIER VARCHAR, ZSOURCEASSETFORDUPLICATIONSCOPEIDENTIFIER VARCHAR, ZSPATIALOVERCAPTUREGROUPIDENTIFIER VARCHAR, ZSYNDICATIONIDENTIFIER VARCHAR, ZTIMEZONENAME VARCHAR, ZTITLE VARCHAR, ZDISTANCEIDENTITY BLOB, ZFACEREGIONS BLOB, ZOBJECTSALIENCYRECTSDATA BLOB, ZORIGINALHASH BLOB, ZPLACEANNOTATIONDATA BLOB, ZREVERSELOCATIONDATA BLOB, ZSHIFTEDLOCATIONDATA BLOB )
table  ZALBUMLIST  table=ZALBUMLIST
  SQL: CREATE TABLE ZALBUMLIST ( Z_PK INTEGER PRIMARY KEY, Z_ENT INTEGER, Z_OPT INTEGER, ZIDENTIFIER INTEGER, ZNEEDSREORDERINGNUMBER INTEGER, ZUUID VARCHAR )
table  ZASSET  table=ZASSET
  SQL: CREATE TABLE ZASSET ( Z_PK INTEGER PRIMARY KEY, Z_ENT INTEGER, Z_OPT INTEGER, ZAVALANCHEPICKTYPE INTEGER, ZBUNDLESCOPE INTEGER, ZCAMERAPROCESSINGADJUSTMENTSTATE INTEGER, ZCLOUDDELETESTATE INTEGER, ZCLOUDDOWNLOADREQUESTS INTEGER, ZCLOUDHASCOMMENTSBYME INTEGER, ZCLOUDHASCOMMENTSCONVERSATION INTEGER, ZCLOUDHASUNSEENCOMMENTS INTEGER, ZCLOUDISDELETABLE INTEGER, ZCLOUDISMYASSET INTEGER, ZCLOUDLOCALSTATE INTEGER, ZCLOUDPLACEHOLDERKIND INTEGER, ZCOMPLETE INTEGER, ZDEFERREDPROCESSINGNEEDED INTEGER, ZDEPTHTYPE INTEGER, ZDERIVEDCAMERACAPTUREDEVICE INTEGER, ZFACEAREAPOINTS INTEGER, ZFAVORITE INTEGER, ZHASADJUSTMENTS INTEGER, ZHDRTYPE INTEGER, ZHEIGHT INTEGER, ZHIDDEN INTEGER, ZHIGHFRAMERATESTATE INTEGER, ZISMAGICCARPET INTEGER, ZKIND INTEGER, ZKINDSUBTYPE INTEGER, ZORIENTATION INTEGER, ZPACKEDACCEPTABLECROPRECT INTEGER, ZPACKEDBADGEATTRIBUTES INTEGER, ZPACKEDPREFERREDCROPRECT INTEGER, ZPLAYBACKSTYLE INTEGER, ZPLAYBACKVARIATION INTEGER, ZSAVEDASSETTYPE INTEGER, ZSYNDICATIONSTATE INTEGER, ZTHUMBNAILINDEX INTEGER, ZTRASHEDSTATE INTEGER, ZVIDEOCPDURATIONVALUE INTEGER, ZVIDEOCPVISIBILITYSTATE INTEGER, ZVIDEODEFERREDPROCESSINGNEEDED INTEGER, ZVIDEOKEYFRAMETIMESCALE INTEGER, ZVIDEOKEYFRAMEVALUE INTEGER, ZVISIBILITYSTATE INTEGER, ZWIDTH INTEGER, ZADDITIONALATTRIBUTES INTEGER, ZCLOUDFEEDASSETSENTRY INTEGER, ZCOMPUTEDATTRIBUTES INTEGER, ZCONVERSATION INTEGER, ZDAYGROUPHIGHLIGHTBEINGASSETS INTEGER, ZDAYGROUPHIGHLIGHTBEINGEXTENDEDASSETS INTEGER, ZDAYGROUPHIGHLIGHTBEINGKEYASSET INTEGER, ZDAYGROUPHIGHLIGHTBEINGSUMMARYASSETS INTEGER, ZEXTENDEDATTRIBUTES INTEGER, ZHIGHLIGHTBEINGASSETS INTEGER, ZHIGHLIGHTBEINGEXTENDEDASSETS INTEGER, ZHIGHLIGHTBEINGKEYASSET INTEGER, ZHIGHLIGHTBEINGSUMMARYASSETS INTEGER, ZIMPORTSESSION INTEGER, ZLIBRARYSCOPE INTEGER, ZLIBRARYSCOPEORIGINATOR INTEGER, ZMASTER INTEGER, ZMEDIAANALYSISATTRIBUTES INTEGER, ZMOMENT INTEGER, ZMOMENTSHARE INTEGER, ZMONTHHIGHLIGHTBEINGFIRSTASSET INTEGER, ZMONTHHIGHLIGHTBEINGKEYASSET INTEGER, ZYEARHIGHLIGHTBEINGKEYASSET INTEGER, Z_FOK_CLOUDFEEDASSETSENTRY INTEGER, ZADDEDDATE TIMESTAMP, ZADJUSTMENTTIMESTAMP TIMESTAMP, ZANALYSISSTATEMODIFICATIONDATE TIMESTAMP, ZCLOUDBATCHPUBLISHDATE TIMESTAMP, ZCLOUDLASTVIEWEDCOMMENTDATE TIMESTAMP, ZCLOUDSERVERPUBLISHDATE TIMESTAMP, ZCURATIONSCORE FLOAT, ZDATECREATED TIMESTAMP, ZDURATION FLOAT, ZFACEADJUSTMENTVERSION TIMESTAMP, ZHDRGAIN FLOAT, ZHIGHLIGHTVISIBILITYSCORE FLOAT, ZLASTSHAREDDATE TIMESTAMP, ZLATITUDE FLOAT, ZLONGITUDE FLOAT, ZMODIFICATIONDATE TIMESTAMP, ZOVERALLAESTHETICSCORE FLOAT, ZPROMOTIONSCORE FLOAT, ZSORTTOKEN FLOAT, ZTRASHEDDATE TIMESTAMP, ZAVALANCHEUUID VARCHAR, ZCLOUDASSETGUID VARCHAR, ZCLOUDBATCHID VARCHAR, ZCLOUDCOLLECTIONGUID VARCHAR, ZCLOUDOWNERHASHEDPERSONID VARCHAR, ZDIRECTORY VARCHAR, ZFILENAME VARCHAR, ZMEDIAGROUPUUID VARCHAR, ZORIGINALCOLORSPACE VARCHAR, ZUNIFORMTYPEIDENTIFIER VARCHAR, ZUUID VARCHAR, ZIMAGEREQUESTHINTS BLOB, ZLOCATIONDATA BLOB )
table  ZASSETANALYSISSTATE  table=ZASSETANALYSISSTATE
  SQL: CREATE TABLE ZASSETANALYSISSTATE ( Z_PK INTEGER PRIMARY KEY, Z_ENT INTEGER, Z_OPT INTEGER, ZANALYSISSTATE INTEGER, ZWORKERFLAGS INTEGER, ZWORKERTYPE INTEGER, ZASSET INTEGER, ZIGNOREUNTILDATE TIMESTAMP, ZLASTIGNOREDDATE TIMESTAMP, ZSORTTOKEN FLOAT, ZASSETUUID VARCHAR )
table  ZASSETDESCRIPTION  table=ZASSETDESCRIPTION
  SQL: CREATE TABLE ZASSETDESCRIPTION ( Z_PK INTEGER PRIMARY KEY, Z_ENT INTEGER, Z_OPT INTEGER, ZASSETATTRIBUTES INTEGER, ZLONGDESCRIPTION VARCHAR )
table  ZCHARACTERRECOGNITIONATTRIBUTES  table=ZCHARACTERRECOGNITIONATTRIBUTES
  SQL: CREATE TABLE ZCHARACTERRECOGNITIONATTRIBUTES ( Z_PK INTEGER PRIMARY KEY, Z_ENT INTEGER, Z_OPT INTEGER, ZALGORITHMVERSION INTEGER, ZMEDIAANALYSISASSETATTRIBUTES INTEGER, ZADJUSTMENTVERSION TIMESTAMP, ZCHARACTERRECOGNITIONDATA BLOB, ZMACHINEREADABLECODEDATA BLOB )
table  ZCLOUDFEEDENTRY  table=ZCLOUDFEEDENTRY
  SQL: CREATE TABLE ZCLOUDFEEDENTRY ( Z_PK INTEGER PRIMARY KEY, Z_ENT INTEGER, Z_OPT INTEGER, ZENTRYPRIORITYNUMBER INTEGER, ZENTRYTYPENUMBER INTEGER, ZENTRYDATE TIMESTAMP, ZENTRYALBUMGUID VARCHAR, ZENTRYINVITATIONRECORDGUID VARCHAR, ZENTRYCLOUDASSETGUID VARCHAR )
table  ZCLOUDMASTER  table=ZCLOUDMASTER
  SQL: CREATE TABLE ZCLOUDMASTER ( Z_PK INTEGER PRIMARY KEY, Z_ENT INTEGER, Z_OPT INTEGER, ZCLOUDLOCALSTATE INTEGER, ZFULLSIZEJPEGSOURCE INTEGER, ZIMPORTEDBY INTEGER, ZORIGINALORIENTATION INTEGER, ZPLACEHOLDERSTATE INTEGER, ZVIDEOFRAMERATE INTEGER, ZMEDIAMETADATA INTEGER, ZMOMENTSHARE INTEGER, ZCREATIONDATE TIMESTAMP, ZIMPORTDATE TIMESTAMP, ZCLOUDMASTERGUID VARCHAR, ZCODECNAME VARCHAR, ZIMPORTSESSIONID VARCHAR, ZIMPORTEDBYBUNDLEIDENTIFIER VARCHAR, ZIMPORTEDBYDISPLAYNAME VARCHAR, ZMEDIAMETADATATYPE VARCHAR, ZORIGINALFILENAME VARCHAR, ZORIGINATINGASSETIDENTIFIER VARCHAR, ZSOURCEMASTERFORDUPLICATIONIDENTIFIER VARCHAR, ZSOURCEMASTERFORDUPLICATIONSCOPEIDENTIFIER VARCHAR, ZUNIFORMTYPEIDENTIFIER VARCHAR )
table  ZCLOUDMASTERMEDIAMETADATA  table=ZCLOUDMASTERMEDIAMETADATA
  SQL: CREATE TABLE ZCLOUDMASTERMEDIAMETADATA ( Z_PK INTEGER PRIMARY KEY, Z_ENT INTEGER, Z_OPT INTEGER, ZADDITIONALASSETATTRIBUTES INTEGER, ZCLOUDMASTER INTEGER, ZDATA BLOB )
table  ZCLOUDRESOURCE  table=ZCLOUDRESOURCE
  SQL: CREATE TABLE ZCLOUDRESOURCE ( Z_PK INTEGER PRIMARY KEY, Z_ENT INTEGER, Z_OPT INTEGER, ZCLOUDLOCALSTATE INTEGER, ZFILESIZE INTEGER, ZHEIGHT INTEGER, ZISAVAILABLE INTEGER, ZISLOCALLYAVAILABLE INTEGER, ZPREFETCHCOUNT INTEGER, ZSOURCETYPE INTEGER, ZTYPE INTEGER, ZWIDTH INTEGER, ZASSET INTEGER, ZCLOUDMASTER INTEGER, ZDATECREATED TIMESTAMP, ZLASTONDEMANDDOWNLOADDATE TIMESTAMP, ZLASTPREFETCHDATE TIMESTAMP, ZPRUNEDAT TIMESTAMP, ZASSETUUID VARCHAR, ZFILEPATH VARCHAR, ZFINGERPRINT VARCHAR, ZITEMIDENTIFIER VARCHAR, ZUNIFORMTYPEIDENTIFIER VARCHAR )
table  ZCLOUDSHAREDALBUMINVITATIONRECORD  table=ZCLOUDSHAREDALBUMINVITATIONRECORD
  SQL: CREATE TABLE ZCLOUDSHAREDALBUMINVITATIONRECORD ( Z_PK INTEGER PRIMARY KEY, Z_ENT INTEGER, Z_OPT INTEGER, ZINVITATIONSTATE INTEGER, ZINVITATIONSTATELOCAL INTEGER, ZINVITEEEMAILKEY INTEGER, ZISMINE INTEGER, ZALBUM INTEGER, Z_FOK_ALBUM INTEGER, ZINVITEESUBSCRIPTIONDATE TIMESTAMP, ZALBUMGUID VARCHAR, ZCLOUDGUID VARCHAR, ZINVITEEFIRSTNAME VARCHAR, ZINVITEEFULLNAME VARCHAR, ZINVITEEHASHEDPERSONID VARCHAR, ZINVITEELASTNAME VARCHAR )
table  ZCLOUDSHAREDCOMMENT  table=ZCLOUDSHAREDCOMMENT
  SQL: CREATE TABLE ZCLOUDSHAREDCOMMENT ( Z_PK INTEGER PRIMARY KEY, Z_ENT INTEGER, Z_OPT INTEGER, ZISBATCHCOMMENT INTEGER, ZISCAPTION INTEGER, ZISDELETABLE INTEGER, ZISLIKE INTEGER, ZISMYCOMMENT INTEGER, ZCLOUDFEEDCOMMENTENTRY INTEGER, ZCLOUDFEEDLIKECOMMENTENTRY INTEGER, ZCOMMENTEDASSET INTEGER, ZLIKEDASSET INTEGER, Z_FOK_CLOUDFEEDCOMMENTENTRY INTEGER, Z_FOK_CLOUDFEEDLIKECOMMENTENTRY INTEGER, ZCOMMENTCLIENTDATE TIMESTAMP, ZCOMMENTDATE TIMESTAMP, ZCLOUDGUID VARCHAR, ZCOMMENTTEXT VARCHAR, ZCOMMENTTYPE VARCHAR, ZCOMMENTERHASHEDPERSONID VARCHAR )
table  ZCOMPUTEDASSETATTRIBUTES  table=ZCOMPUTEDASSETATTRIBUTES
  SQL: CREATE TABLE ZCOMPUTEDASSETATTRIBUTES ( Z_PK INTEGER PRIMARY KEY, Z_ENT INTEGER, Z_OPT INTEGER, ZASSET INTEGER, ZBEHAVIORALSCORE FLOAT, ZFAILURESCORE FLOAT, ZHARMONIOUSCOLORSCORE FLOAT, ZIMMERSIVENESSSCORE FLOAT, ZINTERACTIONSCORE FLOAT, ZINTERESTINGSUBJECTSCORE FLOAT, ZINTRUSIVEOBJECTPRESENCESCORE FLOAT, ZLIVELYCOLORSCORE FLOAT, ZLOWLIGHT FLOAT, ZNOISESCORE FLOAT, ZPLEASANTCAMERATILTSCORE FLOAT, ZPLEASANTCOMPOSITIONSCORE FLOAT, ZPLEASANTLIGHTINGSCORE FLOAT, ZPLEASANTPATTERNSCORE FLOAT, ZPLEASANTPERSPECTIVESCORE FLOAT, ZPLEASANTPOSTPROCESSINGSCORE FLOAT, ZPLEASANTREFLECTIONSSCORE FLOAT, ZPLEASANTSYMMETRYSCORE FLOAT, ZSHARPLYFOCUSEDSUBJECTSCORE FLOAT, ZTASTEFULLYBLURREDSCORE FLOAT, ZWELLCHOSENSUBJECTSCORE FLOAT, ZWELLFRAMEDSUBJECTSCORE FLOAT, ZWELLTIMEDSHOTSCORE FLOAT )
table  ZDEFERREDREBUILDFACE  table=ZDEFERREDREBUILDFACE
  SQL: CREATE TABLE ZDEFERREDREBUILDFACE ( Z_PK INTEGER PRIMARY KEY, Z_ENT INTEGER, Z_OPT INTEGER, ZCLOUDNAMESOURCE INTEGER, ZCLUSTERREJECTED INTEGER, ZFACEALGORITHMVERSION INTEGER, ZHIDDEN INTEGER, ZMANUAL INTEGER, ZNAMESOURCE INTEGER, ZREJECTED INTEGER, ZREPRESENTATIVE INTEGER, ZCENTERX FLOAT, ZCENTERY FLOAT, ZSIZE FLOAT, ZASSETCLOUDGUID VARCHAR, ZASSETUUID VARCHAR, ZFACEUUID VARCHAR, ZPERSONUUID VARCHAR, ZUUID VARCHAR )
table  ZDETECTEDFACE  table=ZDETECTEDFACE
  SQL: CREATE TABLE ZDETECTEDFACE ( Z_PK INTEGER PRIMARY KEY, Z_ENT INTEGER, Z_OPT INTEGER, ZAGETYPE INTEGER, ZASSETVISIBLE INTEGER, ZCLOUDLOCALSTATE INTEGER, ZCLOUDNAMESOURCE INTEGER, ZCLUSTERSEQUENCENUMBER INTEGER, ZCONFIRMEDFACECROPGENERATIONSTATE INTEGER, ZDETECTIONTYPE INTEGER, ZETHNICITYTYPE INTEGER, ZEYEMAKEUPTYPE INTEGER, ZEYESSTATE INTEGER, ZFACEALGORITHMVERSION INTEGER, ZFACEEXPRESSIONTYPE INTEGER, ZFACIALHAIRTYPE INTEGER, ZGAZETYPE INTEGER, ZGENDERTYPE INTEGER, ZGLASSESTYPE INTEGER, ZHAIRCOLORTYPE INTEGER, ZHAIRTYPE INTEGER, ZHASFACEMASK INTEGER, ZHASSMILE INTEGER, ZHEADGEARTYPE INTEGER, ZHIDDEN INTEGER, ZISINTRASH INTEGER, ZISLEFTEYECLOSED INTEGER, ZISRIGHTEYECLOSED INTEGER, ZLIPMAKEUPTYPE INTEGER, ZMANUAL INTEGER, ZNAMESOURCE INTEGER, ZPOSETYPE INTEGER, ZQUALITYMEASURE INTEGER, ZSKINTONETYPE INTEGER, ZSMILETYPE INTEGER, ZSOURCEHEIGHT INTEGER, ZSOURCEWIDTH INTEGER, ZTRAININGTYPE INTEGER, ZVIPMODELTYPE INTEGER, ZASSET INTEGER, ZFACECROP INTEGER, ZFACEGROUP INTEGER, ZFACEGROUPBEINGKEYFACE INTEGER, ZFACEPRINT INTEGER, ZPERSON INTEGER, ZPERSONBEINGKEYFACE INTEGER, ZADJUSTMENTVERSION TIMESTAMP, ZBLURSCORE FLOAT, ZBODYCENTERX FLOAT, ZBODYCENTERY FLOAT, ZBODYHEIGHT FLOAT, ZBODYWIDTH FLOAT, ZCENTERX FLOAT, ZCENTERY FLOAT, ZGAZECENTERX FLOAT, ZGAZECENTERY FLOAT, ZLEFTEYEX FLOAT, ZLEFTEYEY FLOAT, ZMOUTHX FLOAT, ZMOUTHY FLOAT, ZPOSEYAW FLOAT, ZQUALITY FLOAT, ZRIGHTEYEX FLOAT, ZRIGHTEYEY FLOAT, ZROLL FLOAT, ZSIZE FLOAT, ZYAW FLOAT, ZGROUPINGIDENTIFIER VARCHAR, ZMASTERIDENTIFIER VARCHAR, ZUUID VARCHAR )
table  ZDETECTEDFACEGROUP  table=ZDETECTEDFACEGROUP
  SQL: CREATE TABLE ZDETECTEDFACEGROUP ( Z_PK INTEGER PRIMARY KEY, Z_ENT INTEGER, Z_OPT INTEGER, ZPERSONBUILDERSTATE INTEGER, ZUNNAMEDFACECOUNT INTEGER, ZASSOCIATEDPERSON INTEGER, ZKEYFACE INTEGER, ZUUID VARCHAR )
table  ZDETECTEDFACEPRINT  table=ZDETECTEDFACEPRINT
  SQL: CREATE TABLE ZDETECTEDFACEPRINT ( Z_PK INTEGER PRIMARY KEY, Z_ENT INTEGER, Z_OPT INTEGER, ZFACEPRINTVERSION INTEGER, ZFACE INTEGER, ZDATA BLOB )
table  ZDETECTIONTRAIT  table=ZDETECTIONTRAIT
  SQL: CREATE TABLE ZDETECTIONTRAIT ( Z_PK INTEGER PRIMARY KEY, Z_ENT INTEGER, Z_OPT INTEGER, ZTYPE INTEGER, ZVALUE INTEGER, ZDETECTION INTEGER, ZDURATION FLOAT, ZSCORE FLOAT, ZSTARTTIME FLOAT )
table  ZEDITEDIPTCATTRIBUTES  table=ZEDITEDIPTCATTRIBUTES
  SQL: CREATE TABLE ZEDITEDIPTCATTRIBUTES ( Z_PK INTEGER PRIMARY KEY, Z_ENT INTEGER, Z_OPT INTEGER, ZASSETATTRIBUTES INTEGER, ZACTIONADVISED VARCHAR, ZAUDIODURATION VARCHAR, ZAUDIOOUTCUE VARCHAR, ZAUDIOSAMPLINGRATE VARCHAR, ZAUDIOSAMPLINGRES VARCHAR, ZAUDIOTYPE VARCHAR, ZBYLINE VARCHAR, ZBYLINETITLE VARCHAR, ZCAPTION VARCHAR, ZCATEGORY VARCHAR, ZCIADRCITY VARCHAR, ZCIADRCTRY VARCHAR, ZCIADREXTADR VARCHAR, ZCIADRPCODE VARCHAR, ZCIADRREGION VARCHAR, ZCIEMAILWORK VARCHAR, ZCITELWORK VARCHAR, ZCIURLWORK VARCHAR, ZCITY VARCHAR, ZCONTACT VARCHAR, ZCONTENTLOCATIONCODE VARCHAR, ZCONTENTLOCATIONNAME VARCHAR, ZCOPYRIGHTNOTICE VARCHAR, ZCOUNTRYPRIMARYLOCATIONCODE VARCHAR, ZCOUNTRYPRIMARYLOCATIONNAME VARCHAR, ZCREATORCONTACTINFO VARCHAR, ZCREDIT VARCHAR, ZDATECREATED VARCHAR, ZDIGITALCREATIONDATE VARCHAR, ZDIGITALCREATIONTIME VARCHAR, ZEDITSTATUS VARCHAR, ZEDITORIALUPDATE VARCHAR, ZEXPIRATIONDATE VARCHAR, ZEXPIRATIONTIME VARCHAR, ZFIXTUREIDENTIFIER VARCHAR, ZHEADLINE VARCHAR, ZIMAGEORIENTATION VARCHAR, ZIMAGETYPE VARCHAR, ZKEYWORDS VARCHAR, ZLANGUAGEIDENTIFIER VARCHAR, ZOBJECTATTRIBUTEREFERENCE VARCHAR, ZOBJECTCYCLE VARCHAR, ZOBJECTNAME VARCHAR, ZOBJECTTYPEREFERENCE VARCHAR, ZORIGINALTRANSMISSIONREFERENCE VARCHAR, ZORIGINATINGPROGRAM VARCHAR, ZPROGRAMVERSION VARCHAR, ZPROVINCESTATE VARCHAR, ZREFERENCEDATE VARCHAR, ZREFERENCENUMBER VARCHAR, ZREFERENCESERVICE VARCHAR, ZRELEASEDATE VARCHAR, ZRELEASETIME VARCHAR, ZSCENE VARCHAR, ZSOURCE VARCHAR, ZSPECIALINSTRUCTIONS VARCHAR, ZSTARRATING VARCHAR, ZSUBLOCATION VARCHAR, ZSUBJECTREFERENCE VARCHAR, ZSUPPLEMENTALCATEGORY VARCHAR, ZTIMECREATED VARCHAR, ZURGENCY VARCHAR, ZUSAGETERMS VARCHAR, ZWRITEREDITOR VARCHAR, ZDATA BLOB )
table  ZEXTENDEDATTRIBUTES  table=ZEXTENDEDATTRIBUTES
  SQL: CREATE TABLE ZEXTENDEDATTRIBUTES ( Z_PK INTEGER PRIMARY KEY, Z_ENT INTEGER, Z_OPT INTEGER, ZFLASHFIRED INTEGER, ZFOCALLENGTHIN35MM INTEGER, ZISO INTEGER, ZMETERINGMODE INTEGER, ZSAMPLERATE INTEGER, ZSLUSHPRESET INTEGER, ZSLUSHVERSION INTEGER, ZTRACKFORMAT INTEGER, ZWHITEBALANCE INTEGER, ZASSET INTEGER, ZAPERTURE FLOAT, ZBITRATE FLOAT, ZDIGITALZOOMRATIO FLOAT, ZDURATION FLOAT, ZEXPOSUREBIAS FLOAT, ZFOCALLENGTH FLOAT, ZFPS FLOAT, ZLATITUDE FLOAT, ZLONGITUDE FLOAT, ZSHUTTERSPEED FLOAT, ZSLUSHSCENEBIAS FLOAT, ZSLUSHWARMTHBIAS FLOAT, ZCAMERAMAKE VARCHAR, ZCAMERAMODEL VARCHAR, ZCODEC VARCHAR, ZLENSMODEL VARCHAR )
table  ZFACECROP  table=ZFACECROP
  SQL: CREATE TABLE ZFACECROP ( Z_PK INTEGER PRIMARY KEY, Z_ENT INTEGER, Z_OPT INTEGER, ZCLOUDDELETESTATE INTEGER, ZCLOUDLOCALSTATE INTEGER, ZCLOUDTYPE INTEGER, ZSTATE INTEGER, ZTYPE INTEGER, ZASSET INTEGER, ZFACE INTEGER, ZPERSON INTEGER, ZINVALIDMERGECANDIDATEPERSONUUID VARCHAR, ZUUID VARCHAR, ZRESOURCEDATA BLOB )
table  ZFILESYSTEMBOOKMARK  table=ZFILESYSTEMBOOKMARK
  SQL: CREATE TABLE ZFILESYSTEMBOOKMARK ( Z_PK INTEGER PRIMARY KEY, Z_ENT INTEGER, Z_OPT INTEGER, ZRESOURCE INTEGER, ZPATHRELATIVETOVOLUME VARCHAR, ZBOOKMARKDATA BLOB )
table  ZFILESYSTEMVOLUME  table=ZFILESYSTEMVOLUME
  SQL: CREATE TABLE ZFILESYSTEMVOLUME ( Z_PK INTEGER PRIMARY KEY, Z_ENT INTEGER, Z_OPT INTEGER, ZNAME VARCHAR, ZUUID VARCHAR, ZVOLUMEUUIDSTRING VARCHAR )
table  ZGENERICALBUM  table=ZGENERICALBUM
  SQL: CREATE TABLE ZGENERICALBUM ( Z_PK INTEGER PRIMARY KEY, Z_ENT INTEGER, Z_OPT INTEGER, ZCACHEDCOUNT INTEGER, ZCACHEDPHOTOSCOUNT INTEGER, ZCACHEDVIDEOSCOUNT INTEGER, ZCLOUDDELETESTATE INTEGER, ZCLOUDLOCALSTATE INTEGER, ZCUSTOMSORTASCENDING INTEGER, ZCUSTOMSORTKEY INTEGER, ZISPINNED INTEGER, ZISPROTOTYPE INTEGER, ZKIND INTEGER, ZPENDINGITEMSCOUNT INTEGER, ZPENDINGITEMSTYPE INTEGER, ZSYNCEVENTORDERKEY INTEGER, ZTRASHEDSTATE INTEGER, ZCUSTOMKEYASSET INTEGER, ZKEYASSET INTEGER, ZPARENTFOLDER INTEGER, ZSECONDARYKEYASSET INTEGER, ZTERTIARYKEYASSET INTEGER, ZCLOUDALBUMSUBTYPE INTEGER, ZCLOUDMULTIPLECONTRIBUTORSENABLED INTEGER, ZCLOUDMULTIPLECONTRIBUTORSENABLEDLOCAL INTEGER, ZCLOUDNOTIFICATIONSENABLED INTEGER, ZCLOUDOWNEREMAILKEY INTEGER, ZCLOUDOWNERISWHITELISTED INTEGER, ZCLOUDPUBLICURLENABLED INTEGER, ZCLOUDPUBLICURLENABLEDLOCAL INTEGER, ZCLOUDRELATIONSHIPSTATE INTEGER, ZCLOUDRELATIONSHIPSTATELOCAL INTEGER, ZHASUNSEENCONTENT INTEGER, ZISOWNED INTEGER, ZUNSEENASSETSCOUNT INTEGER, ZKEYASSETFACEIDENTIFIER INTEGER, ZKEYASSETFACETHUMBNAILINDEX INTEGER, ZSYNDICATE INTEGER, Z_FOK_PARENTFOLDER INTEGER, ZCREATIONDATE TIMESTAMP, ZENDDATE TIMESTAMP, ZSTARTDATE TIMESTAMP, ZTRASHEDDATE TIMESTAMP, ZCLOUDCREATIONDATE TIMESTAMP, ZCLOUDLASTCONTRIBUTIONDATE TIMESTAMP, ZCLOUDLASTINTERESTINGCHANGEDATE TIMESTAMP, ZCLOUDSUBSCRIPTIONDATE TIMESTAMP, ZCLOUDGUID VARCHAR, ZIMPORTSESSIONID VARCHAR, ZIMPORTEDBYBUNDLEIDENTIFIER VARCHAR, ZTITLE VARCHAR, ZUUID VARCHAR, ZCLOUDOWNERFIRSTNAME VARCHAR, ZCLOUDOWNERFULLNAME VARCHAR, ZCLOUDOWNERHASHEDPERSONID VARCHAR, ZCLOUDOWNERLASTNAME VARCHAR, ZCLOUDPERSONID VARCHAR, ZPUBLICURL VARCHAR, ZPROJECTDOCUMENTTYPE VARCHAR, ZPROJECTEXTENSIONIDENTIFIER VARCHAR, ZPROJECTRENDERUUID VARCHAR, ZCUSTOMQUERYTYPE VARCHAR, ZCLOUDMETADATA BLOB, ZUSERQUERYDATA BLOB, ZPROJECTDATA BLOB, ZCUSTOMQUERYPARAMETERS BLOB )
table  ZGLOBALKEYVALUE  table=ZGLOBALKEYVALUE
  SQL: CREATE TABLE ZGLOBALKEYVALUE ( Z_PK INTEGER PRIMARY KEY, Z_ENT INTEGER, Z_OPT INTEGER, ZBOOLVALUE INTEGER, ZINTEGERVALUE INTEGER, ZTYPE INTEGER, ZDATEVALUE TIMESTAMP, ZDOUBLEVALUE FLOAT, ZKEY VARCHAR, ZSTRINGVALUE VARCHAR, ZANYVALUE BLOB )
table  ZINTERNALRESOURCE  table=ZINTERNALRESOURCE
  SQL: CREATE TABLE ZINTERNALRESOURCE ( Z_PK INTEGER PRIMARY KEY, Z_ENT INTEGER, Z_OPT INTEGER, ZCLOUDDELETESTATE INTEGER, ZCLOUDLOCALSTATE INTEGER, ZCLOUDPREFETCHCOUNT INTEGER, ZCLOUDSOURCETYPE INTEGER, ZDATALENGTH INTEGER, ZDATASTORECLASSID INTEGER, ZDATASTORESUBTYPE INTEGER, ZFILEID INTEGER, ZLOCALAVAILABILITY INTEGER, ZLOCALAVAILABILITYTARGET INTEGER, ZORIENTATION INTEGER, ZPTPTRASHEDSTATE INTEGER, ZQUALITYSORTVALUE INTEGER, ZRECIPEID INTEGER, ZREMOTEAVAILABILITY INTEGER, ZREMOTEAVAILABILITYTARGET INTEGER, ZRESOURCETYPE INTEGER, ZSIDECARINDEX INTEGER, ZTRASHEDSTATE INTEGER, ZUNORIENTEDHEIGHT INTEGER, ZUNORIENTEDWIDTH INTEGER, ZUTICONFORMANCEHINT INTEGER, ZVERSION INTEGER, ZASSET INTEGER, ZFILESYSTEMBOOKMARK INTEGER, ZFILESYSTEMVOLUME INTEGER, ZTRANSIENTCLOUDMASTER INTEGER, ZCLOUDLASTONDEMANDDOWNLOADDATE TIMESTAMP, ZCLOUDLASTPREFETCHDATE TIMESTAMP, ZCLOUDMASTERDATECREATED TIMESTAMP, ZCLOUDPRUNEDAT TIMESTAMP, ZTRASHEDDATE TIMESTAMP, ZCLOUDDELETEASSETUUIDWITHRESOURCETYPE VARCHAR, ZCODECFOURCHARCODENAME VARCHAR, ZCOMPACTUTI VARCHAR, ZFINGERPRINT VARCHAR, ZDATASTOREKEYDATA BLOB )
table  ZKEYWORD  table=ZKEYWORD
  SQL: CREATE TABLE ZKEYWORD ( Z_PK INTEGER PRIMARY KEY, Z_ENT INTEGER, Z_OPT INTEGER, ZSHORTCUT VARCHAR, ZTITLE VARCHAR, ZUUID VARCHAR )
table  ZLEGACYFACE  table=ZLEGACYFACE
  SQL: CREATE TABLE ZLEGACYFACE ( Z_PK INTEGER PRIMARY KEY, Z_ENT INTEGER, Z_OPT INTEGER, ZIDENTIFIER INTEGER, ZASSET INTEGER, ZALBUMUUID VARCHAR, ZRELATIVERECTVALUE BLOB )
table  ZLIMITEDLIBRARYFETCHFILTER  table=ZLIMITEDLIBRARYFETCHFILTER
  SQL: CREATE TABLE ZLIMITEDLIBRARYFETCHFILTER ( Z_PK INTEGER PRIMARY KEY, Z_ENT INTEGER, Z_OPT INTEGER, ZAPPLICATIONIDENTIFIER VARCHAR, ZDESIGNATEDREQUIREMENT VARCHAR, ZFETCHFILTERDATA BLOB )
table  ZMEDIAANALYSISASSETATTRIBUTES  table=ZMEDIAANALYSISASSETATTRIBUTES
  SQL: CREATE TABLE ZMEDIAANALYSISASSETATTRIBUTES ( Z_PK INTEGER PRIMARY KEY, Z_ENT INTEGER, Z_OPT INTEGER, ZAUDIOCLASSIFICATION INTEGER, ZBESTVIDEORANGEDURATIONTIMESCALE INTEGER, ZBESTVIDEORANGEDURATIONVALUE INTEGER, ZBESTVIDEORANGESTARTTIMESCALE INTEGER, ZBESTVIDEORANGESTARTVALUE INTEGER, ZFACECOUNT INTEGER, ZMEDIAANALYSISVERSION INTEGER, ZPACKEDBESTPLAYBACKRECT INTEGER, ZPROBABLEROTATIONDIRECTION INTEGER, ZSCREENTIMEDEVICEIMAGESENSITIVITY INTEGER, ZSYNDICATIONPROCESSINGVALUE INTEGER, ZSYNDICATIONPROCESSINGVERSION INTEGER, ZASSET INTEGER, ZCHARACTERRECOGNITIONATTRIBUTES INTEGER, ZVISUALSEARCHATTRIBUTES INTEGER, ZACTIVITYSCORE FLOAT, ZAUTOPLAYSUGGESTIONSCORE FLOAT, ZBLURRINESSSCORE FLOAT, ZEXPOSURESCORE FLOAT, ZMEDIAANALYSISTIMESTAMP TIMESTAMP, ZPROBABLEROTATIONDIRECTIONCONFIDENCE FLOAT, ZVIDEOSCORE FLOAT, ZCOLORNORMALIZATIONDATA BLOB )
table  ZMEMORY  table=ZMEMORY
  SQL: CREATE TABLE ZMEMORY ( Z_PK INTEGER PRIMARY KEY, Z_ENT INTEGER, Z_OPT INTEGER, ZCATEGORY INTEGER, ZCLOUDDELETESTATE INTEGER, ZCLOUDLOCALSTATE INTEGER, ZFAVORITE INTEGER, ZFEATUREDSTATE INTEGER, ZNOTIFICATIONSTATE INTEGER, ZPENDINGPLAYCOUNT INTEGER, ZPENDINGSHARECOUNT INTEGER, ZPENDINGSTATE INTEGER, ZPENDINGVIEWCOUNT INTEGER, ZPHOTOSGRAPHVERSION INTEGER, ZPLAYCOUNT INTEGER, ZREJECTED INTEGER, ZSHARECOUNT INTEGER, ZSTORYCOLORGRADEKIND INTEGER, ZSTORYSERIALIZEDTITLECATEGORY INTEGER, ZSUBCATEGORY INTEGER, ZSYNDICATEDCONTENTSTATE INTEGER, ZUSERACTIONOPTIONS INTEGER, ZVIEWCOUNT INTEGER, ZKEYASSET INTEGER, ZCREATIONDATE TIMESTAMP, ZLASTENRICHMENTDATE TIMESTAMP, ZLASTMOVIEPLAYEDDATE TIMESTAMP, ZLASTVIEWEDDATE TIMESTAMP, ZSCORE FLOAT, ZGRAPHMEMORYIDENTIFIER VARCHAR, ZSUBTITLE VARCHAR, ZTITLE VARCHAR, ZUUID VARCHAR, ZMOVIEASSETSTATE BLOB, ZASSETLISTPREDICATE BLOB, ZBLACKLISTEDFEATURE BLOB, ZMOVIEDATA BLOB, ZPHOTOSGRAPHDATA BLOB )
table  ZMIGRATIONHISTORY  table=ZMIGRATIONHISTORY
  SQL: CREATE TABLE ZMIGRATIONHISTORY ( Z_PK INTEGER PRIMARY KEY, Z_ENT INTEGER, Z_OPT INTEGER, ZFORCEREBUILDREASON INTEGER, ZINDEX INTEGER, ZMIGRATIONTYPE INTEGER, ZMODELVERSION INTEGER, ZORIGIN INTEGER, ZSOURCEMODELVERSION INTEGER, ZMIGRATIONDATE TIMESTAMP, ZOSVERSION VARCHAR, ZSTOREUUID VARCHAR, ZGLOBALKEYVALUES BLOB )
table  ZMOMENT  table=ZMOMENT
  SQL: CREATE TABLE ZMOMENT ( Z_PK INTEGER PRIMARY KEY, Z_ENT INTEGER, Z_OPT INTEGER, ZCACHEDCOUNT INTEGER, ZCACHEDPHOTOSCOUNT INTEGER, ZCACHEDVIDEOSCOUNT INTEGER, ZORIGINATORSTATE INTEGER, ZPROCESSEDLOCATION INTEGER, ZTIMEZONEOFFSET INTEGER, ZTRASHEDSTATE INTEGER, ZHIGHLIGHT INTEGER, ZAGGREGATIONSCORE FLOAT, ZAPPROXIMATELATITUDE FLOAT, ZAPPROXIMATELONGITUDE FLOAT, ZENDDATE TIMESTAMP, ZGPSHORIZONTALACCURACY FLOAT, ZMODIFICATIONDATE TIMESTAMP, ZREPRESENTATIVEDATE TIMESTAMP, ZSTARTDATE TIMESTAMP, ZSUBTITLE VARCHAR, ZTITLE VARCHAR, ZUUID VARCHAR, ZLOCALIZEDLOCATIONNAMES BLOB )
table  ZPERSON  table=ZPERSON
  SQL: CREATE TABLE ZPERSON ( Z_PK INTEGER PRIMARY KEY, Z_ENT INTEGER, Z_OPT INTEGER, ZAGETYPE INTEGER, ZCLOUDDELETESTATE INTEGER, ZCLOUDLOCALSTATE INTEGER, ZCLOUDVERIFIEDTYPE INTEGER, ZDETECTIONTYPE INTEGER, ZFACECOUNT INTEGER, ZGENDERTYPE INTEGER, ZINPERSONNAMINGMODEL INTEGER, ZKEYFACEPICKSOURCE INTEGER, ZMANUALORDER INTEGER, ZQUESTIONTYPE INTEGER, ZSUGGESTEDFORCLIENTTYPE INTEGER, ZTYPE INTEGER, ZVERIFIEDTYPE INTEGER, ZASSOCIATEDFACEGROUP INTEGER, ZKEYFACE INTEGER, ZMERGETARGETPERSON INTEGER, ZDISPLAYNAME VARCHAR, ZFULLNAME VARCHAR, ZPERSONUUID VARCHAR, ZPERSONURI VARCHAR, ZCONTACTMATCHINGDICTIONARY BLOB )
table  ZPERSONREFERENCE  table=ZPERSONREFERENCE
  SQL: CREATE TABLE ZPERSONREFERENCE ( Z_PK INTEGER PRIMARY KEY, Z_ENT INTEGER, Z_OPT INTEGER, ZASSETATTRIBUTES INTEGER, ZPERSON INTEGER, ZPERSONUUID VARCHAR, ZPERSONDATA BLOB )
table  ZPHOTOSHIGHLIGHT  table=ZPHOTOSHIGHLIGHT
  SQL: CREATE TABLE ZPHOTOSHIGHLIGHT ( Z_PK INTEGER PRIMARY KEY, Z_ENT INTEGER, Z_OPT INTEGER, ZASSETSCOUNT INTEGER, ZCATEGORY INTEGER, ZDAYGROUPASSETSCOUNT INTEGER, ZDAYGROUPEXTENDEDASSETSCOUNT INTEGER, ZDAYGROUPSUMMARYASSETSCOUNT INTEGER, ZENDTIMEZONEOFFSET INTEGER, ZENRICHMENTSTATE INTEGER, ZENRICHMENTVERSION INTEGER, ZEXTENDEDCOUNT INTEGER, ZHIGHLIGHTVERSION INTEGER, ZKIND INTEGER, ZMOOD INTEGER, ZSTARTTIMEZONEOFFSET INTEGER, ZSUMMARYCOUNT INTEGER, ZTYPE INTEGER, ZVISIBILITYSTATE INTEGER, ZDAYGROUPKEYASSET INTEGER, ZKEYASSET INTEGER, ZMONTHFIRSTASSET INTEGER, ZMONTHKEYASSET INTEGER, ZPARENTDAYGROUPPHOTOSHIGHLIGHT INTEGER, ZPARENTPHOTOSHIGHLIGHT INTEGER, ZYEARKEYASSET INTEGER, ZENDDATE TIMESTAMP, ZPROMOTIONSCORE FLOAT, ZSTARTDATE TIMESTAMP, ZSUBTITLE VARCHAR, ZTITLE VARCHAR, ZUUID VARCHAR, ZVERBOSESMARTDESCRIPTION VARCHAR )
table  ZQUESTION  table=ZQUESTION
  SQL: CREATE TABLE ZQUESTION ( Z_PK INTEGER PRIMARY KEY, Z_ENT INTEGER, Z_OPT INTEGER, ZDISPLAYTYPE INTEGER, ZENTITYTYPE INTEGER, ZSTATE INTEGER, ZTYPE INTEGER, ZCREATIONDATE TIMESTAMP, ZSCORE FLOAT, ZENTITYIDENTIFIER VARCHAR, ZUUID VARCHAR, ZADDITIONALINFO BLOB )
table  ZSCENECLASSIFICATION  table=ZSCENECLASSIFICATION
  SQL: CREATE TABLE ZSCENECLASSIFICATION ( Z_PK INTEGER PRIMARY KEY, Z_ENT INTEGER, Z_OPT INTEGER, ZPACKEDBOUNDINGBOXRECT INTEGER, ZSCENEIDENTIFIER INTEGER, ZASSETATTRIBUTES INTEGER, ZCONFIDENCE FLOAT )
table  ZSCENEPRINT  table=ZSCENEPRINT
  SQL: CREATE TABLE ZSCENEPRINT ( Z_PK INTEGER PRIMARY KEY, Z_ENT INTEGER, Z_OPT INTEGER, ZADDITIONALASSETATTRIBUTES INTEGER, ZDATA BLOB )
table  ZSHARE  table=ZSHARE
  SQL: CREATE TABLE ZSHARE ( Z_PK INTEGER PRIMARY KEY, Z_ENT INTEGER, Z_OPT INTEGER, ZCLOUDDELETESTATE INTEGER, ZLOCALPUBLISHSTATE INTEGER, ZPUBLICPERMISSION INTEGER, ZSCOPETYPE INTEGER, ZSTATUS INTEGER, ZTRASHEDSTATE INTEGER, ZACTIVATED INTEGER, ZAUTOSHAREPOLICY INTEGER, ZCLOUDUPDATESTATE INTEGER, ZASSETCOUNT INTEGER, ZFORCESYNCATTEMPTED INTEGER, ZPHOTOSCOUNT INTEGER, ZSHOULDIGNOREBUDGETS INTEGER, ZSHOULDNOTIFYONUPLOADCOMPLETION INTEGER, ZUPLOADEDPHOTOSCOUNT INTEGER, ZUPLOADEDVIDEOSCOUNT INTEGER, ZVIDEOSCOUNT INTEGER, ZCREATIONDATE TIMESTAMP, ZEXPIRYDATE TIMESTAMP, ZENDDATE TIMESTAMP, ZSTARTDATE TIMESTAMP, ZSCOPEIDENTIFIER VARCHAR, ZTITLE VARCHAR, ZUUID VARCHAR, ZORIGINATINGSCOPEIDENTIFIER VARCHAR, ZSHAREURL VARCHAR, ZRULESDATA BLOB, ZPREVIEWDATA BLOB, ZTHUMBNAILIMAGEDATA BLOB )
table  ZSHAREPARTICIPANT  table=ZSHAREPARTICIPANT
  SQL: CREATE TABLE ZSHAREPARTICIPANT ( Z_PK INTEGER PRIMARY KEY, Z_ENT INTEGER, Z_OPT INTEGER, ZACCEPTANCESTATUS INTEGER, ZISCURRENTUSER INTEGER, ZPERMISSION INTEGER, ZROLE INTEGER, ZSHARE INTEGER, Z51_SHARE INTEGER, ZEMAILADDRESS VARCHAR, ZPHONENUMBER VARCHAR, ZUSERIDENTIFIER VARCHAR, ZUUID VARCHAR, ZNAMECOMPONENTS BLOB )
table  ZSUGGESTION  table=ZSUGGESTION
  SQL: CREATE TABLE ZSUGGESTION ( Z_PK INTEGER PRIMARY KEY, Z_ENT INTEGER, Z_OPT INTEGER, ZCACHEDCOUNT INTEGER, ZCACHEDPHOTOSCOUNT INTEGER, ZCACHEDVIDEOSCOUNT INTEGER, ZCLOUDDELETESTATE INTEGER, ZCLOUDLOCALSTATE INTEGER, ZFEATUREDSTATE INTEGER, ZNOTIFICATIONSTATE INTEGER, ZSTATE INTEGER, ZSUBTYPE INTEGER, ZTYPE INTEGER, ZVERSION INTEGER, ZACTIVATIONDATE TIMESTAMP, ZCREATIONDATE TIMESTAMP, ZENDDATE TIMESTAMP, ZEXPUNGEDATE TIMESTAMP, ZRELEVANTUNTILDATE TIMESTAMP, ZSTARTDATE TIMESTAMP, ZSUBTITLE VARCHAR, ZTITLE VARCHAR, ZUUID VARCHAR, ZACTIONDATA BLOB, ZFEATURESDATA BLOB )
table  ZUNMANAGEDADJUSTMENT  table=ZUNMANAGEDADJUSTMENT
  SQL: CREATE TABLE ZUNMANAGEDADJUSTMENT ( Z_PK INTEGER PRIMARY KEY, Z_ENT INTEGER, Z_OPT INTEGER, ZADJUSTMENTBASEIMAGEFORMAT INTEGER, ZADJUSTMENTRENDERTYPES INTEGER, ZASSETATTRIBUTES INTEGER, ZADJUSTMENTTIMESTAMP TIMESTAMP, ZADJUSTMENTFORMATIDENTIFIER VARCHAR, ZADJUSTMENTFORMATVERSION VARCHAR, ZEDITORLOCALIZEDNAME VARCHAR, ZOTHERADJUSTMENTSFINGERPRINT VARCHAR, ZSIMILARTOORIGINALADJUSTMENTSFINGERPRINT VARCHAR, ZUUID VARCHAR )
table  ZUSERFEEDBACK  table=ZUSERFEEDBACK
  SQL: CREATE TABLE ZUSERFEEDBACK ( Z_PK INTEGER PRIMARY KEY, Z_ENT INTEGER, Z_OPT INTEGER, ZCLOUDDELETESTATE INTEGER, ZCLOUDLOCALSTATE INTEGER, ZFEATURE INTEGER, ZTYPE INTEGER, ZMEMORY INTEGER, ZPERSON INTEGER, ZLASTMODIFIEDDATE TIMESTAMP, ZCONTEXT VARCHAR, ZUUID VARCHAR )
table  ZVISUALSEARCHATTRIBUTES  table=ZVISUALSEARCHATTRIBUTES
  SQL: CREATE TABLE ZVISUALSEARCHATTRIBUTES ( Z_PK INTEGER PRIMARY KEY, Z_ENT INTEGER, Z_OPT INTEGER, ZALGORITHMVERSION INTEGER, ZMEDIAANALYSISASSETATTRIBUTES INTEGER, ZADJUSTMENTVERSION TIMESTAMP, ZVISUALSEARCHDATA BLOB )
table  Z_17CLUSTERREJECTEDPERSONS  table=Z_17CLUSTERREJECTEDPERSONS
  SQL: CREATE TABLE Z_17CLUSTERREJECTEDPERSONS ( Z_17CLUSTERREJECTEDFACES INTEGER, Z_45CLUSTERREJECTEDPERSONS INTEGER, PRIMARY KEY (Z_17CLUSTERREJECTEDFACES, Z_45CLUSTERREJECTEDPERSONS) )
table  Z_17REJECTEDPERSONS  table=Z_17REJECTEDPERSONS
  SQL: CREATE TABLE Z_17REJECTEDPERSONS ( Z_17REJECTEDFACES INTEGER, Z_45REJECTEDPERSONS INTEGER, PRIMARY KEY (Z_17REJECTEDFACES, Z_45REJECTEDPERSONS) )
table  Z_17REJECTEDPERSONSNEEDINGFACECROPS  table=Z_17REJECTEDPERSONSNEEDINGFACECROPS
  SQL: CREATE TABLE Z_17REJECTEDPERSONSNEEDINGFACECROPS ( Z_17REJECTEDFACESNEEDINGFACECROPS INTEGER, Z_45REJECTEDPERSONSNEEDINGFACECROPS INTEGER, PRIMARY KEY (Z_17REJECTEDFACESNEEDINGFACECROPS, Z_45REJECTEDPERSONSNEEDINGFACECROPS) )
table  Z_1KEYWORDS  table=Z_1KEYWORDS
  SQL: CREATE TABLE Z_1KEYWORDS ( Z_1ASSETATTRIBUTES INTEGER, Z_38KEYWORDS INTEGER, PRIMARY KEY (Z_1ASSETATTRIBUTES, Z_38KEYWORDS) )
table  Z_26ALBUMLISTS  table=Z_26ALBUMLISTS
  SQL: CREATE TABLE Z_26ALBUMLISTS ( Z_26ALBUMS INTEGER, Z_2ALBUMLISTS INTEGER, Z_FOK_26ALBUMS INTEGER, PRIMARY KEY (Z_26ALBUMS, Z_2ALBUMLISTS) )
table  Z_27ASSETS  table=Z_27ASSETS
  SQL: CREATE TABLE Z_27ASSETS ( Z_27ALBUMS INTEGER, Z_3ASSETS INTEGER, Z_FOK_3ASSETS INTEGER, PRIMARY KEY (Z_27ALBUMS, Z_3ASSETS) )
table  Z_3MEMORIESBEINGCURATEDASSETS  table=Z_3MEMORIESBEINGCURATEDASSETS
  SQL: CREATE TABLE Z_3MEMORIESBEINGCURATEDASSETS ( Z_3CURATEDASSETS INTEGER, Z_42MEMORIESBEINGCURATEDASSETS INTEGER, PRIMARY KEY (Z_3CURATEDASSETS, Z_42MEMORIESBEINGCURATEDASSETS) )
table  Z_3MEMORIESBEINGEXTENDEDCURATEDASSETS  table=Z_3MEMORIESBEINGEXTENDEDCURATEDASSETS
  SQL: CREATE TABLE Z_3MEMORIESBEINGEXTENDEDCURATEDASSETS ( Z_3EXTENDEDCURATEDASSETS INTEGER, Z_42MEMORIESBEINGEXTENDEDCURATEDASSETS INTEGER, PRIMARY KEY (Z_3EXTENDEDCURATEDASSETS, Z_42MEMORIESBEINGEXTENDEDCURATEDASSETS) )
table  Z_3MEMORIESBEINGMOVIECURATEDASSETS  table=Z_3MEMORIESBEINGMOVIECURATEDASSETS
  SQL: CREATE TABLE Z_3MEMORIESBEINGMOVIECURATEDASSETS ( Z_3MOVIECURATEDASSETS INTEGER, Z_42MEMORIESBEINGMOVIECURATEDASSETS INTEGER, PRIMARY KEY (Z_3MOVIECURATEDASSETS, Z_42MEMORIESBEINGMOVIECURATEDASSETS) )
table  Z_3MEMORIESBEINGREPRESENTATIVEASSETS  table=Z_3MEMORIESBEINGREPRESENTATIVEASSETS
  SQL: CREATE TABLE Z_3MEMORIESBEINGREPRESENTATIVEASSETS ( Z_3REPRESENTATIVEASSETS INTEGER, Z_42MEMORIESBEINGREPRESENTATIVEASSETS INTEGER, PRIMARY KEY (Z_3REPRESENTATIVEASSETS, Z_42MEMORIESBEINGREPRESENTATIVEASSETS) )
table  Z_3MEMORIESBEINGUSERCURATEDASSETS  table=Z_3MEMORIESBEINGUSERCURATEDASSETS
  SQL: CREATE TABLE Z_3MEMORIESBEINGUSERCURATEDASSETS ( Z_3USERCURATEDASSETS INTEGER, Z_42MEMORIESBEINGUSERCURATEDASSETS INTEGER, PRIMARY KEY (Z_3USERCURATEDASSETS, Z_42MEMORIESBEINGUSERCURATEDASSETS) )
table  Z_3SUGGESTIONSBEINGKEYASSETS  table=Z_3SUGGESTIONSBEINGKEYASSETS
  SQL: CREATE TABLE Z_3SUGGESTIONSBEINGKEYASSETS ( Z_3KEYASSETS INTEGER, Z_55SUGGESTIONSBEINGKEYASSETS INTEGER, PRIMARY KEY (Z_3KEYASSETS, Z_55SUGGESTIONSBEINGKEYASSETS) )
table  Z_3SUGGESTIONSBEINGREPRESENTATIVEASSETS  table=Z_3SUGGESTIONSBEINGREPRESENTATIVEASSETS
  SQL: CREATE TABLE Z_3SUGGESTIONSBEINGREPRESENTATIVEASSETS ( Z_3REPRESENTATIVEASSETS1 INTEGER, Z_55SUGGESTIONSBEINGREPRESENTATIVEASSETS INTEGER, PRIMARY KEY (Z_3REPRESENTATIVEASSETS1, Z_55SUGGESTIONSBEINGREPRESENTATIVEASSETS) )
table  Z_45INVALIDMERGECANDIDATES  table=Z_45INVALIDMERGECANDIDATES
  SQL: CREATE TABLE Z_45INVALIDMERGECANDIDATES ( Z_45INVALIDMERGECANDIDATES INTEGER, REFLEXIVE INTEGER, PRIMARY KEY (Z_45INVALIDMERGECANDIDATES, REFLEXIVE) )
table  Z_45MERGECANDIDATES  table=Z_45MERGECANDIDATES
  SQL: CREATE TABLE Z_45MERGECANDIDATES ( Z_45MERGECANDIDATES INTEGER, REFLEXIVE INTEGER, PRIMARY KEY (Z_45MERGECANDIDATES, REFLEXIVE) )
table  Z_METADATA  table=Z_METADATA
  SQL: CREATE TABLE Z_METADATA (Z_VERSION INTEGER PRIMARY KEY, Z_UUID VARCHAR(255), Z_PLIST BLOB)
table  Z_MODELCACHE  table=Z_MODELCACHE
  SQL: CREATE TABLE Z_MODELCACHE (Z_CONTENT BLOB)
table  Z_PRIMARYKEY  table=Z_PRIMARYKEY
  SQL: CREATE TABLE Z_PRIMARYKEY (Z_ENT INTEGER PRIMARY KEY, Z_NAME VARCHAR, Z_SUPER INTEGER, Z_MAX INTEGER)
table  Z_RT_Asset_boundedByRect  table=Z_RT_Asset_boundedByRect
  SQL: CREATE VIRTUAL TABLE Z_RT_Asset_boundedByRect USING RTREE (Z_PK INTEGER PRIMARY KEY, ZLATITUDE_MIN FLOAT, ZLATITUDE_MAX FLOAT, ZLONGITUDE_MIN FLOAT, ZLONGITUDE_MAX FLOAT)
table  Z_RT_Asset_boundedByRect_node  table=Z_RT_Asset_boundedByRect_node
  SQL: CREATE TABLE "Z_RT_Asset_boundedByRect_node"(nodeno INTEGER PRIMARY KEY,data)
table  Z_RT_Asset_boundedByRect_parent  table=Z_RT_Asset_boundedByRect_parent
  SQL: CREATE TABLE "Z_RT_Asset_boundedByRect_parent"(nodeno INTEGER PRIMARY KEY,parentnode)
table  Z_RT_Asset_boundedByRect_rowid  table=Z_RT_Asset_boundedByRect_rowid
  SQL: CREATE TABLE "Z_RT_Asset_boundedByRect_rowid"(rowid INTEGER PRIMARY KEY,nodeno)
trigger  ZT_ZDETECTEDFACE_ZASSETVISIBLE_ZASSET_DELETE_DECREMENT  table=ZASSET
  SQL: CREATE TRIGGER ZT_ZDETECTEDFACE_ZASSETVISIBLE_ZASSET_DELETE_DECREMENT AFTER DELETE ON ZASSET FOR EACH ROW WHEN OLD.ZTRASHEDSTATE == 0 AND OLD.ZVISIBILITYSTATE == 0 AND OLD.ZHIDDEN == 0 BEGIN UPDATE ZDETECTEDFACE SET ZASSETVISIBLE = MAX(0,IFNULL(ZASSETVISIBLE,0) - 1) WHERE OLD.Z_PK = ZASSET; SELECT NSCoreDataTriggerUpdateAffectedObjectValue('ZDETECTEDFACE', Z_ENT, Z_PK, 'ZASSETVISIBLE', ZASSETVISIBLE) FROM ZDETECTEDFACE WHERE ZASSET = OLD.Z_PK; END
trigger  ZT_ZDETECTEDFACE_ZASSETVISIBLE_ZASSET_INSERT_INCREMENT  table=ZASSET
  SQL: CREATE TRIGGER ZT_ZDETECTEDFACE_ZASSETVISIBLE_ZASSET_INSERT_INCREMENT AFTER INSERT ON ZASSET FOR EACH ROW WHEN NEW.ZTRASHEDSTATE == 0 AND NEW.ZVISIBILITYSTATE == 0 AND NEW.ZHIDDEN == 0 BEGIN UPDATE ZDETECTEDFACE SET ZASSETVISIBLE = IFNULL(ZASSETVISIBLE,0) + 1 WHERE NEW.Z_PK = ZASSET; SELECT NSCoreDataTriggerUpdateAffectedObjectValue('ZDETECTEDFACE', Z_ENT, Z_PK, 'ZASSETVISIBLE', ZASSETVISIBLE) FROM ZDETECTEDFACE WHERE ZASSET = NEW.Z_PK; END
trigger  ZT_ZDETECTEDFACE_ZASSETVISIBLE_ZASSET_UPDATE_DECREMENT  table=ZASSET
  SQL: CREATE TRIGGER ZT_ZDETECTEDFACE_ZASSETVISIBLE_ZASSET_UPDATE_DECREMENT AFTER UPDATE OF ZTRASHEDSTATE, ZVISIBILITYSTATE, ZHIDDEN ON ZASSET FOR EACH ROW WHEN (OLD.ZTRASHEDSTATE == 0 AND OLD.ZVISIBILITYSTATE == 0 AND OLD.ZHIDDEN == 0) AND (NEW.ZTRASHEDSTATE != OLD.ZTRASHEDSTATE OR NEW.ZVISIBILITYSTATE != OLD.ZVISIBILITYSTATE OR NEW.ZHIDDEN != OLD.ZHIDDEN) BEGIN UPDATE ZDETECTEDFACE SET ZASSETVISIBLE = MAX(0,IFNULL(ZASSETVISIBLE,0) - 1) WHERE OLD.Z_PK = ZASSET; SELECT NSCoreDataTriggerUpdateAffectedObjectValue('ZDETECTEDFACE', Z_ENT, Z_PK, 'ZASSETVISIBLE', ZASSETVISIBLE) FROM ZDETECTEDFACE WHERE ZASSET = NEW.Z_PK; END
trigger  ZT_ZDETECTEDFACE_ZASSETVISIBLE_ZASSET_UPDATE_INCREMENT  table=ZASSET
  SQL: CREATE TRIGGER ZT_ZDETECTEDFACE_ZASSETVISIBLE_ZASSET_UPDATE_INCREMENT AFTER UPDATE OF ZTRASHEDSTATE, ZVISIBILITYSTATE, ZHIDDEN ON ZASSET FOR EACH ROW WHEN (NEW.ZTRASHEDSTATE == 0 AND NEW.ZVISIBILITYSTATE == 0 AND NEW.ZHIDDEN == 0) AND (NEW.ZTRASHEDSTATE != OLD.ZTRASHEDSTATE OR NEW.ZVISIBILITYSTATE != OLD.ZVISIBILITYSTATE OR NEW.ZHIDDEN != OLD.ZHIDDEN) BEGIN UPDATE ZDETECTEDFACE SET ZASSETVISIBLE = IFNULL(ZASSETVISIBLE,0) + 1 WHERE NEW.Z_PK = ZASSET; SELECT NSCoreDataTriggerUpdateAffectedObjectValue('ZDETECTEDFACE', Z_ENT, Z_PK, 'ZASSETVISIBLE', ZASSETVISIBLE) FROM ZDETECTEDFACE WHERE ZASSET = NEW.Z_PK; END
trigger  ZT_ZDETECTEDFACE_ZASSETVISIBLE_ZASSET_ZASSET_UPDATE_INCREMENT  table=ZDETECTEDFACE
  SQL: CREATE TRIGGER ZT_ZDETECTEDFACE_ZASSETVISIBLE_ZASSET_ZASSET_UPDATE_INCREMENT AFTER UPDATE OF ZASSET ON ZDETECTEDFACE WHEN ((NEW.ZASSET IS NOT NULL AND OLD.ZASSET IS NULL) OR (NEW.ZASSET != OLD.ZASSET)) BEGIN UPDATE ZDETECTEDFACE SET ZASSETVISIBLE = (SELECT COUNT(Z_PK) FROM ZASSET WHERE Z_PK = NEW.ZASSET AND (ZTRASHEDSTATE == 0 AND ZVISIBILITYSTATE == 0 AND ZHIDDEN == 0)) WHERE Z_PK = NEW.Z_PK; SELECT NSCoreDataTriggerUpdateAffectedObjectValue('ZDETECTEDFACE', Z_ENT, Z_PK, 'ZASSETVISIBLE', ZASSETVISIBLE) FROM ZDETECTEDFACE WHERE Z_PK = NEW.Z_PK; END
trigger  ZT_ZDETECTEDFACE_ZASSETVISIBLE_ZASSET_ZASSET_UPDATE_TO_NULL  table=ZDETECTEDFACE
  SQL: CREATE TRIGGER ZT_ZDETECTEDFACE_ZASSETVISIBLE_ZASSET_ZASSET_UPDATE_TO_NULL AFTER UPDATE OF ZASSET ON ZDETECTEDFACE WHEN (NEW.ZASSET IS NULL AND OLD.ZASSET IS NOT NULL) BEGIN UPDATE ZDETECTEDFACE SET ZASSETVISIBLE = 0 WHERE Z_PK = NEW.Z_PK; SELECT NSCoreDataTriggerUpdateAffectedObjectValue('ZDETECTEDFACE', Z_ENT, Z_PK, 'ZASSETVISIBLE', ZASSETVISIBLE) FROM ZDETECTEDFACE WHERE Z_PK = NEW.Z_PK; END
trigger  ZT_ZDETECTEDFACE_ZASSETVISIBLE_ZASSET_ZDETECTEDFACE_INSERT_INCREMENT  table=ZDETECTEDFACE
  SQL: CREATE TRIGGER ZT_ZDETECTEDFACE_ZASSETVISIBLE_ZASSET_ZDETECTEDFACE_INSERT_INCREMENT AFTER INSERT ON ZDETECTEDFACE FOR EACH ROW BEGIN UPDATE ZDETECTEDFACE SET ZASSETVISIBLE = (SELECT COUNT(Z_PK) FROM ZASSET WHERE (Z_PK = NEW.ZASSET) AND (ZTRASHEDSTATE == 0 AND ZVISIBILITYSTATE == 0 AND ZHIDDEN == 0)) WHERE Z_PK = NEW.Z_PK; SELECT NSCoreDataTriggerUpdateAffectedObjectValue('ZDETECTEDFACE', Z_ENT, Z_PK, 'ZASSETVISIBLE', ZASSETVISIBLE) FROM ZDETECTEDFACE WHERE Z_PK = NEW.Z_PK; END
trigger  ZT_ZPERSON_ZFACECOUNT_ZDETECTEDFACE_DELETE_DECREMENT  table=ZDETECTEDFACE
  SQL: CREATE TRIGGER ZT_ZPERSON_ZFACECOUNT_ZDETECTEDFACE_DELETE_DECREMENT AFTER DELETE ON ZDETECTEDFACE FOR EACH ROW WHEN OLD.ZHIDDEN == 0 AND OLD.ZASSETVISIBLE == 1 AND OLD.ZCENTERX != 0 BEGIN UPDATE ZPERSON SET ZFACECOUNT = MAX(0,IFNULL(ZFACECOUNT,0) - 1) WHERE OLD.ZPERSON = Z_PK; SELECT NSCoreDataTriggerUpdateAffectedObjectValue('ZPERSON', Z_ENT, Z_PK, 'ZFACECOUNT', ZFACECOUNT) FROM ZPERSON WHERE Z_PK = OLD.ZPERSON; END
trigger  ZT_ZPERSON_ZFACECOUNT_ZDETECTEDFACE_INSERT_INCREMENT  table=ZDETECTEDFACE
  SQL: CREATE TRIGGER ZT_ZPERSON_ZFACECOUNT_ZDETECTEDFACE_INSERT_INCREMENT AFTER INSERT ON ZDETECTEDFACE FOR EACH ROW WHEN NEW.ZHIDDEN == 0 AND NEW.ZASSETVISIBLE == 1 AND NEW.ZCENTERX != 0 BEGIN UPDATE ZPERSON SET ZFACECOUNT = IFNULL(ZFACECOUNT,0) + 1 WHERE NEW.ZPERSON = Z_PK; SELECT NSCoreDataTriggerUpdateAffectedObjectValue('ZPERSON', Z_ENT, Z_PK, 'ZFACECOUNT', ZFACECOUNT) FROM ZPERSON WHERE Z_PK = NEW.ZPERSON; END
trigger  ZT_ZPERSON_ZFACECOUNT_ZDETECTEDFACE_UPDATE_DECREMENT  table=ZDETECTEDFACE
  SQL: CREATE TRIGGER ZT_ZPERSON_ZFACECOUNT_ZDETECTEDFACE_UPDATE_DECREMENT AFTER UPDATE OF ZHIDDEN, ZASSETVISIBLE, ZCENTERX ON ZDETECTEDFACE FOR EACH ROW WHEN (OLD.ZHIDDEN == 0 AND OLD.ZASSETVISIBLE == 1 AND OLD.ZCENTERX != 0) AND (NEW.ZHIDDEN != OLD.ZHIDDEN OR NEW.ZASSETVISIBLE != OLD.ZASSETVISIBLE OR NEW.ZCENTERX != OLD.ZCENTERX) AND (OLD.ZPERSON == NEW.ZPERSON) BEGIN UPDATE ZPERSON SET ZFACECOUNT = MAX(0,IFNULL(ZFACECOUNT,0) - 1) WHERE OLD.ZPERSON = Z_PK; SELECT NSCoreDataTriggerUpdateAffectedObjectValue('ZPERSON', Z_ENT, Z_PK, 'ZFACECOUNT', ZFACECOUNT) FROM ZPERSON WHERE Z_PK = NEW.ZPERSON; END
trigger  ZT_ZPERSON_ZFACECOUNT_ZDETECTEDFACE_UPDATE_INCREMENT  table=ZDETECTEDFACE
  SQL: CREATE TRIGGER ZT_ZPERSON_ZFACECOUNT_ZDETECTEDFACE_UPDATE_INCREMENT AFTER UPDATE OF ZHIDDEN, ZASSETVISIBLE, ZCENTERX ON ZDETECTEDFACE FOR EACH ROW WHEN (NEW.ZHIDDEN == 0 AND NEW.ZASSETVISIBLE == 1 AND NEW.ZCENTERX != 0) AND (NEW.ZHIDDEN != OLD.ZHIDDEN OR NEW.ZASSETVISIBLE != OLD.ZASSETVISIBLE OR NEW.ZCENTERX != OLD.ZCENTERX) AND (NEW.ZPERSON == OLD.ZPERSON) BEGIN UPDATE ZPERSON SET ZFACECOUNT = IFNULL(ZFACECOUNT,0) + 1 WHERE NEW.ZPERSON = Z_PK; SELECT NSCoreDataTriggerUpdateAffectedObjectValue('ZPERSON', Z_ENT, Z_PK, 'ZFACECOUNT', ZFACECOUNT) FROM ZPERSON WHERE Z_PK = NEW.ZPERSON; END
trigger  ZT_ZPERSON_ZFACECOUNT_ZDETECTEDFACE_ZPERSON_INSERT_INCREMENT  table=ZPERSON
  SQL: CREATE TRIGGER ZT_ZPERSON_ZFACECOUNT_ZDETECTEDFACE_ZPERSON_INSERT_INCREMENT AFTER INSERT ON ZPERSON FOR EACH ROW BEGIN UPDATE ZPERSON SET ZFACECOUNT = (SELECT COUNT(Z_PK) FROM ZDETECTEDFACE WHERE (ZPERSON = NEW.Z_PK) AND (ZHIDDEN == 0 AND ZASSETVISIBLE == 1 AND ZCENTERX != 0)) WHERE Z_PK = NEW.Z_PK; SELECT NSCoreDataTriggerUpdateAffectedObjectValue('ZPERSON', Z_ENT, Z_PK, 'ZFACECOUNT', ZFACECOUNT) FROM ZPERSON WHERE Z_PK = NEW.Z_PK; END
trigger  ZT_ZPERSON_ZFACECOUNT_ZDETECTEDFACE_ZPERSON_UPDATE_DECREMENT  table=ZDETECTEDFACE
  SQL: CREATE TRIGGER ZT_ZPERSON_ZFACECOUNT_ZDETECTEDFACE_ZPERSON_UPDATE_DECREMENT AFTER UPDATE OF ZPERSON ON ZDETECTEDFACE WHEN (OLD.ZHIDDEN == 0 AND OLD.ZASSETVISIBLE == 1 AND OLD.ZCENTERX != 0) AND ((OLD.ZPERSON IS NOT NULL AND NEW.ZPERSON IS NULL) OR (NEW.ZPERSON != OLD.ZPERSON)) BEGIN UPDATE ZPERSON SET ZFACECOUNT = MAX(0,IFNULL(ZFACECOUNT,0) - 1) WHERE Z_PK = OLD.ZPERSON; SELECT NSCoreDataTriggerUpdateAffectedObjectValue('ZPERSON', Z_ENT, Z_PK, 'ZFACECOUNT', ZFACECOUNT) FROM ZPERSON WHERE Z_PK = OLD.ZPERSON; END
trigger  ZT_ZPERSON_ZFACECOUNT_ZDETECTEDFACE_ZPERSON_UPDATE_INCREMENT  table=ZDETECTEDFACE
  SQL: CREATE TRIGGER ZT_ZPERSON_ZFACECOUNT_ZDETECTEDFACE_ZPERSON_UPDATE_INCREMENT AFTER UPDATE OF ZPERSON ON ZDETECTEDFACE WHEN (NEW.ZHIDDEN == 0 AND NEW.ZASSETVISIBLE == 1 AND NEW.ZCENTERX != 0) AND ((NEW.ZPERSON IS NOT NULL AND OLD.ZPERSON IS NULL) OR (NEW.ZPERSON != OLD.ZPERSON)) BEGIN UPDATE ZPERSON SET ZFACECOUNT = IFNULL(ZFACECOUNT,0) + 1 WHERE Z_PK = NEW.ZPERSON; SELECT NSCoreDataTriggerUpdateAffectedObjectValue('ZPERSON', Z_ENT, Z_PK, 'ZFACECOUNT', ZFACECOUNT) FROM ZPERSON WHERE Z_PK = NEW.ZPERSON; END
trigger  ZT_ZPHOTOSHIGHLIGHT_ZASSETSCOUNT_ZASSET_DELETE_DECREMENT  table=ZASSET
  SQL: CREATE TRIGGER ZT_ZPHOTOSHIGHLIGHT_ZASSETSCOUNT_ZASSET_DELETE_DECREMENT AFTER DELETE ON ZASSET FOR EACH ROW WHEN OLD.ZHIDDEN == 0 AND OLD.ZTRASHEDSTATE == 0 BEGIN UPDATE ZPHOTOSHIGHLIGHT SET ZASSETSCOUNT = MAX(0,IFNULL(ZASSETSCOUNT,0) - 1) WHERE OLD.ZHIGHLIGHTBEINGASSETS = Z_PK; SELECT NSCoreDataTriggerUpdateAffectedObjectValue('ZPHOTOSHIGHLIGHT', Z_ENT, Z_PK, 'ZASSETSCOUNT', ZASSETSCOUNT) FROM ZPHOTOSHIGHLIGHT WHERE Z_PK = OLD.ZHIGHLIGHTBEINGASSETS; END
trigger  ZT_ZPHOTOSHIGHLIGHT_ZASSETSCOUNT_ZASSET_INSERT_INCREMENT  table=ZASSET
  SQL: CREATE TRIGGER ZT_ZPHOTOSHIGHLIGHT_ZASSETSCOUNT_ZASSET_INSERT_INCREMENT AFTER INSERT ON ZASSET FOR EACH ROW WHEN NEW.ZHIDDEN == 0 AND NEW.ZTRASHEDSTATE == 0 BEGIN UPDATE ZPHOTOSHIGHLIGHT SET ZASSETSCOUNT = IFNULL(ZASSETSCOUNT,0) + 1 WHERE NEW.ZHIGHLIGHTBEINGASSETS = Z_PK; SELECT NSCoreDataTriggerUpdateAffectedObjectValue('ZPHOTOSHIGHLIGHT', Z_ENT, Z_PK, 'ZASSETSCOUNT', ZASSETSCOUNT) FROM ZPHOTOSHIGHLIGHT WHERE Z_PK = NEW.ZHIGHLIGHTBEINGASSETS; END
trigger  ZT_ZPHOTOSHIGHLIGHT_ZASSETSCOUNT_ZASSET_UPDATE_DECREMENT  table=ZASSET
  SQL: CREATE TRIGGER ZT_ZPHOTOSHIGHLIGHT_ZASSETSCOUNT_ZASSET_UPDATE_DECREMENT AFTER UPDATE OF ZHIDDEN, ZTRASHEDSTATE ON ZASSET FOR EACH ROW WHEN (OLD.ZHIDDEN == 0 AND OLD.ZTRASHEDSTATE == 0) AND (NEW.ZHIDDEN != OLD.ZHIDDEN OR NEW.ZTRASHEDSTATE != OLD.ZTRASHEDSTATE) AND (OLD.ZHIGHLIGHTBEINGASSETS == NEW.ZHIGHLIGHTBEINGASSETS) BEGIN UPDATE ZPHOTOSHIGHLIGHT SET ZASSETSCOUNT = MAX(0,IFNULL(ZASSETSCOUNT,0) - 1) WHERE OLD.ZHIGHLIGHTBEINGASSETS = Z_PK; SELECT NSCoreDataTriggerUpdateAffectedObjectValue('ZPHOTOSHIGHLIGHT', Z_ENT, Z_PK, 'ZASSETSCOUNT', ZASSETSCOUNT) FROM ZPHOTOSHIGHLIGHT WHERE Z_PK = NEW.ZHIGHLIGHTBEINGASSETS; END
trigger  ZT_ZPHOTOSHIGHLIGHT_ZASSETSCOUNT_ZASSET_UPDATE_INCREMENT  table=ZASSET
  SQL: CREATE TRIGGER ZT_ZPHOTOSHIGHLIGHT_ZASSETSCOUNT_ZASSET_UPDATE_INCREMENT AFTER UPDATE OF ZHIDDEN, ZTRASHEDSTATE ON ZASSET FOR EACH ROW WHEN (NEW.ZHIDDEN == 0 AND NEW.ZTRASHEDSTATE == 0) AND (NEW.ZHIDDEN != OLD.ZHIDDEN OR NEW.ZTRASHEDSTATE != OLD.ZTRASHEDSTATE) AND (NEW.ZHIGHLIGHTBEINGASSETS == OLD.ZHIGHLIGHTBEINGASSETS) BEGIN UPDATE ZPHOTOSHIGHLIGHT SET ZASSETSCOUNT = IFNULL(ZASSETSCOUNT,0) + 1 WHERE NEW.ZHIGHLIGHTBEINGASSETS = Z_PK; SELECT NSCoreDataTriggerUpdateAffectedObjectValue('ZPHOTOSHIGHLIGHT', Z_ENT, Z_PK, 'ZASSETSCOUNT', ZASSETSCOUNT) FROM ZPHOTOSHIGHLIGHT WHERE Z_PK = NEW.ZHIGHLIGHTBEINGASSETS; END
trigger  ZT_ZPHOTOSHIGHLIGHT_ZASSETSCOUNT_ZASSET_ZHIGHLIGHTBEINGASSETS_UPDATE_DECREMENT  table=ZASSET
  SQL: CREATE TRIGGER ZT_ZPHOTOSHIGHLIGHT_ZASSETSCOUNT_ZASSET_ZHIGHLIGHTBEINGASSETS_UPDATE_DECREMENT AFTER UPDATE OF ZHIGHLIGHTBEINGASSETS ON ZASSET WHEN (OLD.ZHIDDEN == 0 AND OLD.ZTRASHEDSTATE == 0) AND ((OLD.ZHIGHLIGHTBEINGASSETS IS NOT NULL AND NEW.ZHIGHLIGHTBEINGASSETS IS NULL) OR (NEW.ZHIGHLIGHTBEINGASSETS != OLD.ZHIGHLIGHTBEINGASSETS)) BEGIN UPDATE ZPHOTOSHIGHLIGHT SET ZASSETSCOUNT = MAX(0,IFNULL(ZASSETSCOUNT,0) - 1) WHERE Z_PK = OLD.ZHIGHLIGHTBEINGASSETS; SELECT NSCoreDataTriggerUpdateAffectedObjectValue('ZPHOTOSHIGHLIGHT', Z_ENT, Z_PK, 'ZASSETSCOUNT', ZASSETSCOUNT) FROM ZPHOTOSHIGHLIGHT WHERE Z_PK = OLD.ZHIGHLIGHTBEINGASSETS; END
trigger  ZT_ZPHOTOSHIGHLIGHT_ZASSETSCOUNT_ZASSET_ZHIGHLIGHTBEINGASSETS_UPDATE_INCREMENT  table=ZASSET
  SQL: CREATE TRIGGER ZT_ZPHOTOSHIGHLIGHT_ZASSETSCOUNT_ZASSET_ZHIGHLIGHTBEINGASSETS_UPDATE_INCREMENT AFTER UPDATE OF ZHIGHLIGHTBEINGASSETS ON ZASSET WHEN (NEW.ZHIDDEN == 0 AND NEW.ZTRASHEDSTATE == 0) AND ((NEW.ZHIGHLIGHTBEINGASSETS IS NOT NULL AND OLD.ZHIGHLIGHTBEINGASSETS IS NULL) OR (NEW.ZHIGHLIGHTBEINGASSETS != OLD.ZHIGHLIGHTBEINGASSETS)) BEGIN UPDATE ZPHOTOSHIGHLIGHT SET ZASSETSCOUNT = IFNULL(ZASSETSCOUNT,0) + 1 WHERE Z_PK = NEW.ZHIGHLIGHTBEINGASSETS; SELECT NSCoreDataTriggerUpdateAffectedObjectValue('ZPHOTOSHIGHLIGHT', Z_ENT, Z_PK, 'ZASSETSCOUNT', ZASSETSCOUNT) FROM ZPHOTOSHIGHLIGHT WHERE Z_PK = NEW.ZHIGHLIGHTBEINGASSETS; END
trigger  ZT_ZPHOTOSHIGHLIGHT_ZASSETSCOUNT_ZASSET_ZPHOTOSHIGHLIGHT_INSERT_INCREMENT  table=ZPHOTOSHIGHLIGHT
  SQL: CREATE TRIGGER ZT_ZPHOTOSHIGHLIGHT_ZASSETSCOUNT_ZASSET_ZPHOTOSHIGHLIGHT_INSERT_INCREMENT AFTER INSERT ON ZPHOTOSHIGHLIGHT FOR EACH ROW BEGIN UPDATE ZPHOTOSHIGHLIGHT SET ZASSETSCOUNT = (SELECT COUNT(Z_PK) FROM ZASSET WHERE (ZHIGHLIGHTBEINGASSETS = NEW.Z_PK) AND (ZHIDDEN == 0 AND ZTRASHEDSTATE == 0)) WHERE Z_PK = NEW.Z_PK; SELECT NSCoreDataTriggerUpdateAffectedObjectValue('ZPHOTOSHIGHLIGHT', Z_ENT, Z_PK, 'ZASSETSCOUNT', ZASSETSCOUNT) FROM ZPHOTOSHIGHLIGHT WHERE Z_PK = NEW.Z_PK; END
trigger  ZT_ZPHOTOSHIGHLIGHT_ZDAYGROUPASSETSCOUNT_ZASSET_DELETE_DECREMENT  table=ZASSET
  SQL: CREATE TRIGGER ZT_ZPHOTOSHIGHLIGHT_ZDAYGROUPASSETSCOUNT_ZASSET_DELETE_DECREMENT AFTER DELETE ON ZASSET FOR EACH ROW WHEN OLD.ZHIDDEN == 0 AND OLD.ZTRASHEDSTATE == 0 BEGIN UPDATE ZPHOTOSHIGHLIGHT SET ZDAYGROUPASSETSCOUNT = MAX(0,IFNULL(ZDAYGROUPASSETSCOUNT,0) - 1) WHERE OLD.ZDAYGROUPHIGHLIGHTBEINGASSETS = Z_PK; SELECT NSCoreDataTriggerUpdateAffectedObjectValue('ZPHOTOSHIGHLIGHT', Z_ENT, Z_PK, 'ZDAYGROUPASSETSCOUNT', ZDAYGROUPASSETSCOUNT) FROM ZPHOTOSHIGHLIGHT WHERE Z_PK = OLD.ZDAYGROUPHIGHLIGHTBEINGASSETS; END
trigger  ZT_ZPHOTOSHIGHLIGHT_ZDAYGROUPASSETSCOUNT_ZASSET_INSERT_INCREMENT  table=ZASSET
  SQL: CREATE TRIGGER ZT_ZPHOTOSHIGHLIGHT_ZDAYGROUPASSETSCOUNT_ZASSET_INSERT_INCREMENT AFTER INSERT ON ZASSET FOR EACH ROW WHEN NEW.ZHIDDEN == 0 AND NEW.ZTRASHEDSTATE == 0 BEGIN UPDATE ZPHOTOSHIGHLIGHT SET ZDAYGROUPASSETSCOUNT = IFNULL(ZDAYGROUPASSETSCOUNT,0) + 1 WHERE NEW.ZDAYGROUPHIGHLIGHTBEINGASSETS = Z_PK; SELECT NSCoreDataTriggerUpdateAffectedObjectValue('ZPHOTOSHIGHLIGHT', Z_ENT, Z_PK, 'ZDAYGROUPASSETSCOUNT', ZDAYGROUPASSETSCOUNT) FROM ZPHOTOSHIGHLIGHT WHERE Z_PK = NEW.ZDAYGROUPHIGHLIGHTBEINGASSETS; END
trigger  ZT_ZPHOTOSHIGHLIGHT_ZDAYGROUPASSETSCOUNT_ZASSET_UPDATE_DECREMENT  table=ZASSET
  SQL: CREATE TRIGGER ZT_ZPHOTOSHIGHLIGHT_ZDAYGROUPASSETSCOUNT_ZASSET_UPDATE_DECREMENT AFTER UPDATE OF ZHIDDEN, ZTRASHEDSTATE ON ZASSET FOR EACH ROW WHEN (OLD.ZHIDDEN == 0 AND OLD.ZTRASHEDSTATE == 0) AND (NEW.ZHIDDEN != OLD.ZHIDDEN OR NEW.ZTRASHEDSTATE != OLD.ZTRASHEDSTATE) AND (OLD.ZDAYGROUPHIGHLIGHTBEINGASSETS == NEW.ZDAYGROUPHIGHLIGHTBEINGASSETS) BEGIN UPDATE ZPHOTOSHIGHLIGHT SET ZDAYGROUPASSETSCOUNT = MAX(0,IFNULL(ZDAYGROUPASSETSCOUNT,0) - 1) WHERE OLD.ZDAYGROUPHIGHLIGHTBEINGASSETS = Z_PK; SELECT NSCoreDataTriggerUpdateAffectedObjectValue('ZPHOTOSHIGHLIGHT', Z_ENT, Z_PK, 'ZDAYGROUPASSETSCOUNT', ZDAYGROUPASSETSCOUNT) FROM ZPHOTOSHIGHLIGHT WHERE Z_PK = NEW.ZDAYGROUPHIGHLIGHTBEINGASSETS; END
trigger  ZT_ZPHOTOSHIGHLIGHT_ZDAYGROUPASSETSCOUNT_ZASSET_UPDATE_INCREMENT  table=ZASSET
  SQL: CREATE TRIGGER ZT_ZPHOTOSHIGHLIGHT_ZDAYGROUPASSETSCOUNT_ZASSET_UPDATE_INCREMENT AFTER UPDATE OF ZHIDDEN, ZTRASHEDSTATE ON ZASSET FOR EACH ROW WHEN (NEW.ZHIDDEN == 0 AND NEW.ZTRASHEDSTATE == 0) AND (NEW.ZHIDDEN != OLD.ZHIDDEN OR NEW.ZTRASHEDSTATE != OLD.ZTRASHEDSTATE) AND (NEW.ZDAYGROUPHIGHLIGHTBEINGASSETS == OLD.ZDAYGROUPHIGHLIGHTBEINGASSETS) BEGIN UPDATE ZPHOTOSHIGHLIGHT SET ZDAYGROUPASSETSCOUNT = IFNULL(ZDAYGROUPASSETSCOUNT,0) + 1 WHERE NEW.ZDAYGROUPHIGHLIGHTBEINGASSETS = Z_PK; SELECT NSCoreDataTriggerUpdateAffectedObjectValue('ZPHOTOSHIGHLIGHT', Z_ENT, Z_PK, 'ZDAYGROUPASSETSCOUNT', ZDAYGROUPASSETSCOUNT) FROM ZPHOTOSHIGHLIGHT WHERE Z_PK = NEW.ZDAYGROUPHIGHLIGHTBEINGASSETS; END
trigger  ZT_ZPHOTOSHIGHLIGHT_ZDAYGROUPASSETSCOUNT_ZASSET_ZDAYGROUPHIGHLIGHTBEINGASSETS_UPDATE_DECREMENT  table=ZASSET
  SQL: CREATE TRIGGER ZT_ZPHOTOSHIGHLIGHT_ZDAYGROUPASSETSCOUNT_ZASSET_ZDAYGROUPHIGHLIGHTBEINGASSETS_UPDATE_DECREMENT AFTER UPDATE OF ZDAYGROUPHIGHLIGHTBEINGASSETS ON ZASSET WHEN (OLD.ZHIDDEN == 0 AND OLD.ZTRASHEDSTATE == 0) AND ((OLD.ZDAYGROUPHIGHLIGHTBEINGASSETS IS NOT NULL AND NEW.ZDAYGROUPHIGHLIGHTBEINGASSETS IS NULL) OR (NEW.ZDAYGROUPHIGHLIGHTBEINGASSETS != OLD.ZDAYGROUPHIGHLIGHTBEINGASSETS)) BEGIN UPDATE ZPHOTOSHIGHLIGHT SET ZDAYGROUPASSETSCOUNT = MAX(0,IFNULL(ZDAYGROUPASSETSCOUNT,0) - 1) WHERE Z_PK = OLD.ZDAYGROUPHIGHLIGHTBEINGASSETS; SELECT NSCoreDataTriggerUpdateAffectedObjectValue('ZPHOTOSHIGHLIGHT', Z_ENT, Z_PK, 'ZDAYGROUPASSETSCOUNT', ZDAYGROUPASSETSCOUNT) FROM ZPHOTOSHIGHLIGHT WHERE Z_PK = OLD.ZDAYGROUPHIGHLIGHTBEINGASSETS; END
trigger  ZT_ZPHOTOSHIGHLIGHT_ZDAYGROUPASSETSCOUNT_ZASSET_ZDAYGROUPHIGHLIGHTBEINGASSETS_UPDATE_INCREMENT  table=ZASSET
  SQL: CREATE TRIGGER ZT_ZPHOTOSHIGHLIGHT_ZDAYGROUPASSETSCOUNT_ZASSET_ZDAYGROUPHIGHLIGHTBEINGASSETS_UPDATE_INCREMENT AFTER UPDATE OF ZDAYGROUPHIGHLIGHTBEINGASSETS ON ZASSET WHEN (NEW.ZHIDDEN == 0 AND NEW.ZTRASHEDSTATE == 0) AND ((NEW.ZDAYGROUPHIGHLIGHTBEINGASSETS IS NOT NULL AND OLD.ZDAYGROUPHIGHLIGHTBEINGASSETS IS NULL) OR (NEW.ZDAYGROUPHIGHLIGHTBEINGASSETS != OLD.ZDAYGROUPHIGHLIGHTBEINGASSETS)) BEGIN UPDATE ZPHOTOSHIGHLIGHT SET ZDAYGROUPASSETSCOUNT = IFNULL(ZDAYGROUPASSETSCOUNT,0) + 1 WHERE Z_PK = NEW.ZDAYGROUPHIGHLIGHTBEINGASSETS; SELECT NSCoreDataTriggerUpdateAffectedObjectValue('ZPHOTOSHIGHLIGHT', Z_ENT, Z_PK, 'ZDAYGROUPASSETSCOUNT', ZDAYGROUPASSETSCOUNT) FROM ZPHOTOSHIGHLIGHT WHERE Z_PK = NEW.ZDAYGROUPHIGHLIGHTBEINGASSETS; END
trigger  ZT_ZPHOTOSHIGHLIGHT_ZDAYGROUPASSETSCOUNT_ZASSET_ZPHOTOSHIGHLIGHT_INSERT_INCREMENT  table=ZPHOTOSHIGHLIGHT
  SQL: CREATE TRIGGER ZT_ZPHOTOSHIGHLIGHT_ZDAYGROUPASSETSCOUNT_ZASSET_ZPHOTOSHIGHLIGHT_INSERT_INCREMENT AFTER INSERT ON ZPHOTOSHIGHLIGHT FOR EACH ROW BEGIN UPDATE ZPHOTOSHIGHLIGHT SET ZDAYGROUPASSETSCOUNT = (SELECT COUNT(Z_PK) FROM ZASSET WHERE (ZDAYGROUPHIGHLIGHTBEINGASSETS = NEW.Z_PK) AND (ZHIDDEN == 0 AND ZTRASHEDSTATE == 0)) WHERE Z_PK = NEW.Z_PK; SELECT NSCoreDataTriggerUpdateAffectedObjectValue('ZPHOTOSHIGHLIGHT', Z_ENT, Z_PK, 'ZDAYGROUPASSETSCOUNT', ZDAYGROUPASSETSCOUNT) FROM ZPHOTOSHIGHLIGHT WHERE Z_PK = NEW.Z_PK; END
trigger  ZT_ZPHOTOSHIGHLIGHT_ZDAYGROUPEXTENDEDASSETSCOUNT_ZASSET_DELETE_DECREMENT  table=ZASSET
  SQL: CREATE TRIGGER ZT_ZPHOTOSHIGHLIGHT_ZDAYGROUPEXTENDEDASSETSCOUNT_ZASSET_DELETE_DECREMENT AFTER DELETE ON ZASSET FOR EACH ROW WHEN OLD.ZHIDDEN == 0 AND OLD.ZTRASHEDSTATE == 0 BEGIN UPDATE ZPHOTOSHIGHLIGHT SET ZDAYGROUPEXTENDEDASSETSCOUNT = MAX(0,IFNULL(ZDAYGROUPEXTENDEDASSETSCOUNT,0) - 1) WHERE OLD.ZDAYGROUPHIGHLIGHTBEINGEXTENDEDASSETS = Z_PK; SELECT NSCoreDataTriggerUpdateAffectedObjectValue('ZPHOTOSHIGHLIGHT', Z_ENT, Z_PK, 'ZDAYGROUPEXTENDEDASSETSCOUNT', ZDAYGROUPEXTENDEDASSETSCOUNT) FROM ZPHOTOSHIGHLIGHT WHERE Z_PK = OLD.ZDAYGROUPHIGHLIGHTBEINGEXTENDEDASSETS; END
trigger  ZT_ZPHOTOSHIGHLIGHT_ZDAYGROUPEXTENDEDASSETSCOUNT_ZASSET_INSERT_INCREMENT  table=ZASSET
  SQL: CREATE TRIGGER ZT_ZPHOTOSHIGHLIGHT_ZDAYGROUPEXTENDEDASSETSCOUNT_ZASSET_INSERT_INCREMENT AFTER INSERT ON ZASSET FOR EACH ROW WHEN NEW.ZHIDDEN == 0 AND NEW.ZTRASHEDSTATE == 0 BEGIN UPDATE ZPHOTOSHIGHLIGHT SET ZDAYGROUPEXTENDEDASSETSCOUNT = IFNULL(ZDAYGROUPEXTENDEDASSETSCOUNT,0) + 1 WHERE NEW.ZDAYGROUPHIGHLIGHTBEINGEXTENDEDASSETS = Z_PK; SELECT NSCoreDataTriggerUpdateAffectedObjectValue('ZPHOTOSHIGHLIGHT', Z_ENT, Z_PK, 'ZDAYGROUPEXTENDEDASSETSCOUNT', ZDAYGROUPEXTENDEDASSETSCOUNT) FROM ZPHOTOSHIGHLIGHT WHERE Z_PK = NEW.ZDAYGROUPHIGHLIGHTBEINGEXTENDEDASSETS; END
trigger  ZT_ZPHOTOSHIGHLIGHT_ZDAYGROUPEXTENDEDASSETSCOUNT_ZASSET_UPDATE_DECREMENT  table=ZASSET
  SQL: CREATE TRIGGER ZT_ZPHOTOSHIGHLIGHT_ZDAYGROUPEXTENDEDASSETSCOUNT_ZASSET_UPDATE_DECREMENT AFTER UPDATE OF ZHIDDEN, ZTRASHEDSTATE ON ZASSET FOR EACH ROW WHEN (OLD.ZHIDDEN == 0 AND OLD.ZTRASHEDSTATE == 0) AND (NEW.ZHIDDEN != OLD.ZHIDDEN OR NEW.ZTRASHEDSTATE != OLD.ZTRASHEDSTATE) AND (OLD.ZDAYGROUPHIGHLIGHTBEINGEXTENDEDASSETS == NEW.ZDAYGROUPHIGHLIGHTBEINGEXTENDEDASSETS) BEGIN UPDATE ZPHOTOSHIGHLIGHT SET ZDAYGROUPEXTENDEDASSETSCOUNT = MAX(0,IFNULL(ZDAYGROUPEXTENDEDASSETSCOUNT,0) - 1) WHERE OLD.ZDAYGROUPHIGHLIGHTBEINGEXTENDEDASSETS = Z_PK; SELECT NSCoreDataTriggerUpdateAffectedObjectValue('ZPHOTOSHIGHLIGHT', Z_ENT, Z_PK, 'ZDAYGROUPEXTENDEDASSETSCOUNT', ZDAYGROUPEXTENDEDASSETSCOUNT) FROM ZPHOTOSHIGHLIGHT WHERE Z_PK = NEW.ZDAYGROUPHIGHLIGHTBEINGEXTENDEDASSETS; END
trigger  ZT_ZPHOTOSHIGHLIGHT_ZDAYGROUPEXTENDEDASSETSCOUNT_ZASSET_UPDATE_INCREMENT  table=ZASSET
  SQL: CREATE TRIGGER ZT_ZPHOTOSHIGHLIGHT_ZDAYGROUPEXTENDEDASSETSCOUNT_ZASSET_UPDATE_INCREMENT AFTER UPDATE OF ZHIDDEN, ZTRASHEDSTATE ON ZASSET FOR EACH ROW WHEN (NEW.ZHIDDEN == 0 AND NEW.ZTRASHEDSTATE == 0) AND (NEW.ZHIDDEN != OLD.ZHIDDEN OR NEW.ZTRASHEDSTATE != OLD.ZTRASHEDSTATE) AND (NEW.ZDAYGROUPHIGHLIGHTBEINGEXTENDEDASSETS == OLD.ZDAYGROUPHIGHLIGHTBEINGEXTENDEDASSETS) BEGIN UPDATE ZPHOTOSHIGHLIGHT SET ZDAYGROUPEXTENDEDASSETSCOUNT = IFNULL(ZDAYGROUPEXTENDEDASSETSCOUNT,0) + 1 WHERE NEW.ZDAYGROUPHIGHLIGHTBEINGEXTENDEDASSETS = Z_PK; SELECT NSCoreDataTriggerUpdateAffectedObjectValue('ZPHOTOSHIGHLIGHT', Z_ENT, Z_PK, 'ZDAYGROUPEXTENDEDASSETSCOUNT', ZDAYGROUPEXTENDEDASSETSCOUNT) FROM ZPHOTOSHIGHLIGHT WHERE Z_PK = NEW.ZDAYGROUPHIGHLIGHTBEINGEXTENDEDASSETS; END
trigger  ZT_ZPHOTOSHIGHLIGHT_ZDAYGROUPEXTENDEDASSETSCOUNT_ZASSET_ZDAYGROUPHIGHLIGHTBEINGEXTENDEDASSETS_UPDATE_DECREMENT  table=ZASSET
  SQL: CREATE TRIGGER ZT_ZPHOTOSHIGHLIGHT_ZDAYGROUPEXTENDEDASSETSCOUNT_ZASSET_ZDAYGROUPHIGHLIGHTBEINGEXTENDEDASSETS_UPDATE_DECREMENT AFTER UPDATE OF ZDAYGROUPHIGHLIGHTBEINGEXTENDEDASSETS ON ZASSET WHEN (OLD.ZHIDDEN == 0 AND OLD.ZTRASHEDSTATE == 0) AND ((OLD.ZDAYGROUPHIGHLIGHTBEINGEXTENDEDASSETS IS NOT NULL AND NEW.ZDAYGROUPHIGHLIGHTBEINGEXTENDEDASSETS IS NULL) OR (NEW.ZDAYGROUPHIGHLIGHTBEINGEXTENDEDASSETS != OLD.ZDAYGROUPHIGHLIGHTBEINGEXTENDEDASSETS)) BEGIN UPDATE ZPHOTOSHIGHLIGHT SET ZDAYGROUPEXTENDEDASSETSCOUNT = MAX(0,IFNULL(ZDAYGROUPEXTENDEDASSETSCOUNT,0) - 1) WHERE Z_PK = OLD.ZDAYGROUPHIGHLIGHTBEINGEXTENDEDASSETS; SELECT NSCoreDataTriggerUpdateAffectedObjectValue('ZPHOTOSHIGHLIGHT', Z_ENT, Z_PK, 'ZDAYGROUPEXTENDEDASSETSCOUNT', ZDAYGROUPEXTENDEDASSETSCOUNT) FROM ZPHOTOSHIGHLIGHT WHERE Z_PK = OLD.ZDAYGROUPHIGHLIGHTBEINGEXTENDEDASSETS; END
trigger  ZT_ZPHOTOSHIGHLIGHT_ZDAYGROUPEXTENDEDASSETSCOUNT_ZASSET_ZDAYGROUPHIGHLIGHTBEINGEXTENDEDASSETS_UPDATE_INCREMENT  table=ZASSET
  SQL: CREATE TRIGGER ZT_ZPHOTOSHIGHLIGHT_ZDAYGROUPEXTENDEDASSETSCOUNT_ZASSET_ZDAYGROUPHIGHLIGHTBEINGEXTENDEDASSETS_UPDATE_INCREMENT AFTER UPDATE OF ZDAYGROUPHIGHLIGHTBEINGEXTENDEDASSETS ON ZASSET WHEN (NEW.ZHIDDEN == 0 AND NEW.ZTRASHEDSTATE == 0) AND ((NEW.ZDAYGROUPHIGHLIGHTBEINGEXTENDEDASSETS IS NOT NULL AND OLD.ZDAYGROUPHIGHLIGHTBEINGEXTENDEDASSETS IS NULL) OR (NEW.ZDAYGROUPHIGHLIGHTBEINGEXTENDEDASSETS != OLD.ZDAYGROUPHIGHLIGHTBEINGEXTENDEDASSETS)) BEGIN UPDATE ZPHOTOSHIGHLIGHT SET ZDAYGROUPEXTENDEDASSETSCOUNT = IFNULL(ZDAYGROUPEXTENDEDASSETSCOUNT,0) + 1 WHERE Z_PK = NEW.ZDAYGROUPHIGHLIGHTBEINGEXTENDEDASSETS; SELECT NSCoreDataTriggerUpdateAffectedObjectValue('ZPHOTOSHIGHLIGHT', Z_ENT, Z_PK, 'ZDAYGROUPEXTENDEDASSETSCOUNT', ZDAYGROUPEXTENDEDASSETSCOUNT) FROM ZPHOTOSHIGHLIGHT WHERE Z_PK = NEW.ZDAYGROUPHIGHLIGHTBEINGEXTENDEDASSETS; END
trigger  ZT_ZPHOTOSHIGHLIGHT_ZDAYGROUPEXTENDEDASSETSCOUNT_ZASSET_ZPHOTOSHIGHLIGHT_INSERT_INCREMENT  table=ZPHOTOSHIGHLIGHT
  SQL: CREATE TRIGGER ZT_ZPHOTOSHIGHLIGHT_ZDAYGROUPEXTENDEDASSETSCOUNT_ZASSET_ZPHOTOSHIGHLIGHT_INSERT_INCREMENT AFTER INSERT ON ZPHOTOSHIGHLIGHT FOR EACH ROW BEGIN UPDATE ZPHOTOSHIGHLIGHT SET ZDAYGROUPEXTENDEDASSETSCOUNT = (SELECT COUNT(Z_PK) FROM ZASSET WHERE (ZDAYGROUPHIGHLIGHTBEINGEXTENDEDASSETS = NEW.Z_PK) AND (ZHIDDEN == 0 AND ZTRASHEDSTATE == 0)) WHERE Z_PK = NEW.Z_PK; SELECT NSCoreDataTriggerUpdateAffectedObjectValue('ZPHOTOSHIGHLIGHT', Z_ENT, Z_PK, 'ZDAYGROUPEXTENDEDASSETSCOUNT', ZDAYGROUPEXTENDEDASSETSCOUNT) FROM ZPHOTOSHIGHLIGHT WHERE Z_PK = NEW.Z_PK; END
trigger  ZT_ZPHOTOSHIGHLIGHT_ZDAYGROUPSUMMARYASSETSCOUNT_ZASSET_DELETE_DECREMENT  table=ZASSET
  SQL: CREATE TRIGGER ZT_ZPHOTOSHIGHLIGHT_ZDAYGROUPSUMMARYASSETSCOUNT_ZASSET_DELETE_DECREMENT AFTER DELETE ON ZASSET FOR EACH ROW WHEN OLD.ZHIDDEN == 0 AND OLD.ZTRASHEDSTATE == 0 BEGIN UPDATE ZPHOTOSHIGHLIGHT SET ZDAYGROUPSUMMARYASSETSCOUNT = MAX(0,IFNULL(ZDAYGROUPSUMMARYASSETSCOUNT,0) - 1) WHERE OLD.ZDAYGROUPHIGHLIGHTBEINGSUMMARYASSETS = Z_PK; SELECT NSCoreDataTriggerUpdateAffectedObjectValue('ZPHOTOSHIGHLIGHT', Z_ENT, Z_PK, 'ZDAYGROUPSUMMARYASSETSCOUNT', ZDAYGROUPSUMMARYASSETSCOUNT) FROM ZPHOTOSHIGHLIGHT WHERE Z_PK = OLD.ZDAYGROUPHIGHLIGHTBEINGSUMMARYASSETS; END
trigger  ZT_ZPHOTOSHIGHLIGHT_ZDAYGROUPSUMMARYASSETSCOUNT_ZASSET_INSERT_INCREMENT  table=ZASSET
  SQL: CREATE TRIGGER ZT_ZPHOTOSHIGHLIGHT_ZDAYGROUPSUMMARYASSETSCOUNT_ZASSET_INSERT_INCREMENT AFTER INSERT ON ZASSET FOR EACH ROW WHEN NEW.ZHIDDEN == 0 AND NEW.ZTRASHEDSTATE == 0 BEGIN UPDATE ZPHOTOSHIGHLIGHT SET ZDAYGROUPSUMMARYASSETSCOUNT = IFNULL(ZDAYGROUPSUMMARYASSETSCOUNT,0) + 1 WHERE NEW.ZDAYGROUPHIGHLIGHTBEINGSUMMARYASSETS = Z_PK; SELECT NSCoreDataTriggerUpdateAffectedObjectValue('ZPHOTOSHIGHLIGHT', Z_ENT, Z_PK, 'ZDAYGROUPSUMMARYASSETSCOUNT', ZDAYGROUPSUMMARYASSETSCOUNT) FROM ZPHOTOSHIGHLIGHT WHERE Z_PK = NEW.ZDAYGROUPHIGHLIGHTBEINGSUMMARYASSETS; END
trigger  ZT_ZPHOTOSHIGHLIGHT_ZDAYGROUPSUMMARYASSETSCOUNT_ZASSET_UPDATE_DECREMENT  table=ZASSET
  SQL: CREATE TRIGGER ZT_ZPHOTOSHIGHLIGHT_ZDAYGROUPSUMMARYASSETSCOUNT_ZASSET_UPDATE_DECREMENT AFTER UPDATE OF ZHIDDEN, ZTRASHEDSTATE ON ZASSET FOR EACH ROW WHEN (OLD.ZHIDDEN == 0 AND OLD.ZTRASHEDSTATE == 0) AND (NEW.ZHIDDEN != OLD.ZHIDDEN OR NEW.ZTRASHEDSTATE != OLD.ZTRASHEDSTATE) AND (OLD.ZDAYGROUPHIGHLIGHTBEINGSUMMARYASSETS == NEW.ZDAYGROUPHIGHLIGHTBEINGSUMMARYASSETS) BEGIN UPDATE ZPHOTOSHIGHLIGHT SET ZDAYGROUPSUMMARYASSETSCOUNT = MAX(0,IFNULL(ZDAYGROUPSUMMARYASSETSCOUNT,0) - 1) WHERE OLD.ZDAYGROUPHIGHLIGHTBEINGSUMMARYASSETS = Z_PK; SELECT NSCoreDataTriggerUpdateAffectedObjectValue('ZPHOTOSHIGHLIGHT', Z_ENT, Z_PK, 'ZDAYGROUPSUMMARYASSETSCOUNT', ZDAYGROUPSUMMARYASSETSCOUNT) FROM ZPHOTOSHIGHLIGHT WHERE Z_PK = NEW.ZDAYGROUPHIGHLIGHTBEINGSUMMARYASSETS; END
trigger  ZT_ZPHOTOSHIGHLIGHT_ZDAYGROUPSUMMARYASSETSCOUNT_ZASSET_UPDATE_INCREMENT  table=ZASSET
  SQL: CREATE TRIGGER ZT_ZPHOTOSHIGHLIGHT_ZDAYGROUPSUMMARYASSETSCOUNT_ZASSET_UPDATE_INCREMENT AFTER UPDATE OF ZHIDDEN, ZTRASHEDSTATE ON ZASSET FOR EACH ROW WHEN (NEW.ZHIDDEN == 0 AND NEW.ZTRASHEDSTATE == 0) AND (NEW.ZHIDDEN != OLD.ZHIDDEN OR NEW.ZTRASHEDSTATE != OLD.ZTRASHEDSTATE) AND (NEW.ZDAYGROUPHIGHLIGHTBEINGSUMMARYASSETS == OLD.ZDAYGROUPHIGHLIGHTBEINGSUMMARYASSETS) BEGIN UPDATE ZPHOTOSHIGHLIGHT SET ZDAYGROUPSUMMARYASSETSCOUNT = IFNULL(ZDAYGROUPSUMMARYASSETSCOUNT,0) + 1 WHERE NEW.ZDAYGROUPHIGHLIGHTBEINGSUMMARYASSETS = Z_PK; SELECT NSCoreDataTriggerUpdateAffectedObjectValue('ZPHOTOSHIGHLIGHT', Z_ENT, Z_PK, 'ZDAYGROUPSUMMARYASSETSCOUNT', ZDAYGROUPSUMMARYASSETSCOUNT) FROM ZPHOTOSHIGHLIGHT WHERE Z_PK = NEW.ZDAYGROUPHIGHLIGHTBEINGSUMMARYASSETS; END
trigger  ZT_ZPHOTOSHIGHLIGHT_ZDAYGROUPSUMMARYASSETSCOUNT_ZASSET_ZDAYGROUPHIGHLIGHTBEINGSUMMARYASSETS_UPDATE_DECREMENT  table=ZASSET
  SQL: CREATE TRIGGER ZT_ZPHOTOSHIGHLIGHT_ZDAYGROUPSUMMARYASSETSCOUNT_ZASSET_ZDAYGROUPHIGHLIGHTBEINGSUMMARYASSETS_UPDATE_DECREMENT AFTER UPDATE OF ZDAYGROUPHIGHLIGHTBEINGSUMMARYASSETS ON ZASSET WHEN (OLD.ZHIDDEN == 0 AND OLD.ZTRASHEDSTATE == 0) AND ((OLD.ZDAYGROUPHIGHLIGHTBEINGSUMMARYASSETS IS NOT NULL AND NEW.ZDAYGROUPHIGHLIGHTBEINGSUMMARYASSETS IS NULL) OR (NEW.ZDAYGROUPHIGHLIGHTBEINGSUMMARYASSETS != OLD.ZDAYGROUPHIGHLIGHTBEINGSUMMARYASSETS)) BEGIN UPDATE ZPHOTOSHIGHLIGHT SET ZDAYGROUPSUMMARYASSETSCOUNT = MAX(0,IFNULL(ZDAYGROUPSUMMARYASSETSCOUNT,0) - 1) WHERE Z_PK = OLD.ZDAYGROUPHIGHLIGHTBEINGSUMMARYASSETS; SELECT NSCoreDataTriggerUpdateAffectedObjectValue('ZPHOTOSHIGHLIGHT', Z_ENT, Z_PK, 'ZDAYGROUPSUMMARYASSETSCOUNT', ZDAYGROUPSUMMARYASSETSCOUNT) FROM ZPHOTOSHIGHLIGHT WHERE Z_PK = OLD.ZDAYGROUPHIGHLIGHTBEINGSUMMARYASSETS; END
trigger  ZT_ZPHOTOSHIGHLIGHT_ZDAYGROUPSUMMARYASSETSCOUNT_ZASSET_ZDAYGROUPHIGHLIGHTBEINGSUMMARYASSETS_UPDATE_INCREMENT  table=ZASSET
  SQL: CREATE TRIGGER ZT_ZPHOTOSHIGHLIGHT_ZDAYGROUPSUMMARYASSETSCOUNT_ZASSET_ZDAYGROUPHIGHLIGHTBEINGSUMMARYASSETS_UPDATE_INCREMENT AFTER UPDATE OF ZDAYGROUPHIGHLIGHTBEINGSUMMARYASSETS ON ZASSET WHEN (NEW.ZHIDDEN == 0 AND NEW.ZTRASHEDSTATE == 0) AND ((NEW.ZDAYGROUPHIGHLIGHTBEINGSUMMARYASSETS IS NOT NULL AND OLD.ZDAYGROUPHIGHLIGHTBEINGSUMMARYASSETS IS NULL) OR (NEW.ZDAYGROUPHIGHLIGHTBEINGSUMMARYASSETS != OLD.ZDAYGROUPHIGHLIGHTBEINGSUMMARYASSETS)) BEGIN UPDATE ZPHOTOSHIGHLIGHT SET ZDAYGROUPSUMMARYASSETSCOUNT = IFNULL(ZDAYGROUPSUMMARYASSETSCOUNT,0) + 1 WHERE Z_PK = NEW.ZDAYGROUPHIGHLIGHTBEINGSUMMARYASSETS; SELECT NSCoreDataTriggerUpdateAffectedObjectValue('ZPHOTOSHIGHLIGHT', Z_ENT, Z_PK, 'ZDAYGROUPSUMMARYASSETSCOUNT', ZDAYGROUPSUMMARYASSETSCOUNT) FROM ZPHOTOSHIGHLIGHT WHERE Z_PK = NEW.ZDAYGROUPHIGHLIGHTBEINGSUMMARYASSETS; END
trigger  ZT_ZPHOTOSHIGHLIGHT_ZDAYGROUPSUMMARYASSETSCOUNT_ZASSET_ZPHOTOSHIGHLIGHT_INSERT_INCREMENT  table=ZPHOTOSHIGHLIGHT
  SQL: CREATE TRIGGER ZT_ZPHOTOSHIGHLIGHT_ZDAYGROUPSUMMARYASSETSCOUNT_ZASSET_ZPHOTOSHIGHLIGHT_INSERT_INCREMENT AFTER INSERT ON ZPHOTOSHIGHLIGHT FOR EACH ROW BEGIN UPDATE ZPHOTOSHIGHLIGHT SET ZDAYGROUPSUMMARYASSETSCOUNT = (SELECT COUNT(Z_PK) FROM ZASSET WHERE (ZDAYGROUPHIGHLIGHTBEINGSUMMARYASSETS = NEW.Z_PK) AND (ZHIDDEN == 0 AND ZTRASHEDSTATE == 0)) WHERE Z_PK = NEW.Z_PK; SELECT NSCoreDataTriggerUpdateAffectedObjectValue('ZPHOTOSHIGHLIGHT', Z_ENT, Z_PK, 'ZDAYGROUPSUMMARYASSETSCOUNT', ZDAYGROUPSUMMARYASSETSCOUNT) FROM ZPHOTOSHIGHLIGHT WHERE Z_PK = NEW.Z_PK; END
trigger  ZT_ZPHOTOSHIGHLIGHT_ZEXTENDEDCOUNT_ZASSET_DELETE_DECREMENT  table=ZASSET
  SQL: CREATE TRIGGER ZT_ZPHOTOSHIGHLIGHT_ZEXTENDEDCOUNT_ZASSET_DELETE_DECREMENT AFTER DELETE ON ZASSET FOR EACH ROW WHEN OLD.ZHIDDEN == 0 AND OLD.ZTRASHEDSTATE == 0 BEGIN UPDATE ZPHOTOSHIGHLIGHT SET ZEXTENDEDCOUNT = MAX(0,IFNULL(ZEXTENDEDCOUNT,0) - 1) WHERE OLD.ZHIGHLIGHTBEINGEXTENDEDASSETS = Z_PK; SELECT NSCoreDataTriggerUpdateAffectedObjectValue('ZPHOTOSHIGHLIGHT', Z_ENT, Z_PK, 'ZEXTENDEDCOUNT', ZEXTENDEDCOUNT) FROM ZPHOTOSHIGHLIGHT WHERE Z_PK = OLD.ZHIGHLIGHTBEINGEXTENDEDASSETS; END
trigger  ZT_ZPHOTOSHIGHLIGHT_ZEXTENDEDCOUNT_ZASSET_INSERT_INCREMENT  table=ZASSET
  SQL: CREATE TRIGGER ZT_ZPHOTOSHIGHLIGHT_ZEXTENDEDCOUNT_ZASSET_INSERT_INCREMENT AFTER INSERT ON ZASSET FOR EACH ROW WHEN NEW.ZHIDDEN == 0 AND NEW.ZTRASHEDSTATE == 0 BEGIN UPDATE ZPHOTOSHIGHLIGHT SET ZEXTENDEDCOUNT = IFNULL(ZEXTENDEDCOUNT,0) + 1 WHERE NEW.ZHIGHLIGHTBEINGEXTENDEDASSETS = Z_PK; SELECT NSCoreDataTriggerUpdateAffectedObjectValue('ZPHOTOSHIGHLIGHT', Z_ENT, Z_PK, 'ZEXTENDEDCOUNT', ZEXTENDEDCOUNT) FROM ZPHOTOSHIGHLIGHT WHERE Z_PK = NEW.ZHIGHLIGHTBEINGEXTENDEDASSETS; END
trigger  ZT_ZPHOTOSHIGHLIGHT_ZEXTENDEDCOUNT_ZASSET_UPDATE_DECREMENT  table=ZASSET
  SQL: CREATE TRIGGER ZT_ZPHOTOSHIGHLIGHT_ZEXTENDEDCOUNT_ZASSET_UPDATE_DECREMENT AFTER UPDATE OF ZHIDDEN, ZTRASHEDSTATE ON ZASSET FOR EACH ROW WHEN (OLD.ZHIDDEN == 0 AND OLD.ZTRASHEDSTATE == 0) AND (NEW.ZHIDDEN != OLD.ZHIDDEN OR NEW.ZTRASHEDSTATE != OLD.ZTRASHEDSTATE) AND (OLD.ZHIGHLIGHTBEINGEXTENDEDASSETS == NEW.ZHIGHLIGHTBEINGEXTENDEDASSETS) BEGIN UPDATE ZPHOTOSHIGHLIGHT SET ZEXTENDEDCOUNT = MAX(0,IFNULL(ZEXTENDEDCOUNT,0) - 1) WHERE OLD.ZHIGHLIGHTBEINGEXTENDEDASSETS = Z_PK; SELECT NSCoreDataTriggerUpdateAffectedObjectValue('ZPHOTOSHIGHLIGHT', Z_ENT, Z_PK, 'ZEXTENDEDCOUNT', ZEXTENDEDCOUNT) FROM ZPHOTOSHIGHLIGHT WHERE Z_PK = NEW.ZHIGHLIGHTBEINGEXTENDEDASSETS; END
trigger  ZT_ZPHOTOSHIGHLIGHT_ZEXTENDEDCOUNT_ZASSET_UPDATE_INCREMENT  table=ZASSET
  SQL: CREATE TRIGGER ZT_ZPHOTOSHIGHLIGHT_ZEXTENDEDCOUNT_ZASSET_UPDATE_INCREMENT AFTER UPDATE OF ZHIDDEN, ZTRASHEDSTATE ON ZASSET FOR EACH ROW WHEN (NEW.ZHIDDEN == 0 AND NEW.ZTRASHEDSTATE == 0) AND (NEW.ZHIDDEN != OLD.ZHIDDEN OR NEW.ZTRASHEDSTATE != OLD.ZTRASHEDSTATE) AND (NEW.ZHIGHLIGHTBEINGEXTENDEDASSETS == OLD.ZHIGHLIGHTBEINGEXTENDEDASSETS) BEGIN UPDATE ZPHOTOSHIGHLIGHT SET ZEXTENDEDCOUNT = IFNULL(ZEXTENDEDCOUNT,0) + 1 WHERE NEW.ZHIGHLIGHTBEINGEXTENDEDASSETS = Z_PK; SELECT NSCoreDataTriggerUpdateAffectedObjectValue('ZPHOTOSHIGHLIGHT', Z_ENT, Z_PK, 'ZEXTENDEDCOUNT', ZEXTENDEDCOUNT) FROM ZPHOTOSHIGHLIGHT WHERE Z_PK = NEW.ZHIGHLIGHTBEINGEXTENDEDASSETS; END
trigger  ZT_ZPHOTOSHIGHLIGHT_ZEXTENDEDCOUNT_ZASSET_ZHIGHLIGHTBEINGEXTENDEDASSETS_UPDATE_DECREMENT  table=ZASSET
  SQL: CREATE TRIGGER ZT_ZPHOTOSHIGHLIGHT_ZEXTENDEDCOUNT_ZASSET_ZHIGHLIGHTBEINGEXTENDEDASSETS_UPDATE_DECREMENT AFTER UPDATE OF ZHIGHLIGHTBEINGEXTENDEDASSETS ON ZASSET WHEN (OLD.ZHIDDEN == 0 AND OLD.ZTRASHEDSTATE == 0) AND ((OLD.ZHIGHLIGHTBEINGEXTENDEDASSETS IS NOT NULL AND NEW.ZHIGHLIGHTBEINGEXTENDEDASSETS IS NULL) OR (NEW.ZHIGHLIGHTBEINGEXTENDEDASSETS != OLD.ZHIGHLIGHTBEINGEXTENDEDASSETS)) BEGIN UPDATE ZPHOTOSHIGHLIGHT SET ZEXTENDEDCOUNT = MAX(0,IFNULL(ZEXTENDEDCOUNT,0) - 1) WHERE Z_PK = OLD.ZHIGHLIGHTBEINGEXTENDEDASSETS; SELECT NSCoreDataTriggerUpdateAffectedObjectValue('ZPHOTOSHIGHLIGHT', Z_ENT, Z_PK, 'ZEXTENDEDCOUNT', ZEXTENDEDCOUNT) FROM ZPHOTOSHIGHLIGHT WHERE Z_PK = OLD.ZHIGHLIGHTBEINGEXTENDEDASSETS; END
trigger  ZT_ZPHOTOSHIGHLIGHT_ZEXTENDEDCOUNT_ZASSET_ZHIGHLIGHTBEINGEXTENDEDASSETS_UPDATE_INCREMENT  table=ZASSET
  SQL: CREATE TRIGGER ZT_ZPHOTOSHIGHLIGHT_ZEXTENDEDCOUNT_ZASSET_ZHIGHLIGHTBEINGEXTENDEDASSETS_UPDATE_INCREMENT AFTER UPDATE OF ZHIGHLIGHTBEINGEXTENDEDASSETS ON ZASSET WHEN (NEW.ZHIDDEN == 0 AND NEW.ZTRASHEDSTATE == 0) AND ((NEW.ZHIGHLIGHTBEINGEXTENDEDASSETS IS NOT NULL AND OLD.ZHIGHLIGHTBEINGEXTENDEDASSETS IS NULL) OR (NEW.ZHIGHLIGHTBEINGEXTENDEDASSETS != OLD.ZHIGHLIGHTBEINGEXTENDEDASSETS)) BEGIN UPDATE ZPHOTOSHIGHLIGHT SET ZEXTENDEDCOUNT = IFNULL(ZEXTENDEDCOUNT,0) + 1 WHERE Z_PK = NEW.ZHIGHLIGHTBEINGEXTENDEDASSETS; SELECT NSCoreDataTriggerUpdateAffectedObjectValue('ZPHOTOSHIGHLIGHT', Z_ENT, Z_PK, 'ZEXTENDEDCOUNT', ZEXTENDEDCOUNT) FROM ZPHOTOSHIGHLIGHT WHERE Z_PK = NEW.ZHIGHLIGHTBEINGEXTENDEDASSETS; END
trigger  ZT_ZPHOTOSHIGHLIGHT_ZEXTENDEDCOUNT_ZASSET_ZPHOTOSHIGHLIGHT_INSERT_INCREMENT  table=ZPHOTOSHIGHLIGHT
  SQL: CREATE TRIGGER ZT_ZPHOTOSHIGHLIGHT_ZEXTENDEDCOUNT_ZASSET_ZPHOTOSHIGHLIGHT_INSERT_INCREMENT AFTER INSERT ON ZPHOTOSHIGHLIGHT FOR EACH ROW BEGIN UPDATE ZPHOTOSHIGHLIGHT SET ZEXTENDEDCOUNT = (SELECT COUNT(Z_PK) FROM ZASSET WHERE (ZHIGHLIGHTBEINGEXTENDEDASSETS = NEW.Z_PK) AND (ZHIDDEN == 0 AND ZTRASHEDSTATE == 0)) WHERE Z_PK = NEW.Z_PK; SELECT NSCoreDataTriggerUpdateAffectedObjectValue('ZPHOTOSHIGHLIGHT', Z_ENT, Z_PK, 'ZEXTENDEDCOUNT', ZEXTENDEDCOUNT) FROM ZPHOTOSHIGHLIGHT WHERE Z_PK = NEW.Z_PK; END
trigger  ZT_ZPHOTOSHIGHLIGHT_ZSUMMARYCOUNT_ZASSET_DELETE_DECREMENT  table=ZASSET
  SQL: CREATE TRIGGER ZT_ZPHOTOSHIGHLIGHT_ZSUMMARYCOUNT_ZASSET_DELETE_DECREMENT AFTER DELETE ON ZASSET FOR EACH ROW WHEN OLD.ZHIDDEN == 0 AND OLD.ZTRASHEDSTATE == 0 BEGIN UPDATE ZPHOTOSHIGHLIGHT SET ZSUMMARYCOUNT = MAX(0,IFNULL(ZSUMMARYCOUNT,0) - 1) WHERE OLD.ZHIGHLIGHTBEINGSUMMARYASSETS = Z_PK; SELECT NSCoreDataTriggerUpdateAffectedObjectValue('ZPHOTOSHIGHLIGHT', Z_ENT, Z_PK, 'ZSUMMARYCOUNT', ZSUMMARYCOUNT) FROM ZPHOTOSHIGHLIGHT WHERE Z_PK = OLD.ZHIGHLIGHTBEINGSUMMARYASSETS; END
trigger  ZT_ZPHOTOSHIGHLIGHT_ZSUMMARYCOUNT_ZASSET_INSERT_INCREMENT  table=ZASSET
  SQL: CREATE TRIGGER ZT_ZPHOTOSHIGHLIGHT_ZSUMMARYCOUNT_ZASSET_INSERT_INCREMENT AFTER INSERT ON ZASSET FOR EACH ROW WHEN NEW.ZHIDDEN == 0 AND NEW.ZTRASHEDSTATE == 0 BEGIN UPDATE ZPHOTOSHIGHLIGHT SET ZSUMMARYCOUNT = IFNULL(ZSUMMARYCOUNT,0) + 1 WHERE NEW.ZHIGHLIGHTBEINGSUMMARYASSETS = Z_PK; SELECT NSCoreDataTriggerUpdateAffectedObjectValue('ZPHOTOSHIGHLIGHT', Z_ENT, Z_PK, 'ZSUMMARYCOUNT', ZSUMMARYCOUNT) FROM ZPHOTOSHIGHLIGHT WHERE Z_PK = NEW.ZHIGHLIGHTBEINGSUMMARYASSETS; END
trigger  ZT_ZPHOTOSHIGHLIGHT_ZSUMMARYCOUNT_ZASSET_UPDATE_DECREMENT  table=ZASSET
  SQL: CREATE TRIGGER ZT_ZPHOTOSHIGHLIGHT_ZSUMMARYCOUNT_ZASSET_UPDATE_DECREMENT AFTER UPDATE OF ZHIDDEN, ZTRASHEDSTATE ON ZASSET FOR EACH ROW WHEN (OLD.ZHIDDEN == 0 AND OLD.ZTRASHEDSTATE == 0) AND (NEW.ZHIDDEN != OLD.ZHIDDEN OR NEW.ZTRASHEDSTATE != OLD.ZTRASHEDSTATE) AND (OLD.ZHIGHLIGHTBEINGSUMMARYASSETS == NEW.ZHIGHLIGHTBEINGSUMMARYASSETS) BEGIN UPDATE ZPHOTOSHIGHLIGHT SET ZSUMMARYCOUNT = MAX(0,IFNULL(ZSUMMARYCOUNT,0) - 1) WHERE OLD.ZHIGHLIGHTBEINGSUMMARYASSETS = Z_PK; SELECT NSCoreDataTriggerUpdateAffectedObjectValue('ZPHOTOSHIGHLIGHT', Z_ENT, Z_PK, 'ZSUMMARYCOUNT', ZSUMMARYCOUNT) FROM ZPHOTOSHIGHLIGHT WHERE Z_PK = NEW.ZHIGHLIGHTBEINGSUMMARYASSETS; END
trigger  ZT_ZPHOTOSHIGHLIGHT_ZSUMMARYCOUNT_ZASSET_UPDATE_INCREMENT  table=ZASSET
  SQL: CREATE TRIGGER ZT_ZPHOTOSHIGHLIGHT_ZSUMMARYCOUNT_ZASSET_UPDATE_INCREMENT AFTER UPDATE OF ZHIDDEN, ZTRASHEDSTATE ON ZASSET FOR EACH ROW WHEN (NEW.ZHIDDEN == 0 AND NEW.ZTRASHEDSTATE == 0) AND (NEW.ZHIDDEN != OLD.ZHIDDEN OR NEW.ZTRASHEDSTATE != OLD.ZTRASHEDSTATE) AND (NEW.ZHIGHLIGHTBEINGSUMMARYASSETS == OLD.ZHIGHLIGHTBEINGSUMMARYASSETS) BEGIN UPDATE ZPHOTOSHIGHLIGHT SET ZSUMMARYCOUNT = IFNULL(ZSUMMARYCOUNT,0) + 1 WHERE NEW.ZHIGHLIGHTBEINGSUMMARYASSETS = Z_PK; SELECT NSCoreDataTriggerUpdateAffectedObjectValue('ZPHOTOSHIGHLIGHT', Z_ENT, Z_PK, 'ZSUMMARYCOUNT', ZSUMMARYCOUNT) FROM ZPHOTOSHIGHLIGHT WHERE Z_PK = NEW.ZHIGHLIGHTBEINGSUMMARYASSETS; END
trigger  ZT_ZPHOTOSHIGHLIGHT_ZSUMMARYCOUNT_ZASSET_ZHIGHLIGHTBEINGSUMMARYASSETS_UPDATE_DECREMENT  table=ZASSET
  SQL: CREATE TRIGGER ZT_ZPHOTOSHIGHLIGHT_ZSUMMARYCOUNT_ZASSET_ZHIGHLIGHTBEINGSUMMARYASSETS_UPDATE_DECREMENT AFTER UPDATE OF ZHIGHLIGHTBEINGSUMMARYASSETS ON ZASSET WHEN (OLD.ZHIDDEN == 0 AND OLD.ZTRASHEDSTATE == 0) AND ((OLD.ZHIGHLIGHTBEINGSUMMARYASSETS IS NOT NULL AND NEW.ZHIGHLIGHTBEINGSUMMARYASSETS IS NULL) OR (NEW.ZHIGHLIGHTBEINGSUMMARYASSETS != OLD.ZHIGHLIGHTBEINGSUMMARYASSETS)) BEGIN UPDATE ZPHOTOSHIGHLIGHT SET ZSUMMARYCOUNT = MAX(0,IFNULL(ZSUMMARYCOUNT,0) - 1) WHERE Z_PK = OLD.ZHIGHLIGHTBEINGSUMMARYASSETS; SELECT NSCoreDataTriggerUpdateAffectedObjectValue('ZPHOTOSHIGHLIGHT', Z_ENT, Z_PK, 'ZSUMMARYCOUNT', ZSUMMARYCOUNT) FROM ZPHOTOSHIGHLIGHT WHERE Z_PK = OLD.ZHIGHLIGHTBEINGSUMMARYASSETS; END
trigger  ZT_ZPHOTOSHIGHLIGHT_ZSUMMARYCOUNT_ZASSET_ZHIGHLIGHTBEINGSUMMARYASSETS_UPDATE_INCREMENT  table=ZASSET
  SQL: CREATE TRIGGER ZT_ZPHOTOSHIGHLIGHT_ZSUMMARYCOUNT_ZASSET_ZHIGHLIGHTBEINGSUMMARYASSETS_UPDATE_INCREMENT AFTER UPDATE OF ZHIGHLIGHTBEINGSUMMARYASSETS ON ZASSET WHEN (NEW.ZHIDDEN == 0 AND NEW.ZTRASHEDSTATE == 0) AND ((NEW.ZHIGHLIGHTBEINGSUMMARYASSETS IS NOT NULL AND OLD.ZHIGHLIGHTBEINGSUMMARYASSETS IS NULL) OR (NEW.ZHIGHLIGHTBEINGSUMMARYASSETS != OLD.ZHIGHLIGHTBEINGSUMMARYASSETS)) BEGIN UPDATE ZPHOTOSHIGHLIGHT SET ZSUMMARYCOUNT = IFNULL(ZSUMMARYCOUNT,0) + 1 WHERE Z_PK = NEW.ZHIGHLIGHTBEINGSUMMARYASSETS; SELECT NSCoreDataTriggerUpdateAffectedObjectValue('ZPHOTOSHIGHLIGHT', Z_ENT, Z_PK, 'ZSUMMARYCOUNT', ZSUMMARYCOUNT) FROM ZPHOTOSHIGHLIGHT WHERE Z_PK = NEW.ZHIGHLIGHTBEINGSUMMARYASSETS; END
trigger  ZT_ZPHOTOSHIGHLIGHT_ZSUMMARYCOUNT_ZASSET_ZPHOTOSHIGHLIGHT_INSERT_INCREMENT  table=ZPHOTOSHIGHLIGHT
  SQL: CREATE TRIGGER ZT_ZPHOTOSHIGHLIGHT_ZSUMMARYCOUNT_ZASSET_ZPHOTOSHIGHLIGHT_INSERT_INCREMENT AFTER INSERT ON ZPHOTOSHIGHLIGHT FOR EACH ROW BEGIN UPDATE ZPHOTOSHIGHLIGHT SET ZSUMMARYCOUNT = (SELECT COUNT(Z_PK) FROM ZASSET WHERE (ZHIGHLIGHTBEINGSUMMARYASSETS = NEW.Z_PK) AND (ZHIDDEN == 0 AND ZTRASHEDSTATE == 0)) WHERE Z_PK = NEW.Z_PK; SELECT NSCoreDataTriggerUpdateAffectedObjectValue('ZPHOTOSHIGHLIGHT', Z_ENT, Z_PK, 'ZSUMMARYCOUNT', ZSUMMARYCOUNT) FROM ZPHOTOSHIGHLIGHT WHERE Z_PK = NEW.Z_PK; END
trigger  Z_DA_ZADDITIONALASSETATTRIBUTES_Asset_derivedCameraCaptureDevice_PARAMETER_INSERT  table=ZADDITIONALASSETATTRIBUTES
  SQL: CREATE TRIGGER Z_DA_ZADDITIONALASSETATTRIBUTES_Asset_derivedCameraCaptureDevice_PARAMETER_INSERT AFTER INSERT ON ZADDITIONALASSETATTRIBUTES FOR EACH ROW BEGIN UPDATE ZASSET SET ZDERIVEDCAMERACAPTUREDEVICE = NEW.ZCAMERACAPTUREDEVICE WHERE ZADDITIONALATTRIBUTES = NEW.Z_PK; SELECT NSCoreDataDATriggerInsertUpdatedAffectedObjectValue('ZASSET', Z_ENT, Z_PK, 'derivedCameraCaptureDevice', ZDERIVEDCAMERACAPTUREDEVICE) FROM ZASSET WHERE ZADDITIONALATTRIBUTES = NEW.Z_PK; END
trigger  Z_DA_ZADDITIONALASSETATTRIBUTES_Asset_derivedCameraCaptureDevice_PARAMETER_UPDATE  table=ZADDITIONALASSETATTRIBUTES
  SQL: CREATE TRIGGER Z_DA_ZADDITIONALASSETATTRIBUTES_Asset_derivedCameraCaptureDevice_PARAMETER_UPDATE AFTER UPDATE OF ZCAMERACAPTUREDEVICE ON ZADDITIONALASSETATTRIBUTES FOR EACH ROW BEGIN UPDATE ZASSET SET ZDERIVEDCAMERACAPTUREDEVICE = NEW.ZCAMERACAPTUREDEVICE WHERE ZADDITIONALATTRIBUTES = NEW.Z_PK; SELECT NSCoreDataDATriggerUpdatedAffectedObjectValue('ZASSET', Z_ENT, Z_PK, 'derivedCameraCaptureDevice', ZDERIVEDCAMERACAPTUREDEVICE) FROM ZASSET WHERE ZADDITIONALATTRIBUTES = NEW.Z_PK; END
trigger  Z_DA_ZASSET_Asset_derivedCameraCaptureDevice_SOURCE_INSERT  table=ZASSET
  SQL: CREATE TRIGGER Z_DA_ZASSET_Asset_derivedCameraCaptureDevice_SOURCE_INSERT AFTER INSERT ON ZASSET FOR EACH ROW BEGIN UPDATE ZASSET SET ZDERIVEDCAMERACAPTUREDEVICE = (SELECT ZCAMERACAPTUREDEVICE FROM ZADDITIONALASSETATTRIBUTES WHERE Z_PK = NEW.ZADDITIONALATTRIBUTES) WHERE Z_PK = NEW.Z_PK; SELECT NSCoreDataDATriggerInsertUpdatedAffectedObjectValue('ZASSET', Z_ENT, Z_PK, 'derivedCameraCaptureDevice', ZDERIVEDCAMERACAPTUREDEVICE) FROM ZASSET WHERE Z_PK = NEW.Z_PK; END
trigger  Z_DA_ZASSET_Asset_derivedCameraCaptureDevice_SOURCE_UPDATE  table=ZASSET
  SQL: CREATE TRIGGER Z_DA_ZASSET_Asset_derivedCameraCaptureDevice_SOURCE_UPDATE AFTER UPDATE OF ZADDITIONALATTRIBUTES ON ZASSET FOR EACH ROW BEGIN UPDATE ZASSET SET ZDERIVEDCAMERACAPTUREDEVICE = (SELECT ZCAMERACAPTUREDEVICE FROM ZADDITIONALASSETATTRIBUTES WHERE Z_PK = NEW.ZADDITIONALATTRIBUTES) WHERE Z_PK = NEW.Z_PK; SELECT NSCoreDataDATriggerUpdatedAffectedObjectValue('ZASSET', Z_ENT, Z_PK, 'derivedCameraCaptureDevice', ZDERIVEDCAMERACAPTUREDEVICE) FROM ZASSET WHERE Z_PK = NEW.Z_PK; END
trigger  Z_RT_Asset_boundedByRect_DELETE  table=ZASSET
  SQL: CREATE TRIGGER Z_RT_Asset_boundedByRect_DELETE AFTER DELETE ON ZASSET FOR EACH ROW BEGIN DELETE FROM Z_RT_Asset_boundedByRect WHERE Z_PK = OLD.Z_PK ; END
trigger  Z_RT_Asset_boundedByRect_INSERT  table=ZASSET
  SQL: CREATE TRIGGER Z_RT_Asset_boundedByRect_INSERT AFTER INSERT ON ZASSET FOR EACH ROW BEGIN INSERT OR REPLACE INTO Z_RT_Asset_boundedByRect (Z_PK, ZLATITUDE_MIN, ZLATITUDE_MAX, ZLONGITUDE_MIN, ZLONGITUDE_MAX) VALUES (NEW.Z_PK, NEW.ZLATITUDE ,NEW.ZLATITUDE, NEW.ZLONGITUDE, NEW.ZLONGITUDE) ; END
trigger  Z_RT_Asset_boundedByRect_UPDATE  table=ZASSET
  SQL: CREATE TRIGGER Z_RT_Asset_boundedByRect_UPDATE AFTER UPDATE ON ZASSET FOR EACH ROW BEGIN DELETE FROM Z_RT_Asset_boundedByRect WHERE Z_PK = NEW.Z_PK ; INSERT INTO Z_RT_Asset_boundedByRect (Z_PK, ZLATITUDE_MIN, ZLATITUDE_MAX, ZLONGITUDE_MIN, ZLONGITUDE_MAX) VALUES (NEW.Z_PK, NEW.ZLATITUDE ,NEW.ZLATITUDE, NEW.ZLONGITUDE, NEW.ZLONGITUDE) ; END

TABLE SCHEMAS
-------------

TABLE ACHANGE
  cid=0  name=Z_PK  type=INTEGER  notnull=0  default=NULL  pk=1
  cid=1  name=Z_ENT  type=INTEGER  notnull=0  default=NULL  pk=0
  cid=2  name=Z_OPT  type=INTEGER  notnull=0  default=NULL  pk=0
  cid=3  name=ZCHANGETYPE  type=INTEGER  notnull=0  default=NULL  pk=0
  cid=4  name=ZENTITY  type=INTEGER  notnull=0  default=NULL  pk=0
  cid=5  name=ZENTITYPK  type=INTEGER  notnull=0  default=NULL  pk=0
  cid=6  name=ZTRANSACTIONID  type=INTEGER  notnull=0  default=NULL  pk=0
  cid=7  name=ZCOLUMNS  type=BLOB  notnull=0  default=NULL  pk=0
  cid=8  name=ZTOMBSTONE0  type=BLOB  notnull=0  default=NULL  pk=0
  cid=9  name=ZTOMBSTONE1  type=BLOB  notnull=0  default=NULL  pk=0
  cid=10  name=ZTOMBSTONE2  type=BLOB  notnull=0  default=NULL  pk=0
  cid=11  name=ZTOMBSTONE3  type=BLOB  notnull=0  default=NULL  pk=0
  cid=12  name=ZTOMBSTONE4  type=BLOB  notnull=0  default=NULL  pk=0
  cid=13  name=ZTOMBSTONE5  type=BLOB  notnull=0  default=NULL  pk=0

TABLE ATRANSACTION
  cid=0  name=Z_PK  type=INTEGER  notnull=0  default=NULL  pk=1
  cid=1  name=Z_ENT  type=INTEGER  notnull=0  default=NULL  pk=0
  cid=2  name=Z_OPT  type=INTEGER  notnull=0  default=NULL  pk=0
  cid=3  name=ZAUTHORTS  type=INTEGER  notnull=0  default=NULL  pk=0
  cid=4  name=ZBUNDLEIDTS  type=INTEGER  notnull=0  default=NULL  pk=0
  cid=5  name=ZCONTEXTNAMETS  type=INTEGER  notnull=0  default=NULL  pk=0
  cid=6  name=ZPROCESSIDTS  type=INTEGER  notnull=0  default=NULL  pk=0
  cid=7  name=ZTIMESTAMP  type=FLOAT  notnull=0  default=NULL  pk=0
  cid=8  name=ZAUTHOR  type=VARCHAR  notnull=0  default=NULL  pk=0
  cid=9  name=ZBUNDLEID  type=VARCHAR  notnull=0  default=NULL  pk=0
  cid=10  name=ZCONTEXTNAME  type=VARCHAR  notnull=0  default=NULL  pk=0
  cid=11  name=ZPROCESSID  type=VARCHAR  notnull=0  default=NULL  pk=0
  cid=12  name=ZQUERYGEN  type=BLOB  notnull=0  default=NULL  pk=0

TABLE ATRANSACTIONSTRING
  cid=0  name=Z_PK  type=INTEGER  notnull=0  default=NULL  pk=1
  cid=1  name=Z_ENT  type=INTEGER  notnull=0  default=NULL  pk=0
  cid=2  name=Z_OPT  type=INTEGER  notnull=0  default=NULL  pk=0
  cid=3  name=ZNAME  type=VARCHAR  notnull=0  default=NULL  pk=0

TABLE ZADDITIONALASSETATTRIBUTES
  cid=0  name=Z_PK  type=INTEGER  notnull=0  default=NULL  pk=1
  cid=1  name=Z_ENT  type=INTEGER  notnull=0  default=NULL  pk=0
  cid=2  name=Z_OPT  type=INTEGER  notnull=0  default=NULL  pk=0
  cid=3  name=ZALLOWEDFORANALYSIS  type=INTEGER  notnull=0  default=NULL  pk=0
  cid=4  name=ZCAMERACAPTUREDEVICE  type=INTEGER  notnull=0  default=NULL  pk=0
  cid=5  name=ZCLOUDAVALANCHEPICKTYPE  type=INTEGER  notnull=0  default=NULL  pk=0
  cid=6  name=ZCLOUDKINDSUBTYPE  type=INTEGER  notnull=0  default=NULL  pk=0
  cid=7  name=ZCLOUDRECOVERYSTATE  type=INTEGER  notnull=0  default=NULL  pk=0
  cid=8  name=ZCLOUDSTATERECOVERYATTEMPTSCOUNT  type=INTEGER  notnull=0  default=NULL  pk=0
  cid=9  name=ZDATECREATEDSOURCE  type=INTEGER  notnull=0  default=NULL  pk=0
  cid=10  name=ZDEFERREDPROCESSINGCANDIDATEOPTIONS  type=INTEGER  notnull=0  default=NULL  pk=0
  cid=11  name=ZDESTINATIONASSETCOPYSTATE  type=INTEGER  notnull=0  default=NULL  pk=0
  cid=12  name=ZEMBEDDEDTHUMBNAILHEIGHT  type=INTEGER  notnull=0  default=NULL  pk=0
  cid=13  name=ZEMBEDDEDTHUMBNAILLENGTH  type=INTEGER  notnull=0  default=NULL  pk=0
  cid=14  name=ZEMBEDDEDTHUMBNAILOFFSET  type=INTEGER  notnull=0  default=NULL  pk=0
  cid=15  name=ZEMBEDDEDTHUMBNAILWIDTH  type=INTEGER  notnull=0  default=NULL  pk=0
  cid=16  name=ZFACEANALYSISVERSION  type=INTEGER  notnull=0  default=NULL  pk=0
  cid=17  name=ZIMPORTEDBY  type=INTEGER  notnull=0  default=NULL  pk=0
  cid=18  name=ZINFERREDTIMEZONEOFFSET  type=INTEGER  notnull=0  default=NULL  pk=0
  cid=19  name=ZLOCATIONHASH  type=INTEGER  notnull=0  default=NULL  pk=0
  cid=20  name=ZORIGINALFILESIZE  type=INTEGER  notnull=0  default=NULL  pk=0
  cid=21  name=ZORIGINALHEIGHT  type=INTEGER  notnull=0  default=NULL  pk=0
  cid=22  name=ZORIGINALORIENTATION  type=INTEGER  notnull=0  default=NULL  pk=0
  cid=23  name=ZORIGINALRESOURCECHOICE  type=INTEGER  notnull=0  default=NULL  pk=0
  cid=24  name=ZORIGINALWIDTH  type=INTEGER  notnull=0  default=NULL  pk=0
  cid=25  name=ZPENDINGPLAYCOUNT  type=INTEGER  notnull=0  default=NULL  pk=0
  cid=26  name=ZPENDINGSHARECOUNT  type=INTEGER  notnull=0  default=NULL  pk=0
  cid=27  name=ZPENDINGVIEWCOUNT  type=INTEGER  notnull=0  default=NULL  pk=0
  cid=28  name=ZPLAYCOUNT  type=INTEGER  notnull=0  default=NULL  pk=0
  cid=29  name=ZPTPTRASHEDSTATE  type=INTEGER  notnull=0  default=NULL  pk=0
  cid=30  name=ZREVERSELOCATIONDATAISVALID  type=INTEGER  notnull=0  default=NULL  pk=0
  cid=31  name=ZSCENEANALYSISISFROMPREVIEW  type=INTEGER  notnull=0  default=NULL  pk=0
  cid=32  name=ZSCENEANALYSISVERSION  type=INTEGER  notnull=0  default=NULL  pk=0
  cid=33  name=ZSHARECOUNT  type=INTEGER  notnull=0  default=NULL  pk=0
  cid=34  name=ZSHARETYPE  type=INTEGER  notnull=0  default=NULL  pk=0
  cid=35  name=ZSHIFTEDLOCATIONISVALID  type=INTEGER  notnull=0  default=NULL  pk=0
  cid=36  name=ZSYNDICATIONHISTORY  type=INTEGER  notnull=0  default=NULL  pk=0
  cid=37  name=ZTIMEZONEOFFSET  type=INTEGER  notnull=0  default=NULL  pk=0
  cid=38  name=ZUPLOADATTEMPTS  type=INTEGER  notnull=0  default=NULL  pk=0
  cid=39  name=ZVARIATIONSUGGESTIONSTATES  type=INTEGER  notnull=0  default=NULL  pk=0
  cid=40  name=ZVIDEOCPDISPLAYTIMESCALE  type=INTEGER  notnull=0  default=NULL  pk=0
  cid=41  name=ZVIDEOCPDISPLAYVALUE  type=INTEGER  notnull=0  default=NULL  pk=0
  cid=42  name=ZVIDEOCPDURATIONTIMESCALE  type=INTEGER  notnull=0  default=NULL  pk=0
  cid=43  name=ZVIEWCOUNT  type=INTEGER  notnull=0  default=NULL  pk=0
  cid=44  name=ZASSET  type=INTEGER  notnull=0  default=NULL  pk=0
  cid=45  name=ZASSETDESCRIPTION  type=INTEGER  notnull=0  default=NULL  pk=0
  cid=46  name=ZEDITEDIPTCATTRIBUTES  type=INTEGER  notnull=0  default=NULL  pk=0
  cid=47  name=ZMEDIAMETADATA  type=INTEGER  notnull=0  default=NULL  pk=0
  cid=48  name=ZSCENEPRINT  type=INTEGER  notnull=0  default=NULL  pk=0
  cid=49  name=ZUNMANAGEDADJUSTMENT  type=INTEGER  notnull=0  default=NULL  pk=0
  cid=50  name=ZALTERNATEIMPORTIMAGEDATE  type=TIMESTAMP  notnull=0  default=NULL  pk=0
  cid=51  name=ZGPSHORIZONTALACCURACY  type=FLOAT  notnull=0  default=NULL  pk=0
  cid=52  name=ZLASTUPLOADATTEMPTDATE  type=TIMESTAMP  notnull=0  default=NULL  pk=0
  cid=53  name=ZSCENEANALYSISTIMESTAMP  type=TIMESTAMP  notnull=0  default=NULL  pk=0
  cid=54  name=ZACCESSIBILITYDESCRIPTION  type=VARCHAR  notnull=0  default=NULL  pk=0
  cid=55  name=ZADJUSTEDFINGERPRINT  type=VARCHAR  notnull=0  default=NULL  pk=0
  cid=56  name=ZDEFERREDPHOTOIDENTIFIER  type=VARCHAR  notnull=0  default=NULL  pk=0
  cid=57  name=ZEDITORBUNDLEID  type=VARCHAR  notnull=0  default=NULL  pk=0
  cid=58  name=ZEXIFTIMESTAMPSTRING  type=VARCHAR  notnull=0  default=NULL  pk=0
  cid=59  name=ZIMPORTSESSIONID  type=VARCHAR  notnull=0  default=NULL  pk=0
  cid=60  name=ZIMPORTEDBYBUNDLEIDENTIFIER  type=VARCHAR  notnull=0  default=NULL  pk=0
  cid=61  name=ZIMPORTEDBYDISPLAYNAME  type=VARCHAR  notnull=0  default=NULL  pk=0
  cid=62  name=ZMASTERFINGERPRINT  type=VARCHAR  notnull=0  default=NULL  pk=0
  cid=63  name=ZMEDIAMETADATATYPE  type=VARCHAR  notnull=0  default=NULL  pk=0
  cid=64  name=ZMONTAGE  type=VARCHAR  notnull=0  default=NULL  pk=0
  cid=65  name=ZORIGINALASSETSUUID  type=VARCHAR  notnull=0  default=NULL  pk=0
  cid=66  name=ZORIGINALFILENAME  type=VARCHAR  notnull=0  default=NULL  pk=0
  cid=67  name=ZORIGINATINGASSETIDENTIFIER  type=VARCHAR  notnull=0  default=NULL  pk=0
  cid=68  name=ZPHOTOSTREAMTAGID  type=VARCHAR  notnull=0  default=NULL  pk=0
  cid=69  name=ZPUBLICGLOBALUUID  type=VARCHAR  notnull=0  default=NULL  pk=0
  cid=70  name=ZSHAREORIGINATOR  type=VARCHAR  notnull=0  default=NULL  pk=0
  cid=71  name=ZSNOWDAYSNOWPLOWIDENTIFIER  type=VARCHAR  notnull=0  default=NULL  pk=0
  cid=72  name=ZSOURCEASSETFORDUPLICATIONIDENTIFIER  type=VARCHAR  notnull=0  default=NULL  pk=0
  cid=73  name=ZSOURCEASSETFORDUPLICATIONSCOPEIDENTIFIER  type=VARCHAR  notnull=0  default=NULL  pk=0
  cid=74  name=ZSPATIALOVERCAPTUREGROUPIDENTIFIER  type=VARCHAR  notnull=0  default=NULL  pk=0
  cid=75  name=ZSYNDICATIONIDENTIFIER  type=VARCHAR  notnull=0  default=NULL  pk=0
  cid=76  name=ZTIMEZONENAME  type=VARCHAR  notnull=0  default=NULL  pk=0
  cid=77  name=ZTITLE  type=VARCHAR  notnull=0  default=NULL  pk=0
  cid=78  name=ZDISTANCEIDENTITY  type=BLOB  notnull=0  default=NULL  pk=0
  cid=79  name=ZFACEREGIONS  type=BLOB  notnull=0  default=NULL  pk=0
  cid=80  name=ZOBJECTSALIENCYRECTSDATA  type=BLOB  notnull=0  default=NULL  pk=0
  cid=81  name=ZORIGINALHASH  type=BLOB  notnull=0  default=NULL  pk=0
  cid=82  name=ZPLACEANNOTATIONDATA  type=BLOB  notnull=0  default=NULL  pk=0
  cid=83  name=ZREVERSELOCATIONDATA  type=BLOB  notnull=0  default=NULL  pk=0
  cid=84  name=ZSHIFTEDLOCATIONDATA  type=BLOB  notnull=0  default=NULL  pk=0

TABLE ZALBUMLIST
  cid=0  name=Z_PK  type=INTEGER  notnull=0  default=NULL  pk=1
  cid=1  name=Z_ENT  type=INTEGER  notnull=0  default=NULL  pk=0
  cid=2  name=Z_OPT  type=INTEGER  notnull=0  default=NULL  pk=0
  cid=3  name=ZIDENTIFIER  type=INTEGER  notnull=0  default=NULL  pk=0
  cid=4  name=ZNEEDSREORDERINGNUMBER  type=INTEGER  notnull=0  default=NULL  pk=0
  cid=5  name=ZUUID  type=VARCHAR  notnull=0  default=NULL  pk=0

TABLE ZASSET
  cid=0  name=Z_PK  type=INTEGER  notnull=0  default=NULL  pk=1
  cid=1  name=Z_ENT  type=INTEGER  notnull=0  default=NULL  pk=0
  cid=2  name=Z_OPT  type=INTEGER  notnull=0  default=NULL  pk=0
  cid=3  name=ZAVALANCHEPICKTYPE  type=INTEGER  notnull=0  default=NULL  pk=0
  cid=4  name=ZBUNDLESCOPE  type=INTEGER  notnull=0  default=NULL  pk=0
  cid=5  name=ZCAMERAPROCESSINGADJUSTMENTSTATE  type=INTEGER  notnull=0  default=NULL  pk=0
  cid=6  name=ZCLOUDDELETESTATE  type=INTEGER  notnull=0  default=NULL  pk=0
  cid=7  name=ZCLOUDDOWNLOADREQUESTS  type=INTEGER  notnull=0  default=NULL  pk=0
  cid=8  name=ZCLOUDHASCOMMENTSBYME  type=INTEGER  notnull=0  default=NULL  pk=0
  cid=9  name=ZCLOUDHASCOMMENTSCONVERSATION  type=INTEGER  notnull=0  default=NULL  pk=0
  cid=10  name=ZCLOUDHASUNSEENCOMMENTS  type=INTEGER  notnull=0  default=NULL  pk=0
  cid=11  name=ZCLOUDISDELETABLE  type=INTEGER  notnull=0  default=NULL  pk=0
  cid=12  name=ZCLOUDISMYASSET  type=INTEGER  notnull=0  default=NULL  pk=0
  cid=13  name=ZCLOUDLOCALSTATE  type=INTEGER  notnull=0  default=NULL  pk=0
  cid=14  name=ZCLOUDPLACEHOLDERKIND  type=INTEGER  notnull=0  default=NULL  pk=0
  cid=15  name=ZCOMPLETE  type=INTEGER  notnull=0  default=NULL  pk=0
  cid=16  name=ZDEFERREDPROCESSINGNEEDED  type=INTEGER  notnull=0  default=NULL  pk=0
  cid=17  name=ZDEPTHTYPE  type=INTEGER  notnull=0  default=NULL  pk=0
  cid=18  name=ZDERIVEDCAMERACAPTUREDEVICE  type=INTEGER  notnull=0  default=NULL  pk=0
  cid=19  name=ZFACEAREAPOINTS  type=INTEGER  notnull=0  default=NULL  pk=0
  cid=20  name=ZFAVORITE  type=INTEGER  notnull=0  default=NULL  pk=0
  cid=21  name=ZHASADJUSTMENTS  type=INTEGER  notnull=0  default=NULL  pk=0
  cid=22  name=ZHDRTYPE  type=INTEGER  notnull=0  default=NULL  pk=0
  cid=23  name=ZHEIGHT  type=INTEGER  notnull=0  default=NULL  pk=0
  cid=24  name=ZHIDDEN  type=INTEGER  notnull=0  default=NULL  pk=0
  cid=25  name=ZHIGHFRAMERATESTATE  type=INTEGER  notnull=0  default=NULL  pk=0
  cid=26  name=ZISMAGICCARPET  type=INTEGER  notnull=0  default=NULL  pk=0
  cid=27  name=ZKIND  type=INTEGER  notnull=0  default=NULL  pk=0
  cid=28  name=ZKINDSUBTYPE  type=INTEGER  notnull=0  default=NULL  pk=0
  cid=29  name=ZORIENTATION  type=INTEGER  notnull=0  default=NULL  pk=0
  cid=30  name=ZPACKEDACCEPTABLECROPRECT  type=INTEGER  notnull=0  default=NULL  pk=0
  cid=31  name=ZPACKEDBADGEATTRIBUTES  type=INTEGER  notnull=0  default=NULL  pk=0
  cid=32  name=ZPACKEDPREFERREDCROPRECT  type=INTEGER  notnull=0  default=NULL  pk=0
  cid=33  name=ZPLAYBACKSTYLE  type=INTEGER  notnull=0  default=NULL  pk=0
  cid=34  name=ZPLAYBACKVARIATION  type=INTEGER  notnull=0  default=NULL  pk=0
  cid=35  name=ZSAVEDASSETTYPE  type=INTEGER  notnull=0  default=NULL  pk=0
  cid=36  name=ZSYNDICATIONSTATE  type=INTEGER  notnull=0  default=NULL  pk=0
  cid=37  name=ZTHUMBNAILINDEX  type=INTEGER  notnull=0  default=NULL  pk=0
  cid=38  name=ZTRASHEDSTATE  type=INTEGER  notnull=0  default=NULL  pk=0
  cid=39  name=ZVIDEOCPDURATIONVALUE  type=INTEGER  notnull=0  default=NULL  pk=0
  cid=40  name=ZVIDEOCPVISIBILITYSTATE  type=INTEGER  notnull=0  default=NULL  pk=0
  cid=41  name=ZVIDEODEFERREDPROCESSINGNEEDED  type=INTEGER  notnull=0  default=NULL  pk=0
  cid=42  name=ZVIDEOKEYFRAMETIMESCALE  type=INTEGER  notnull=0  default=NULL  pk=0
  cid=43  name=ZVIDEOKEYFRAMEVALUE  type=INTEGER  notnull=0  default=NULL  pk=0
  cid=44  name=ZVISIBILITYSTATE  type=INTEGER  notnull=0  default=NULL  pk=0
  cid=45  name=ZWIDTH  type=INTEGER  notnull=0  default=NULL  pk=0
  cid=46  name=ZADDITIONALATTRIBUTES  type=INTEGER  notnull=0  default=NULL  pk=0
  cid=47  name=ZCLOUDFEEDASSETSENTRY  type=INTEGER  notnull=0  default=NULL  pk=0
  cid=48  name=ZCOMPUTEDATTRIBUTES  type=INTEGER  notnull=0  default=NULL  pk=0
  cid=49  name=ZCONVERSATION  type=INTEGER  notnull=0  default=NULL  pk=0
  cid=50  name=ZDAYGROUPHIGHLIGHTBEINGASSETS  type=INTEGER  notnull=0  default=NULL  pk=0
  cid=51  name=ZDAYGROUPHIGHLIGHTBEINGEXTENDEDASSETS  type=INTEGER  notnull=0  default=NULL  pk=0
  cid=52  name=ZDAYGROUPHIGHLIGHTBEINGKEYASSET  type=INTEGER  notnull=0  default=NULL  pk=0
  cid=53  name=ZDAYGROUPHIGHLIGHTBEINGSUMMARYASSETS  type=INTEGER  notnull=0  default=NULL  pk=0
  cid=54  name=ZEXTENDEDATTRIBUTES  type=INTEGER  notnull=0  default=NULL  pk=0
  cid=55  name=ZHIGHLIGHTBEINGASSETS  type=INTEGER  notnull=0  default=NULL  pk=0
  cid=56  name=ZHIGHLIGHTBEINGEXTENDEDASSETS  type=INTEGER  notnull=0  default=NULL  pk=0
  cid=57  name=ZHIGHLIGHTBEINGKEYASSET  type=INTEGER  notnull=0  default=NULL  pk=0
  cid=58  name=ZHIGHLIGHTBEINGSUMMARYASSETS  type=INTEGER  notnull=0  default=NULL  pk=0
  cid=59  name=ZIMPORTSESSION  type=INTEGER  notnull=0  default=NULL  pk=0
  cid=60  name=ZLIBRARYSCOPE  type=INTEGER  notnull=0  default=NULL  pk=0
  cid=61  name=ZLIBRARYSCOPEORIGINATOR  type=INTEGER  notnull=0  default=NULL  pk=0
  cid=62  name=ZMASTER  type=INTEGER  notnull=0  default=NULL  pk=0
  cid=63  name=ZMEDIAANALYSISATTRIBUTES  type=INTEGER  notnull=0  default=NULL  pk=0
  cid=64  name=ZMOMENT  type=INTEGER  notnull=0  default=NULL  pk=0
  cid=65  name=ZMOMENTSHARE  type=INTEGER  notnull=0  default=NULL  pk=0
  cid=66  name=ZMONTHHIGHLIGHTBEINGFIRSTASSET  type=INTEGER  notnull=0  default=NULL  pk=0
  cid=67  name=ZMONTHHIGHLIGHTBEINGKEYASSET  type=INTEGER  notnull=0  default=NULL  pk=0
  cid=68  name=ZYEARHIGHLIGHTBEINGKEYASSET  type=INTEGER  notnull=0  default=NULL  pk=0
  cid=69  name=Z_FOK_CLOUDFEEDASSETSENTRY  type=INTEGER  notnull=0  default=NULL  pk=0
  cid=70  name=ZADDEDDATE  type=TIMESTAMP  notnull=0  default=NULL  pk=0
  cid=71  name=ZADJUSTMENTTIMESTAMP  type=TIMESTAMP  notnull=0  default=NULL  pk=0
  cid=72  name=ZANALYSISSTATEMODIFICATIONDATE  type=TIMESTAMP  notnull=0  default=NULL  pk=0
  cid=73  name=ZCLOUDBATCHPUBLISHDATE  type=TIMESTAMP  notnull=0  default=NULL  pk=0
  cid=74  name=ZCLOUDLASTVIEWEDCOMMENTDATE  type=TIMESTAMP  notnull=0  default=NULL  pk=0
  cid=75  name=ZCLOUDSERVERPUBLISHDATE  type=TIMESTAMP  notnull=0  default=NULL  pk=0
  cid=76  name=ZCURATIONSCORE  type=FLOAT  notnull=0  default=NULL  pk=0
  cid=77  name=ZDATECREATED  type=TIMESTAMP  notnull=0  default=NULL  pk=0
  cid=78  name=ZDURATION  type=FLOAT  notnull=0  default=NULL  pk=0
  cid=79  name=ZFACEADJUSTMENTVERSION  type=TIMESTAMP  notnull=0  default=NULL  pk=0
  cid=80  name=ZHDRGAIN  type=FLOAT  notnull=0  default=NULL  pk=0
  cid=81  name=ZHIGHLIGHTVISIBILITYSCORE  type=FLOAT  notnull=0  default=NULL  pk=0
  cid=82  name=ZLASTSHAREDDATE  type=TIMESTAMP  notnull=0  default=NULL  pk=0
  cid=83  name=ZLATITUDE  type=FLOAT  notnull=0  default=NULL  pk=0
  cid=84  name=ZLONGITUDE  type=FLOAT  notnull=0  default=NULL  pk=0
  cid=85  name=ZMODIFICATIONDATE  type=TIMESTAMP  notnull=0  default=NULL  pk=0
  cid=86  name=ZOVERALLAESTHETICSCORE  type=FLOAT  notnull=0  default=NULL  pk=0
  cid=87  name=ZPROMOTIONSCORE  type=FLOAT  notnull=0  default=NULL  pk=0
  cid=88  name=ZSORTTOKEN  type=FLOAT  notnull=0  default=NULL  pk=0
  cid=89  name=ZTRASHEDDATE  type=TIMESTAMP  notnull=0  default=NULL  pk=0
  cid=90  name=ZAVALANCHEUUID  type=VARCHAR  notnull=0  default=NULL  pk=0
  cid=91  name=ZCLOUDASSETGUID  type=VARCHAR  notnull=0  default=NULL  pk=0
  cid=92  name=ZCLOUDBATCHID  type=VARCHAR  notnull=0  default=NULL  pk=0
  cid=93  name=ZCLOUDCOLLECTIONGUID  type=VARCHAR  notnull=0  default=NULL  pk=0
  cid=94  name=ZCLOUDOWNERHASHEDPERSONID  type=VARCHAR  notnull=0  default=NULL  pk=0
  cid=95  name=ZDIRECTORY  type=VARCHAR  notnull=0  default=NULL  pk=0
  cid=96  name=ZFILENAME  type=VARCHAR  notnull=0  default=NULL  pk=0
  cid=97  name=ZMEDIAGROUPUUID  type=VARCHAR  notnull=0  default=NULL  pk=0
  cid=98  name=ZORIGINALCOLORSPACE  type=VARCHAR  notnull=0  default=NULL  pk=0
  cid=99  name=ZUNIFORMTYPEIDENTIFIER  type=VARCHAR  notnull=0  default=NULL  pk=0
  cid=100  name=ZUUID  type=VARCHAR  notnull=0  default=NULL  pk=0
  cid=101  name=ZIMAGEREQUESTHINTS  type=BLOB  notnull=0  default=NULL  pk=0
  cid=102  name=ZLOCATIONDATA  type=BLOB  notnull=0  default=NULL  pk=0

TABLE ZASSETANALYSISSTATE
  cid=0  name=Z_PK  type=INTEGER  notnull=0  default=NULL  pk=1
  cid=1  name=Z_ENT  type=INTEGER  notnull=0  default=NULL  pk=0
  cid=2  name=Z_OPT  type=INTEGER  notnull=0  default=NULL  pk=0
  cid=3  name=ZANALYSISSTATE  type=INTEGER  notnull=0  default=NULL  pk=0
  cid=4  name=ZWORKERFLAGS  type=INTEGER  notnull=0  default=NULL  pk=0
  cid=5  name=ZWORKERTYPE  type=INTEGER  notnull=0  default=NULL  pk=0
  cid=6  name=ZASSET  type=INTEGER  notnull=0  default=NULL  pk=0
  cid=7  name=ZIGNOREUNTILDATE  type=TIMESTAMP  notnull=0  default=NULL  pk=0
  cid=8  name=ZLASTIGNOREDDATE  type=TIMESTAMP  notnull=0  default=NULL  pk=0
  cid=9  name=ZSORTTOKEN  type=FLOAT  notnull=0  default=NULL  pk=0
  cid=10  name=ZASSETUUID  type=VARCHAR  notnull=0  default=NULL  pk=0

TABLE ZASSETDESCRIPTION
  cid=0  name=Z_PK  type=INTEGER  notnull=0  default=NULL  pk=1
  cid=1  name=Z_ENT  type=INTEGER  notnull=0  default=NULL  pk=0
  cid=2  name=Z_OPT  type=INTEGER  notnull=0  default=NULL  pk=0
  cid=3  name=ZASSETATTRIBUTES  type=INTEGER  notnull=0  default=NULL  pk=0
  cid=4  name=ZLONGDESCRIPTION  type=VARCHAR  notnull=0  default=NULL  pk=0

TABLE ZCHARACTERRECOGNITIONATTRIBUTES
  cid=0  name=Z_PK  type=INTEGER  notnull=0  default=NULL  pk=1
  cid=1  name=Z_ENT  type=INTEGER  notnull=0  default=NULL  pk=0
  cid=2  name=Z_OPT  type=INTEGER  notnull=0  default=NULL  pk=0
  cid=3  name=ZALGORITHMVERSION  type=INTEGER  notnull=0  default=NULL  pk=0
  cid=4  name=ZMEDIAANALYSISASSETATTRIBUTES  type=INTEGER  notnull=0  default=NULL  pk=0
  cid=5  name=ZADJUSTMENTVERSION  type=TIMESTAMP  notnull=0  default=NULL  pk=0
  cid=6  name=ZCHARACTERRECOGNITIONDATA  type=BLOB  notnull=0  default=NULL  pk=0
  cid=7  name=ZMACHINEREADABLECODEDATA  type=BLOB  notnull=0  default=NULL  pk=0

TABLE ZCLOUDFEEDENTRY
  cid=0  name=Z_PK  type=INTEGER  notnull=0  default=NULL  pk=1
  cid=1  name=Z_ENT  type=INTEGER  notnull=0  default=NULL  pk=0
  cid=2  name=Z_OPT  type=INTEGER  notnull=0  default=NULL  pk=0
  cid=3  name=ZENTRYPRIORITYNUMBER  type=INTEGER  notnull=0  default=NULL  pk=0
  cid=4  name=ZENTRYTYPENUMBER  type=INTEGER  notnull=0  default=NULL  pk=0
  cid=5  name=ZENTRYDATE  type=TIMESTAMP  notnull=0  default=NULL  pk=0
  cid=6  name=ZENTRYALBUMGUID  type=VARCHAR  notnull=0  default=NULL  pk=0
  cid=7  name=ZENTRYINVITATIONRECORDGUID  type=VARCHAR  notnull=0  default=NULL  pk=0
  cid=8  name=ZENTRYCLOUDASSETGUID  type=VARCHAR  notnull=0  default=NULL  pk=0

TABLE ZCLOUDMASTER
  cid=0  name=Z_PK  type=INTEGER  notnull=0  default=NULL  pk=1
  cid=1  name=Z_ENT  type=INTEGER  notnull=0  default=NULL  pk=0
  cid=2  name=Z_OPT  type=INTEGER  notnull=0  default=NULL  pk=0
  cid=3  name=ZCLOUDLOCALSTATE  type=INTEGER  notnull=0  default=NULL  pk=0
  cid=4  name=ZFULLSIZEJPEGSOURCE  type=INTEGER  notnull=0  default=NULL  pk=0
  cid=5  name=ZIMPORTEDBY  type=INTEGER  notnull=0  default=NULL  pk=0
  cid=6  name=ZORIGINALORIENTATION  type=INTEGER  notnull=0  default=NULL  pk=0
  cid=7  name=ZPLACEHOLDERSTATE  type=INTEGER  notnull=0  default=NULL  pk=0
  cid=8  name=ZVIDEOFRAMERATE  type=INTEGER  notnull=0  default=NULL  pk=0
  cid=9  name=ZMEDIAMETADATA  type=INTEGER  notnull=0  default=NULL  pk=0
  cid=10  name=ZMOMENTSHARE  type=INTEGER  notnull=0  default=NULL  pk=0
  cid=11  name=ZCREATIONDATE  type=TIMESTAMP  notnull=0  default=NULL  pk=0
  cid=12  name=ZIMPORTDATE  type=TIMESTAMP  notnull=0  default=NULL  pk=0
  cid=13  name=ZCLOUDMASTERGUID  type=VARCHAR  notnull=0  default=NULL  pk=0
  cid=14  name=ZCODECNAME  type=VARCHAR  notnull=0  default=NULL  pk=0
  cid=15  name=ZIMPORTSESSIONID  type=VARCHAR  notnull=0  default=NULL  pk=0
  cid=16  name=ZIMPORTEDBYBUNDLEIDENTIFIER  type=VARCHAR  notnull=0  default=NULL  pk=0
  cid=17  name=ZIMPORTEDBYDISPLAYNAME  type=VARCHAR  notnull=0  default=NULL  pk=0
  cid=18  name=ZMEDIAMETADATATYPE  type=VARCHAR  notnull=0  default=NULL  pk=0
  cid=19  name=ZORIGINALFILENAME  type=VARCHAR  notnull=0  default=NULL  pk=0
  cid=20  name=ZORIGINATINGASSETIDENTIFIER  type=VARCHAR  notnull=0  default=NULL  pk=0
  cid=21  name=ZSOURCEMASTERFORDUPLICATIONIDENTIFIER  type=VARCHAR  notnull=0  default=NULL  pk=0
  cid=22  name=ZSOURCEMASTERFORDUPLICATIONSCOPEIDENTIFIER  type=VARCHAR  notnull=0  default=NULL  pk=0
  cid=23  name=ZUNIFORMTYPEIDENTIFIER  type=VARCHAR  notnull=0  default=NULL  pk=0

TABLE ZCLOUDMASTERMEDIAMETADATA
  cid=0  name=Z_PK  type=INTEGER  notnull=0  default=NULL  pk=1
  cid=1  name=Z_ENT  type=INTEGER  notnull=0  default=NULL  pk=0
  cid=2  name=Z_OPT  type=INTEGER  notnull=0  default=NULL  pk=0
  cid=3  name=ZADDITIONALASSETATTRIBUTES  type=INTEGER  notnull=0  default=NULL  pk=0
  cid=4  name=ZCLOUDMASTER  type=INTEGER  notnull=0  default=NULL  pk=0
  cid=5  name=ZDATA  type=BLOB  notnull=0  default=NULL  pk=0

TABLE ZCLOUDRESOURCE
  cid=0  name=Z_PK  type=INTEGER  notnull=0  default=NULL  pk=1
  cid=1  name=Z_ENT  type=INTEGER  notnull=0  default=NULL  pk=0
  cid=2  name=Z_OPT  type=INTEGER  notnull=0  default=NULL  pk=0
  cid=3  name=ZCLOUDLOCALSTATE  type=INTEGER  notnull=0  default=NULL  pk=0
  cid=4  name=ZFILESIZE  type=INTEGER  notnull=0  default=NULL  pk=0
  cid=5  name=ZHEIGHT  type=INTEGER  notnull=0  default=NULL  pk=0
  cid=6  name=ZISAVAILABLE  type=INTEGER  notnull=0  default=NULL  pk=0
  cid=7  name=ZISLOCALLYAVAILABLE  type=INTEGER  notnull=0  default=NULL  pk=0
  cid=8  name=ZPREFETCHCOUNT  type=INTEGER  notnull=0  default=NULL  pk=0
  cid=9  name=ZSOURCETYPE  type=INTEGER  notnull=0  default=NULL  pk=0
  cid=10  name=ZTYPE  type=INTEGER  notnull=0  default=NULL  pk=0
  cid=11  name=ZWIDTH  type=INTEGER  notnull=0  default=NULL  pk=0
  cid=12  name=ZASSET  type=INTEGER  notnull=0  default=NULL  pk=0
  cid=13  name=ZCLOUDMASTER  type=INTEGER  notnull=0  default=NULL  pk=0
  cid=14  name=ZDATECREATED  type=TIMESTAMP  notnull=0  default=NULL  pk=0
  cid=15  name=ZLASTONDEMANDDOWNLOADDATE  type=TIMESTAMP  notnull=0  default=NULL  pk=0
  cid=16  name=ZLASTPREFETCHDATE  type=TIMESTAMP  notnull=0  default=NULL  pk=0
  cid=17  name=ZPRUNEDAT  type=TIMESTAMP  notnull=0  default=NULL  pk=0
  cid=18  name=ZASSETUUID  type=VARCHAR  notnull=0  default=NULL  pk=0
  cid=19  name=ZFILEPATH  type=VARCHAR  notnull=0  default=NULL  pk=0
  cid=20  name=ZFINGERPRINT  type=VARCHAR  notnull=0  default=NULL  pk=0
  cid=21  name=ZITEMIDENTIFIER  type=VARCHAR  notnull=0  default=NULL  pk=0
  cid=22  name=ZUNIFORMTYPEIDENTIFIER  type=VARCHAR  notnull=0  default=NULL  pk=0

TABLE ZCLOUDSHAREDALBUMINVITATIONRECORD
  cid=0  name=Z_PK  type=INTEGER  notnull=0  default=NULL  pk=1
  cid=1  name=Z_ENT  type=INTEGER  notnull=0  default=NULL  pk=0
  cid=2  name=Z_OPT  type=INTEGER  notnull=0  default=NULL  pk=0
  cid=3  name=ZINVITATIONSTATE  type=INTEGER  notnull=0  default=NULL  pk=0
  cid=4  name=ZINVITATIONSTATELOCAL  type=INTEGER  notnull=0  default=NULL  pk=0
  cid=5  name=ZINVITEEEMAILKEY  type=INTEGER  notnull=0  default=NULL  pk=0
  cid=6  name=ZISMINE  type=INTEGER  notnull=0  default=NULL  pk=0
  cid=7  name=ZALBUM  type=INTEGER  notnull=0  default=NULL  pk=0
  cid=8  name=Z_FOK_ALBUM  type=INTEGER  notnull=0  default=NULL  pk=0
  cid=9  name=ZINVITEESUBSCRIPTIONDATE  type=TIMESTAMP  notnull=0  default=NULL  pk=0
  cid=10  name=ZALBUMGUID  type=VARCHAR  notnull=0  default=NULL  pk=0
  cid=11  name=ZCLOUDGUID  type=VARCHAR  notnull=0  default=NULL  pk=0
  cid=12  name=ZINVITEEFIRSTNAME  type=VARCHAR  notnull=0  default=NULL  pk=0
  cid=13  name=ZINVITEEFULLNAME  type=VARCHAR  notnull=0  default=NULL  pk=0
  cid=14  name=ZINVITEEHASHEDPERSONID  type=VARCHAR  notnull=0  default=NULL  pk=0
  cid=15  name=ZINVITEELASTNAME  type=VARCHAR  notnull=0  default=NULL  pk=0

TABLE ZCLOUDSHAREDCOMMENT
  cid=0  name=Z_PK  type=INTEGER  notnull=0  default=NULL  pk=1
  cid=1  name=Z_ENT  type=INTEGER  notnull=0  default=NULL  pk=0
  cid=2  name=Z_OPT  type=INTEGER  notnull=0  default=NULL  pk=0
  cid=3  name=ZISBATCHCOMMENT  type=INTEGER  notnull=0  default=NULL  pk=0
  cid=4  name=ZISCAPTION  type=INTEGER  notnull=0  default=NULL  pk=0
  cid=5  name=ZISDELETABLE  type=INTEGER  notnull=0  default=NULL  pk=0
  cid=6  name=ZISLIKE  type=INTEGER  notnull=0  default=NULL  pk=0
  cid=7  name=ZISMYCOMMENT  type=INTEGER  notnull=0  default=NULL  pk=0
  cid=8  name=ZCLOUDFEEDCOMMENTENTRY  type=INTEGER  notnull=0  default=NULL  pk=0
  cid=9  name=ZCLOUDFEEDLIKECOMMENTENTRY  type=INTEGER  notnull=0  default=NULL  pk=0
  cid=10  name=ZCOMMENTEDASSET  type=INTEGER  notnull=0  default=NULL  pk=0
  cid=11  name=ZLIKEDASSET  type=INTEGER  notnull=0  default=NULL  pk=0
  cid=12  name=Z_FOK_CLOUDFEEDCOMMENTENTRY  type=INTEGER  notnull=0  default=NULL  pk=0
  cid=13  name=Z_FOK_CLOUDFEEDLIKECOMMENTENTRY  type=INTEGER  notnull=0  default=NULL  pk=0
  cid=14  name=ZCOMMENTCLIENTDATE  type=TIMESTAMP  notnull=0  default=NULL  pk=0
  cid=15  name=ZCOMMENTDATE  type=TIMESTAMP  notnull=0  default=NULL  pk=0
  cid=16  name=ZCLOUDGUID  type=VARCHAR  notnull=0  default=NULL  pk=0
  cid=17  name=ZCOMMENTTEXT  type=VARCHAR  notnull=0  default=NULL  pk=0
  cid=18  name=ZCOMMENTTYPE  type=VARCHAR  notnull=0  default=NULL  pk=0
  cid=19  name=ZCOMMENTERHASHEDPERSONID  type=VARCHAR  notnull=0  default=NULL  pk=0

TABLE ZCOMPUTEDASSETATTRIBUTES
  cid=0  name=Z_PK  type=INTEGER  notnull=0  default=NULL  pk=1
  cid=1  name=Z_ENT  type=INTEGER  notnull=0  default=NULL  pk=0
  cid=2  name=Z_OPT  type=INTEGER  notnull=0  default=NULL  pk=0
  cid=3  name=ZASSET  type=INTEGER  notnull=0  default=NULL  pk=0
  cid=4  name=ZBEHAVIORALSCORE  type=FLOAT  notnull=0  default=NULL  pk=0
  cid=5  name=ZFAILURESCORE  type=FLOAT  notnull=0  default=NULL  pk=0
  cid=6  name=ZHARMONIOUSCOLORSCORE  type=FLOAT  notnull=0  default=NULL  pk=0
  cid=7  name=ZIMMERSIVENESSSCORE  type=FLOAT  notnull=0  default=NULL  pk=0
  cid=8  name=ZINTERACTIONSCORE  type=FLOAT  notnull=0  default=NULL  pk=0
  cid=9  name=ZINTERESTINGSUBJECTSCORE  type=FLOAT  notnull=0  default=NULL  pk=0
  cid=10  name=ZINTRUSIVEOBJECTPRESENCESCORE  type=FLOAT  notnull=0  default=NULL  pk=0
  cid=11  name=ZLIVELYCOLORSCORE  type=FLOAT  notnull=0  default=NULL  pk=0
  cid=12  name=ZLOWLIGHT  type=FLOAT  notnull=0  default=NULL  pk=0
  cid=13  name=ZNOISESCORE  type=FLOAT  notnull=0  default=NULL  pk=0
  cid=14  name=ZPLEASANTCAMERATILTSCORE  type=FLOAT  notnull=0  default=NULL  pk=0
  cid=15  name=ZPLEASANTCOMPOSITIONSCORE  type=FLOAT  notnull=0  default=NULL  pk=0
  cid=16  name=ZPLEASANTLIGHTINGSCORE  type=FLOAT  notnull=0  default=NULL  pk=0
  cid=17  name=ZPLEASANTPATTERNSCORE  type=FLOAT  notnull=0  default=NULL  pk=0
  cid=18  name=ZPLEASANTPERSPECTIVESCORE  type=FLOAT  notnull=0  default=NULL  pk=0
  cid=19  name=ZPLEASANTPOSTPROCESSINGSCORE  type=FLOAT  notnull=0  default=NULL  pk=0
  cid=20  name=ZPLEASANTREFLECTIONSSCORE  type=FLOAT  notnull=0  default=NULL  pk=0
  cid=21  name=ZPLEASANTSYMMETRYSCORE  type=FLOAT  notnull=0  default=NULL  pk=0
  cid=22  name=ZSHARPLYFOCUSEDSUBJECTSCORE  type=FLOAT  notnull=0  default=NULL  pk=0
  cid=23  name=ZTASTEFULLYBLURREDSCORE  type=FLOAT  notnull=0  default=NULL  pk=0
  cid=24  name=ZWELLCHOSENSUBJECTSCORE  type=FLOAT  notnull=0  default=NULL  pk=0
  cid=25  name=ZWELLFRAMEDSUBJECTSCORE  type=FLOAT  notnull=0  default=NULL  pk=0
  cid=26  name=ZWELLTIMEDSHOTSCORE  type=FLOAT  notnull=0  default=NULL  pk=0

TABLE ZDEFERREDREBUILDFACE
  cid=0  name=Z_PK  type=INTEGER  notnull=0  default=NULL  pk=1
  cid=1  name=Z_ENT  type=INTEGER  notnull=0  default=NULL  pk=0
  cid=2  name=Z_OPT  type=INTEGER  notnull=0  default=NULL  pk=0
  cid=3  name=ZCLOUDNAMESOURCE  type=INTEGER  notnull=0  default=NULL  pk=0
  cid=4  name=ZCLUSTERREJECTED  type=INTEGER  notnull=0  default=NULL  pk=0
  cid=5  name=ZFACEALGORITHMVERSION  type=INTEGER  notnull=0  default=NULL  pk=0
  cid=6  name=ZHIDDEN  type=INTEGER  notnull=0  default=NULL  pk=0
  cid=7  name=ZMANUAL  type=INTEGER  notnull=0  default=NULL  pk=0
  cid=8  name=ZNAMESOURCE  type=INTEGER  notnull=0  default=NULL  pk=0
  cid=9  name=ZREJECTED  type=INTEGER  notnull=0  default=NULL  pk=0
  cid=10  name=ZREPRESENTATIVE  type=INTEGER  notnull=0  default=NULL  pk=0
  cid=11  name=ZCENTERX  type=FLOAT  notnull=0  default=NULL  pk=0
  cid=12  name=ZCENTERY  type=FLOAT  notnull=0  default=NULL  pk=0
  cid=13  name=ZSIZE  type=FLOAT  notnull=0  default=NULL  pk=0
  cid=14  name=ZASSETCLOUDGUID  type=VARCHAR  notnull=0  default=NULL  pk=0
  cid=15  name=ZASSETUUID  type=VARCHAR  notnull=0  default=NULL  pk=0
  cid=16  name=ZFACEUUID  type=VARCHAR  notnull=0  default=NULL  pk=0
  cid=17  name=ZPERSONUUID  type=VARCHAR  notnull=0  default=NULL  pk=0
  cid=18  name=ZUUID  type=VARCHAR  notnull=0  default=NULL  pk=0

TABLE ZDETECTEDFACE
  cid=0  name=Z_PK  type=INTEGER  notnull=0  default=NULL  pk=1
  cid=1  name=Z_ENT  type=INTEGER  notnull=0  default=NULL  pk=0
  cid=2  name=Z_OPT  type=INTEGER  notnull=0  default=NULL  pk=0
  cid=3  name=ZAGETYPE  type=INTEGER  notnull=0  default=NULL  pk=0
  cid=4  name=ZASSETVISIBLE  type=INTEGER  notnull=0  default=NULL  pk=0
  cid=5  name=ZCLOUDLOCALSTATE  type=INTEGER  notnull=0  default=NULL  pk=0
  cid=6  name=ZCLOUDNAMESOURCE  type=INTEGER  notnull=0  default=NULL  pk=0
  cid=7  name=ZCLUSTERSEQUENCENUMBER  type=INTEGER  notnull=0  default=NULL  pk=0
  cid=8  name=ZCONFIRMEDFACECROPGENERATIONSTATE  type=INTEGER  notnull=0  default=NULL  pk=0
  cid=9  name=ZDETECTIONTYPE  type=INTEGER  notnull=0  default=NULL  pk=0
  cid=10  name=ZETHNICITYTYPE  type=INTEGER  notnull=0  default=NULL  pk=0
  cid=11  name=ZEYEMAKEUPTYPE  type=INTEGER  notnull=0  default=NULL  pk=0
  cid=12  name=ZEYESSTATE  type=INTEGER  notnull=0  default=NULL  pk=0
  cid=13  name=ZFACEALGORITHMVERSION  type=INTEGER  notnull=0  default=NULL  pk=0
  cid=14  name=ZFACEEXPRESSIONTYPE  type=INTEGER  notnull=0  default=NULL  pk=0
  cid=15  name=ZFACIALHAIRTYPE  type=INTEGER  notnull=0  default=NULL  pk=0
  cid=16  name=ZGAZETYPE  type=INTEGER  notnull=0  default=NULL  pk=0
  cid=17  name=ZGENDERTYPE  type=INTEGER  notnull=0  default=NULL  pk=0
  cid=18  name=ZGLASSESTYPE  type=INTEGER  notnull=0  default=NULL  pk=0
  cid=19  name=ZHAIRCOLORTYPE  type=INTEGER  notnull=0  default=NULL  pk=0
  cid=20  name=ZHAIRTYPE  type=INTEGER  notnull=0  default=NULL  pk=0
  cid=21  name=ZHASFACEMASK  type=INTEGER  notnull=0  default=NULL  pk=0
  cid=22  name=ZHASSMILE  type=INTEGER  notnull=0  default=NULL  pk=0
  cid=23  name=ZHEADGEARTYPE  type=INTEGER  notnull=0  default=NULL  pk=0
  cid=24  name=ZHIDDEN  type=INTEGER  notnull=0  default=NULL  pk=0
  cid=25  name=ZISINTRASH  type=INTEGER  notnull=0  default=NULL  pk=0
  cid=26  name=ZISLEFTEYECLOSED  type=INTEGER  notnull=0  default=NULL  pk=0
  cid=27  name=ZISRIGHTEYECLOSED  type=INTEGER  notnull=0  default=NULL  pk=0
  cid=28  name=ZLIPMAKEUPTYPE  type=INTEGER  notnull=0  default=NULL  pk=0
  cid=29  name=ZMANUAL  type=INTEGER  notnull=0  default=NULL  pk=0
  cid=30  name=ZNAMESOURCE  type=INTEGER  notnull=0  default=NULL  pk=0
  cid=31  name=ZPOSETYPE  type=INTEGER  notnull=0  default=NULL  pk=0
  cid=32  name=ZQUALITYMEASURE  type=INTEGER  notnull=0  default=NULL  pk=0
  cid=33  name=ZSKINTONETYPE  type=INTEGER  notnull=0  default=NULL  pk=0
  cid=34  name=ZSMILETYPE  type=INTEGER  notnull=0  default=NULL  pk=0
  cid=35  name=ZSOURCEHEIGHT  type=INTEGER  notnull=0  default=NULL  pk=0
  cid=36  name=ZSOURCEWIDTH  type=INTEGER  notnull=0  default=NULL  pk=0
  cid=37  name=ZTRAININGTYPE  type=INTEGER  notnull=0  default=NULL  pk=0
  cid=38  name=ZVIPMODELTYPE  type=INTEGER  notnull=0  default=NULL  pk=0
  cid=39  name=ZASSET  type=INTEGER  notnull=0  default=NULL  pk=0
  cid=40  name=ZFACECROP  type=INTEGER  notnull=0  default=NULL  pk=0
  cid=41  name=ZFACEGROUP  type=INTEGER  notnull=0  default=NULL  pk=0
  cid=42  name=ZFACEGROUPBEINGKEYFACE  type=INTEGER  notnull=0  default=NULL  pk=0
  cid=43  name=ZFACEPRINT  type=INTEGER  notnull=0  default=NULL  pk=0
  cid=44  name=ZPERSON  type=INTEGER  notnull=0  default=NULL  pk=0
  cid=45  name=ZPERSONBEINGKEYFACE  type=INTEGER  notnull=0  default=NULL  pk=0
  cid=46  name=ZADJUSTMENTVERSION  type=TIMESTAMP  notnull=0  default=NULL  pk=0
  cid=47  name=ZBLURSCORE  type=FLOAT  notnull=0  default=NULL  pk=0
  cid=48  name=ZBODYCENTERX  type=FLOAT  notnull=0  default=NULL  pk=0
  cid=49  name=ZBODYCENTERY  type=FLOAT  notnull=0  default=NULL  pk=0
  cid=50  name=ZBODYHEIGHT  type=FLOAT  notnull=0  default=NULL  pk=0
  cid=51  name=ZBODYWIDTH  type=FLOAT  notnull=0  default=NULL  pk=0
  cid=52  name=ZCENTERX  type=FLOAT  notnull=0  default=NULL  pk=0
  cid=53  name=ZCENTERY  type=FLOAT  notnull=0  default=NULL  pk=0
  cid=54  name=ZGAZECENTERX  type=FLOAT  notnull=0  default=NULL  pk=0
  cid=55  name=ZGAZECENTERY  type=FLOAT  notnull=0  default=NULL  pk=0
  cid=56  name=ZLEFTEYEX  type=FLOAT  notnull=0  default=NULL  pk=0
  cid=57  name=ZLEFTEYEY  type=FLOAT  notnull=0  default=NULL  pk=0
  cid=58  name=ZMOUTHX  type=FLOAT  notnull=0  default=NULL  pk=0
  cid=59  name=ZMOUTHY  type=FLOAT  notnull=0  default=NULL  pk=0
  cid=60  name=ZPOSEYAW  type=FLOAT  notnull=0  default=NULL  pk=0
  cid=61  name=ZQUALITY  type=FLOAT  notnull=0  default=NULL  pk=0
  cid=62  name=ZRIGHTEYEX  type=FLOAT  notnull=0  default=NULL  pk=0
  cid=63  name=ZRIGHTEYEY  type=FLOAT  notnull=0  default=NULL  pk=0
  cid=64  name=ZROLL  type=FLOAT  notnull=0  default=NULL  pk=0
  cid=65  name=ZSIZE  type=FLOAT  notnull=0  default=NULL  pk=0
  cid=66  name=ZYAW  type=FLOAT  notnull=0  default=NULL  pk=0
  cid=67  name=ZGROUPINGIDENTIFIER  type=VARCHAR  notnull=0  default=NULL  pk=0
  cid=68  name=ZMASTERIDENTIFIER  type=VARCHAR  notnull=0  default=NULL  pk=0
  cid=69  name=ZUUID  type=VARCHAR  notnull=0  default=NULL  pk=0

TABLE ZDETECTEDFACEGROUP
  cid=0  name=Z_PK  type=INTEGER  notnull=0  default=NULL  pk=1
  cid=1  name=Z_ENT  type=INTEGER  notnull=0  default=NULL  pk=0
  cid=2  name=Z_OPT  type=INTEGER  notnull=0  default=NULL  pk=0
  cid=3  name=ZPERSONBUILDERSTATE  type=INTEGER  notnull=0  default=NULL  pk=0
  cid=4  name=ZUNNAMEDFACECOUNT  type=INTEGER  notnull=0  default=NULL  pk=0
  cid=5  name=ZASSOCIATEDPERSON  type=INTEGER  notnull=0  default=NULL  pk=0
  cid=6  name=ZKEYFACE  type=INTEGER  notnull=0  default=NULL  pk=0
  cid=7  name=ZUUID  type=VARCHAR  notnull=0  default=NULL  pk=0

TABLE ZDETECTEDFACEPRINT
  cid=0  name=Z_PK  type=INTEGER  notnull=0  default=NULL  pk=1
  cid=1  name=Z_ENT  type=INTEGER  notnull=0  default=NULL  pk=0
  cid=2  name=Z_OPT  type=INTEGER  notnull=0  default=NULL  pk=0
  cid=3  name=ZFACEPRINTVERSION  type=INTEGER  notnull=0  default=NULL  pk=0
  cid=4  name=ZFACE  type=INTEGER  notnull=0  default=NULL  pk=0
  cid=5  name=ZDATA  type=BLOB  notnull=0  default=NULL  pk=0

TABLE ZDETECTIONTRAIT
  cid=0  name=Z_PK  type=INTEGER  notnull=0  default=NULL  pk=1
  cid=1  name=Z_ENT  type=INTEGER  notnull=0  default=NULL  pk=0
  cid=2  name=Z_OPT  type=INTEGER  notnull=0  default=NULL  pk=0
  cid=3  name=ZTYPE  type=INTEGER  notnull=0  default=NULL  pk=0
  cid=4  name=ZVALUE  type=INTEGER  notnull=0  default=NULL  pk=0
  cid=5  name=ZDETECTION  type=INTEGER  notnull=0  default=NULL  pk=0
  cid=6  name=ZDURATION  type=FLOAT  notnull=0  default=NULL  pk=0
  cid=7  name=ZSCORE  type=FLOAT  notnull=0  default=NULL  pk=0
  cid=8  name=ZSTARTTIME  type=FLOAT  notnull=0  default=NULL  pk=0

TABLE ZEDITEDIPTCATTRIBUTES
  cid=0  name=Z_PK  type=INTEGER  notnull=0  default=NULL  pk=1
  cid=1  name=Z_ENT  type=INTEGER  notnull=0  default=NULL  pk=0
  cid=2  name=Z_OPT  type=INTEGER  notnull=0  default=NULL  pk=0
  cid=3  name=ZASSETATTRIBUTES  type=INTEGER  notnull=0  default=NULL  pk=0
  cid=4  name=ZACTIONADVISED  type=VARCHAR  notnull=0  default=NULL  pk=0
  cid=5  name=ZAUDIODURATION  type=VARCHAR  notnull=0  default=NULL  pk=0
  cid=6  name=ZAUDIOOUTCUE  type=VARCHAR  notnull=0  default=NULL  pk=0
  cid=7  name=ZAUDIOSAMPLINGRATE  type=VARCHAR  notnull=0  default=NULL  pk=0
  cid=8  name=ZAUDIOSAMPLINGRES  type=VARCHAR  notnull=0  default=NULL  pk=0
  cid=9  name=ZAUDIOTYPE  type=VARCHAR  notnull=0  default=NULL  pk=0
  cid=10  name=ZBYLINE  type=VARCHAR  notnull=0  default=NULL  pk=0
  cid=11  name=ZBYLINETITLE  type=VARCHAR  notnull=0  default=NULL  pk=0
  cid=12  name=ZCAPTION  type=VARCHAR  notnull=0  default=NULL  pk=0
  cid=13  name=ZCATEGORY  type=VARCHAR  notnull=0  default=NULL  pk=0
  cid=14  name=ZCIADRCITY  type=VARCHAR  notnull=0  default=NULL  pk=0
  cid=15  name=ZCIADRCTRY  type=VARCHAR  notnull=0  default=NULL  pk=0
  cid=16  name=ZCIADREXTADR  type=VARCHAR  notnull=0  default=NULL  pk=0
  cid=17  name=ZCIADRPCODE  type=VARCHAR  notnull=0  default=NULL  pk=0
  cid=18  name=ZCIADRREGION  type=VARCHAR  notnull=0  default=NULL  pk=0
  cid=19  name=ZCIEMAILWORK  type=VARCHAR  notnull=0  default=NULL  pk=0
  cid=20  name=ZCITELWORK  type=VARCHAR  notnull=0  default=NULL  pk=0
  cid=21  name=ZCIURLWORK  type=VARCHAR  notnull=0  default=NULL  pk=0
  cid=22  name=ZCITY  type=VARCHAR  notnull=0  default=NULL  pk=0
  cid=23  name=ZCONTACT  type=VARCHAR  notnull=0  default=NULL  pk=0
  cid=24  name=ZCONTENTLOCATIONCODE  type=VARCHAR  notnull=0  default=NULL  pk=0
  cid=25  name=ZCONTENTLOCATIONNAME  type=VARCHAR  notnull=0  default=NULL  pk=0
  cid=26  name=ZCOPYRIGHTNOTICE  type=VARCHAR  notnull=0  default=NULL  pk=0
  cid=27  name=ZCOUNTRYPRIMARYLOCATIONCODE  type=VARCHAR  notnull=0  default=NULL  pk=0
  cid=28  name=ZCOUNTRYPRIMARYLOCATIONNAME  type=VARCHAR  notnull=0  default=NULL  pk=0
  cid=29  name=ZCREATORCONTACTINFO  type=VARCHAR  notnull=0  default=NULL  pk=0
  cid=30  name=ZCREDIT  type=VARCHAR  notnull=0  default=NULL  pk=0
  cid=31  name=ZDATECREATED  type=VARCHAR  notnull=0  default=NULL  pk=0
  cid=32  name=ZDIGITALCREATIONDATE  type=VARCHAR  notnull=0  default=NULL  pk=0
  cid=33  name=ZDIGITALCREATIONTIME  type=VARCHAR  notnull=0  default=NULL  pk=0
  cid=34  name=ZEDITSTATUS  type=VARCHAR  notnull=0  default=NULL  pk=0
  cid=35  name=ZEDITORIALUPDATE  type=VARCHAR  notnull=0  default=NULL  pk=0
  cid=36  name=ZEXPIRATIONDATE  type=VARCHAR  notnull=0  default=NULL  pk=0
  cid=37  name=ZEXPIRATIONTIME  type=VARCHAR  notnull=0  default=NULL  pk=0
  cid=38  name=ZFIXTUREIDENTIFIER  type=VARCHAR  notnull=0  default=NULL  pk=0
  cid=39  name=ZHEADLINE  type=VARCHAR  notnull=0  default=NULL  pk=0
  cid=40  name=ZIMAGEORIENTATION  type=VARCHAR  notnull=0  default=NULL  pk=0
  cid=41  name=ZIMAGETYPE  type=VARCHAR  notnull=0  default=NULL  pk=0
  cid=42  name=ZKEYWORDS  type=VARCHAR  notnull=0  default=NULL  pk=0
  cid=43  name=ZLANGUAGEIDENTIFIER  type=VARCHAR  notnull=0  default=NULL  pk=0
  cid=44  name=ZOBJECTATTRIBUTEREFERENCE  type=VARCHAR  notnull=0  default=NULL  pk=0
  cid=45  name=ZOBJECTCYCLE  type=VARCHAR  notnull=0  default=NULL  pk=0
  cid=46  name=ZOBJECTNAME  type=VARCHAR  notnull=0  default=NULL  pk=0
  cid=47  name=ZOBJECTTYPEREFERENCE  type=VARCHAR  notnull=0  default=NULL  pk=0
  cid=48  name=ZORIGINALTRANSMISSIONREFERENCE  type=VARCHAR  notnull=0  default=NULL  pk=0
  cid=49  name=ZORIGINATINGPROGRAM  type=VARCHAR  notnull=0  default=NULL  pk=0
  cid=50  name=ZPROGRAMVERSION  type=VARCHAR  notnull=0  default=NULL  pk=0
  cid=51  name=ZPROVINCESTATE  type=VARCHAR  notnull=0  default=NULL  pk=0
  cid=52  name=ZREFERENCEDATE  type=VARCHAR  notnull=0  default=NULL  pk=0
  cid=53  name=ZREFERENCENUMBER  type=VARCHAR  notnull=0  default=NULL  pk=0
  cid=54  name=ZREFERENCESERVICE  type=VARCHAR  notnull=0  default=NULL  pk=0
  cid=55  name=ZRELEASEDATE  type=VARCHAR  notnull=0  default=NULL  pk=0
  cid=56  name=ZRELEASETIME  type=VARCHAR  notnull=0  default=NULL  pk=0
  cid=57  name=ZSCENE  type=VARCHAR  notnull=0  default=NULL  pk=0
  cid=58  name=ZSOURCE  type=VARCHAR  notnull=0  default=NULL  pk=0
  cid=59  name=ZSPECIALINSTRUCTIONS  type=VARCHAR  notnull=0  default=NULL  pk=0
  cid=60  name=ZSTARRATING  type=VARCHAR  notnull=0  default=NULL  pk=0
  cid=61  name=ZSUBLOCATION  type=VARCHAR  notnull=0  default=NULL  pk=0
  cid=62  name=ZSUBJECTREFERENCE  type=VARCHAR  notnull=0  default=NULL  pk=0
  cid=63  name=ZSUPPLEMENTALCATEGORY  type=VARCHAR  notnull=0  default=NULL  pk=0
  cid=64  name=ZTIMECREATED  type=VARCHAR  notnull=0  default=NULL  pk=0
  cid=65  name=ZURGENCY  type=VARCHAR  notnull=0  default=NULL  pk=0
  cid=66  name=ZUSAGETERMS  type=VARCHAR  notnull=0  default=NULL  pk=0
  cid=67  name=ZWRITEREDITOR  type=VARCHAR  notnull=0  default=NULL  pk=0
  cid=68  name=ZDATA  type=BLOB  notnull=0  default=NULL  pk=0

TABLE ZEXTENDEDATTRIBUTES
  cid=0  name=Z_PK  type=INTEGER  notnull=0  default=NULL  pk=1
  cid=1  name=Z_ENT  type=INTEGER  notnull=0  default=NULL  pk=0
  cid=2  name=Z_OPT  type=INTEGER  notnull=0  default=NULL  pk=0
  cid=3  name=ZFLASHFIRED  type=INTEGER  notnull=0  default=NULL  pk=0
  cid=4  name=ZFOCALLENGTHIN35MM  type=INTEGER  notnull=0  default=NULL  pk=0
  cid=5  name=ZISO  type=INTEGER  notnull=0  default=NULL  pk=0
  cid=6  name=ZMETERINGMODE  type=INTEGER  notnull=0  default=NULL  pk=0
  cid=7  name=ZSAMPLERATE  type=INTEGER  notnull=0  default=NULL  pk=0
  cid=8  name=ZSLUSHPRESET  type=INTEGER  notnull=0  default=NULL  pk=0
  cid=9  name=ZSLUSHVERSION  type=INTEGER  notnull=0  default=NULL  pk=0
  cid=10  name=ZTRACKFORMAT  type=INTEGER  notnull=0  default=NULL  pk=0
  cid=11  name=ZWHITEBALANCE  type=INTEGER  notnull=0  default=NULL  pk=0
  cid=12  name=ZASSET  type=INTEGER  notnull=0  default=NULL  pk=0
  cid=13  name=ZAPERTURE  type=FLOAT  notnull=0  default=NULL  pk=0
  cid=14  name=ZBITRATE  type=FLOAT  notnull=0  default=NULL  pk=0
  cid=15  name=ZDIGITALZOOMRATIO  type=FLOAT  notnull=0  default=NULL  pk=0
  cid=16  name=ZDURATION  type=FLOAT  notnull=0  default=NULL  pk=0
  cid=17  name=ZEXPOSUREBIAS  type=FLOAT  notnull=0  default=NULL  pk=0
  cid=18  name=ZFOCALLENGTH  type=FLOAT  notnull=0  default=NULL  pk=0
  cid=19  name=ZFPS  type=FLOAT  notnull=0  default=NULL  pk=0
  cid=20  name=ZLATITUDE  type=FLOAT  notnull=0  default=NULL  pk=0
  cid=21  name=ZLONGITUDE  type=FLOAT  notnull=0  default=NULL  pk=0
  cid=22  name=ZSHUTTERSPEED  type=FLOAT  notnull=0  default=NULL  pk=0
  cid=23  name=ZSLUSHSCENEBIAS  type=FLOAT  notnull=0  default=NULL  pk=0
  cid=24  name=ZSLUSHWARMTHBIAS  type=FLOAT  notnull=0  default=NULL  pk=0
  cid=25  name=ZCAMERAMAKE  type=VARCHAR  notnull=0  default=NULL  pk=0
  cid=26  name=ZCAMERAMODEL  type=VARCHAR  notnull=0  default=NULL  pk=0
  cid=27  name=ZCODEC  type=VARCHAR  notnull=0  default=NULL  pk=0
  cid=28  name=ZLENSMODEL  type=VARCHAR  notnull=0  default=NULL  pk=0

TABLE ZFACECROP
  cid=0  name=Z_PK  type=INTEGER  notnull=0  default=NULL  pk=1
  cid=1  name=Z_ENT  type=INTEGER  notnull=0  default=NULL  pk=0
  cid=2  name=Z_OPT  type=INTEGER  notnull=0  default=NULL  pk=0
  cid=3  name=ZCLOUDDELETESTATE  type=INTEGER  notnull=0  default=NULL  pk=0
  cid=4  name=ZCLOUDLOCALSTATE  type=INTEGER  notnull=0  default=NULL  pk=0
  cid=5  name=ZCLOUDTYPE  type=INTEGER  notnull=0  default=NULL  pk=0
  cid=6  name=ZSTATE  type=INTEGER  notnull=0  default=NULL  pk=0
  cid=7  name=ZTYPE  type=INTEGER  notnull=0  default=NULL  pk=0
  cid=8  name=ZASSET  type=INTEGER  notnull=0  default=NULL  pk=0
  cid=9  name=ZFACE  type=INTEGER  notnull=0  default=NULL  pk=0
  cid=10  name=ZPERSON  type=INTEGER  notnull=0  default=NULL  pk=0
  cid=11  name=ZINVALIDMERGECANDIDATEPERSONUUID  type=VARCHAR  notnull=0  default=NULL  pk=0
  cid=12  name=ZUUID  type=VARCHAR  notnull=0  default=NULL  pk=0
  cid=13  name=ZRESOURCEDATA  type=BLOB  notnull=0  default=NULL  pk=0

TABLE ZFILESYSTEMBOOKMARK
  cid=0  name=Z_PK  type=INTEGER  notnull=0  default=NULL  pk=1
  cid=1  name=Z_ENT  type=INTEGER  notnull=0  default=NULL  pk=0
  cid=2  name=Z_OPT  type=INTEGER  notnull=0  default=NULL  pk=0
  cid=3  name=ZRESOURCE  type=INTEGER  notnull=0  default=NULL  pk=0
  cid=4  name=ZPATHRELATIVETOVOLUME  type=VARCHAR  notnull=0  default=NULL  pk=0
  cid=5  name=ZBOOKMARKDATA  type=BLOB  notnull=0  default=NULL  pk=0

TABLE ZFILESYSTEMVOLUME
  cid=0  name=Z_PK  type=INTEGER  notnull=0  default=NULL  pk=1
  cid=1  name=Z_ENT  type=INTEGER  notnull=0  default=NULL  pk=0
  cid=2  name=Z_OPT  type=INTEGER  notnull=0  default=NULL  pk=0
  cid=3  name=ZNAME  type=VARCHAR  notnull=0  default=NULL  pk=0
  cid=4  name=ZUUID  type=VARCHAR  notnull=0  default=NULL  pk=0
  cid=5  name=ZVOLUMEUUIDSTRING  type=VARCHAR  notnull=0  default=NULL  pk=0

TABLE ZGENERICALBUM
  cid=0  name=Z_PK  type=INTEGER  notnull=0  default=NULL  pk=1
  cid=1  name=Z_ENT  type=INTEGER  notnull=0  default=NULL  pk=0
  cid=2  name=Z_OPT  type=INTEGER  notnull=0  default=NULL  pk=0
  cid=3  name=ZCACHEDCOUNT  type=INTEGER  notnull=0  default=NULL  pk=0
  cid=4  name=ZCACHEDPHOTOSCOUNT  type=INTEGER  notnull=0  default=NULL  pk=0
  cid=5  name=ZCACHEDVIDEOSCOUNT  type=INTEGER  notnull=0  default=NULL  pk=0
  cid=6  name=ZCLOUDDELETESTATE  type=INTEGER  notnull=0  default=NULL  pk=0
  cid=7  name=ZCLOUDLOCALSTATE  type=INTEGER  notnull=0  default=NULL  pk=0
  cid=8  name=ZCUSTOMSORTASCENDING  type=INTEGER  notnull=0  default=NULL  pk=0
  cid=9  name=ZCUSTOMSORTKEY  type=INTEGER  notnull=0  default=NULL  pk=0
  cid=10  name=ZISPINNED  type=INTEGER  notnull=0  default=NULL  pk=0
  cid=11  name=ZISPROTOTYPE  type=INTEGER  notnull=0  default=NULL  pk=0
  cid=12  name=ZKIND  type=INTEGER  notnull=0  default=NULL  pk=0
  cid=13  name=ZPENDINGITEMSCOUNT  type=INTEGER  notnull=0  default=NULL  pk=0
  cid=14  name=ZPENDINGITEMSTYPE  type=INTEGER  notnull=0  default=NULL  pk=0
  cid=15  name=ZSYNCEVENTORDERKEY  type=INTEGER  notnull=0  default=NULL  pk=0
  cid=16  name=ZTRASHEDSTATE  type=INTEGER  notnull=0  default=NULL  pk=0
  cid=17  name=ZCUSTOMKEYASSET  type=INTEGER  notnull=0  default=NULL  pk=0
  cid=18  name=ZKEYASSET  type=INTEGER  notnull=0  default=NULL  pk=0
  cid=19  name=ZPARENTFOLDER  type=INTEGER  notnull=0  default=NULL  pk=0
  cid=20  name=ZSECONDARYKEYASSET  type=INTEGER  notnull=0  default=NULL  pk=0
  cid=21  name=ZTERTIARYKEYASSET  type=INTEGER  notnull=0  default=NULL  pk=0
  cid=22  name=ZCLOUDALBUMSUBTYPE  type=INTEGER  notnull=0  default=NULL  pk=0
  cid=23  name=ZCLOUDMULTIPLECONTRIBUTORSENABLED  type=INTEGER  notnull=0  default=NULL  pk=0
  cid=24  name=ZCLOUDMULTIPLECONTRIBUTORSENABLEDLOCAL  type=INTEGER  notnull=0  default=NULL  pk=0
  cid=25  name=ZCLOUDNOTIFICATIONSENABLED  type=INTEGER  notnull=0  default=NULL  pk=0
  cid=26  name=ZCLOUDOWNEREMAILKEY  type=INTEGER  notnull=0  default=NULL  pk=0
  cid=27  name=ZCLOUDOWNERISWHITELISTED  type=INTEGER  notnull=0  default=NULL  pk=0
  cid=28  name=ZCLOUDPUBLICURLENABLED  type=INTEGER  notnull=0  default=NULL  pk=0
  cid=29  name=ZCLOUDPUBLICURLENABLEDLOCAL  type=INTEGER  notnull=0  default=NULL  pk=0
  cid=30  name=ZCLOUDRELATIONSHIPSTATE  type=INTEGER  notnull=0  default=NULL  pk=0
  cid=31  name=ZCLOUDRELATIONSHIPSTATELOCAL  type=INTEGER  notnull=0  default=NULL  pk=0
  cid=32  name=ZHASUNSEENCONTENT  type=INTEGER  notnull=0  default=NULL  pk=0
  cid=33  name=ZISOWNED  type=INTEGER  notnull=0  default=NULL  pk=0
  cid=34  name=ZUNSEENASSETSCOUNT  type=INTEGER  notnull=0  default=NULL  pk=0
  cid=35  name=ZKEYASSETFACEIDENTIFIER  type=INTEGER  notnull=0  default=NULL  pk=0
  cid=36  name=ZKEYASSETFACETHUMBNAILINDEX  type=INTEGER  notnull=0  default=NULL  pk=0
  cid=37  name=ZSYNDICATE  type=INTEGER  notnull=0  default=NULL  pk=0
  cid=38  name=Z_FOK_PARENTFOLDER  type=INTEGER  notnull=0  default=NULL  pk=0
  cid=39  name=ZCREATIONDATE  type=TIMESTAMP  notnull=0  default=NULL  pk=0
  cid=40  name=ZENDDATE  type=TIMESTAMP  notnull=0  default=NULL  pk=0
  cid=41  name=ZSTARTDATE  type=TIMESTAMP  notnull=0  default=NULL  pk=0
  cid=42  name=ZTRASHEDDATE  type=TIMESTAMP  notnull=0  default=NULL  pk=0
  cid=43  name=ZCLOUDCREATIONDATE  type=TIMESTAMP  notnull=0  default=NULL  pk=0
  cid=44  name=ZCLOUDLASTCONTRIBUTIONDATE  type=TIMESTAMP  notnull=0  default=NULL  pk=0
  cid=45  name=ZCLOUDLASTINTERESTINGCHANGEDATE  type=TIMESTAMP  notnull=0  default=NULL  pk=0
  cid=46  name=ZCLOUDSUBSCRIPTIONDATE  type=TIMESTAMP  notnull=0  default=NULL  pk=0
  cid=47  name=ZCLOUDGUID  type=VARCHAR  notnull=0  default=NULL  pk=0
  cid=48  name=ZIMPORTSESSIONID  type=VARCHAR  notnull=0  default=NULL  pk=0
  cid=49  name=ZIMPORTEDBYBUNDLEIDENTIFIER  type=VARCHAR  notnull=0  default=NULL  pk=0
  cid=50  name=ZTITLE  type=VARCHAR  notnull=0  default=NULL  pk=0
  cid=51  name=ZUUID  type=VARCHAR  notnull=0  default=NULL  pk=0
  cid=52  name=ZCLOUDOWNERFIRSTNAME  type=VARCHAR  notnull=0  default=NULL  pk=0
  cid=53  name=ZCLOUDOWNERFULLNAME  type=VARCHAR  notnull=0  default=NULL  pk=0
  cid=54  name=ZCLOUDOWNERHASHEDPERSONID  type=VARCHAR  notnull=0  default=NULL  pk=0
  cid=55  name=ZCLOUDOWNERLASTNAME  type=VARCHAR  notnull=0  default=NULL  pk=0
  cid=56  name=ZCLOUDPERSONID  type=VARCHAR  notnull=0  default=NULL  pk=0
  cid=57  name=ZPUBLICURL  type=VARCHAR  notnull=0  default=NULL  pk=0
  cid=58  name=ZPROJECTDOCUMENTTYPE  type=VARCHAR  notnull=0  default=NULL  pk=0
  cid=59  name=ZPROJECTEXTENSIONIDENTIFIER  type=VARCHAR  notnull=0  default=NULL  pk=0
  cid=60  name=ZPROJECTRENDERUUID  type=VARCHAR  notnull=0  default=NULL  pk=0
  cid=61  name=ZCUSTOMQUERYTYPE  type=VARCHAR  notnull=0  default=NULL  pk=0
  cid=62  name=ZCLOUDMETADATA  type=BLOB  notnull=0  default=NULL  pk=0
  cid=63  name=ZUSERQUERYDATA  type=BLOB  notnull=0  default=NULL  pk=0
  cid=64  name=ZPROJECTDATA  type=BLOB  notnull=0  default=NULL  pk=0
  cid=65  name=ZCUSTOMQUERYPARAMETERS  type=BLOB  notnull=0  default=NULL  pk=0

TABLE ZGLOBALKEYVALUE
  cid=0  name=Z_PK  type=INTEGER  notnull=0  default=NULL  pk=1
  cid=1  name=Z_ENT  type=INTEGER  notnull=0  default=NULL  pk=0
  cid=2  name=Z_OPT  type=INTEGER  notnull=0  default=NULL  pk=0
  cid=3  name=ZBOOLVALUE  type=INTEGER  notnull=0  default=NULL  pk=0
  cid=4  name=ZINTEGERVALUE  type=INTEGER  notnull=0  default=NULL  pk=0
  cid=5  name=ZTYPE  type=INTEGER  notnull=0  default=NULL  pk=0
  cid=6  name=ZDATEVALUE  type=TIMESTAMP  notnull=0  default=NULL  pk=0
  cid=7  name=ZDOUBLEVALUE  type=FLOAT  notnull=0  default=NULL  pk=0
  cid=8  name=ZKEY  type=VARCHAR  notnull=0  default=NULL  pk=0
  cid=9  name=ZSTRINGVALUE  type=VARCHAR  notnull=0  default=NULL  pk=0
  cid=10  name=ZANYVALUE  type=BLOB  notnull=0  default=NULL  pk=0

TABLE ZINTERNALRESOURCE
  cid=0  name=Z_PK  type=INTEGER  notnull=0  default=NULL  pk=1
  cid=1  name=Z_ENT  type=INTEGER  notnull=0  default=NULL  pk=0
  cid=2  name=Z_OPT  type=INTEGER  notnull=0  default=NULL  pk=0
  cid=3  name=ZCLOUDDELETESTATE  type=INTEGER  notnull=0  default=NULL  pk=0
  cid=4  name=ZCLOUDLOCALSTATE  type=INTEGER  notnull=0  default=NULL  pk=0
  cid=5  name=ZCLOUDPREFETCHCOUNT  type=INTEGER  notnull=0  default=NULL  pk=0
  cid=6  name=ZCLOUDSOURCETYPE  type=INTEGER  notnull=0  default=NULL  pk=0
  cid=7  name=ZDATALENGTH  type=INTEGER  notnull=0  default=NULL  pk=0
  cid=8  name=ZDATASTORECLASSID  type=INTEGER  notnull=0  default=NULL  pk=0
  cid=9  name=ZDATASTORESUBTYPE  type=INTEGER  notnull=0  default=NULL  pk=0
  cid=10  name=ZFILEID  type=INTEGER  notnull=0  default=NULL  pk=0
  cid=11  name=ZLOCALAVAILABILITY  type=INTEGER  notnull=0  default=NULL  pk=0
  cid=12  name=ZLOCALAVAILABILITYTARGET  type=INTEGER  notnull=0  default=NULL  pk=0
  cid=13  name=ZORIENTATION  type=INTEGER  notnull=0  default=NULL  pk=0
  cid=14  name=ZPTPTRASHEDSTATE  type=INTEGER  notnull=0  default=NULL  pk=0
  cid=15  name=ZQUALITYSORTVALUE  type=INTEGER  notnull=0  default=NULL  pk=0
  cid=16  name=ZRECIPEID  type=INTEGER  notnull=0  default=NULL  pk=0
  cid=17  name=ZREMOTEAVAILABILITY  type=INTEGER  notnull=0  default=NULL  pk=0
  cid=18  name=ZREMOTEAVAILABILITYTARGET  type=INTEGER  notnull=0  default=NULL  pk=0
  cid=19  name=ZRESOURCETYPE  type=INTEGER  notnull=0  default=NULL  pk=0
  cid=20  name=ZSIDECARINDEX  type=INTEGER  notnull=0  default=NULL  pk=0
  cid=21  name=ZTRASHEDSTATE  type=INTEGER  notnull=0  default=NULL  pk=0
  cid=22  name=ZUNORIENTEDHEIGHT  type=INTEGER  notnull=0  default=NULL  pk=0
  cid=23  name=ZUNORIENTEDWIDTH  type=INTEGER  notnull=0  default=NULL  pk=0
  cid=24  name=ZUTICONFORMANCEHINT  type=INTEGER  notnull=0  default=NULL  pk=0
  cid=25  name=ZVERSION  type=INTEGER  notnull=0  default=NULL  pk=0
  cid=26  name=ZASSET  type=INTEGER  notnull=0  default=NULL  pk=0
  cid=27  name=ZFILESYSTEMBOOKMARK  type=INTEGER  notnull=0  default=NULL  pk=0
  cid=28  name=ZFILESYSTEMVOLUME  type=INTEGER  notnull=0  default=NULL  pk=0
  cid=29  name=ZTRANSIENTCLOUDMASTER  type=INTEGER  notnull=0  default=NULL  pk=0
  cid=30  name=ZCLOUDLASTONDEMANDDOWNLOADDATE  type=TIMESTAMP  notnull=0  default=NULL  pk=0
  cid=31  name=ZCLOUDLASTPREFETCHDATE  type=TIMESTAMP  notnull=0  default=NULL  pk=0
  cid=32  name=ZCLOUDMASTERDATECREATED  type=TIMESTAMP  notnull=0  default=NULL  pk=0
  cid=33  name=ZCLOUDPRUNEDAT  type=TIMESTAMP  notnull=0  default=NULL  pk=0
  cid=34  name=ZTRASHEDDATE  type=TIMESTAMP  notnull=0  default=NULL  pk=0
  cid=35  name=ZCLOUDDELETEASSETUUIDWITHRESOURCETYPE  type=VARCHAR  notnull=0  default=NULL  pk=0
  cid=36  name=ZCODECFOURCHARCODENAME  type=VARCHAR  notnull=0  default=NULL  pk=0
  cid=37  name=ZCOMPACTUTI  type=VARCHAR  notnull=0  default=NULL  pk=0
  cid=38  name=ZFINGERPRINT  type=VARCHAR  notnull=0  default=NULL  pk=0
  cid=39  name=ZDATASTOREKEYDATA  type=BLOB  notnull=0  default=NULL  pk=0

TABLE ZKEYWORD
  cid=0  name=Z_PK  type=INTEGER  notnull=0  default=NULL  pk=1
  cid=1  name=Z_ENT  type=INTEGER  notnull=0  default=NULL  pk=0
  cid=2  name=Z_OPT  type=INTEGER  notnull=0  default=NULL  pk=0
  cid=3  name=ZSHORTCUT  type=VARCHAR  notnull=0  default=NULL  pk=0
  cid=4  name=ZTITLE  type=VARCHAR  notnull=0  default=NULL  pk=0
  cid=5  name=ZUUID  type=VARCHAR  notnull=0  default=NULL  pk=0

TABLE ZLEGACYFACE
  cid=0  name=Z_PK  type=INTEGER  notnull=0  default=NULL  pk=1
  cid=1  name=Z_ENT  type=INTEGER  notnull=0  default=NULL  pk=0
  cid=2  name=Z_OPT  type=INTEGER  notnull=0  default=NULL  pk=0
  cid=3  name=ZIDENTIFIER  type=INTEGER  notnull=0  default=NULL  pk=0
  cid=4  name=ZASSET  type=INTEGER  notnull=0  default=NULL  pk=0
  cid=5  name=ZALBUMUUID  type=VARCHAR  notnull=0  default=NULL  pk=0
  cid=6  name=ZRELATIVERECTVALUE  type=BLOB  notnull=0  default=NULL  pk=0

TABLE ZLIMITEDLIBRARYFETCHFILTER
  cid=0  name=Z_PK  type=INTEGER  notnull=0  default=NULL  pk=1
  cid=1  name=Z_ENT  type=INTEGER  notnull=0  default=NULL  pk=0
  cid=2  name=Z_OPT  type=INTEGER  notnull=0  default=NULL  pk=0
  cid=3  name=ZAPPLICATIONIDENTIFIER  type=VARCHAR  notnull=0  default=NULL  pk=0
  cid=4  name=ZDESIGNATEDREQUIREMENT  type=VARCHAR  notnull=0  default=NULL  pk=0
  cid=5  name=ZFETCHFILTERDATA  type=BLOB  notnull=0  default=NULL  pk=0

TABLE ZMEDIAANALYSISASSETATTRIBUTES
  cid=0  name=Z_PK  type=INTEGER  notnull=0  default=NULL  pk=1
  cid=1  name=Z_ENT  type=INTEGER  notnull=0  default=NULL  pk=0
  cid=2  name=Z_OPT  type=INTEGER  notnull=0  default=NULL  pk=0
  cid=3  name=ZAUDIOCLASSIFICATION  type=INTEGER  notnull=0  default=NULL  pk=0
  cid=4  name=ZBESTVIDEORANGEDURATIONTIMESCALE  type=INTEGER  notnull=0  default=NULL  pk=0
  cid=5  name=ZBESTVIDEORANGEDURATIONVALUE  type=INTEGER  notnull=0  default=NULL  pk=0
  cid=6  name=ZBESTVIDEORANGESTARTTIMESCALE  type=INTEGER  notnull=0  default=NULL  pk=0
  cid=7  name=ZBESTVIDEORANGESTARTVALUE  type=INTEGER  notnull=0  default=NULL  pk=0
  cid=8  name=ZFACECOUNT  type=INTEGER  notnull=0  default=NULL  pk=0
  cid=9  name=ZMEDIAANALYSISVERSION  type=INTEGER  notnull=0  default=NULL  pk=0
  cid=10  name=ZPACKEDBESTPLAYBACKRECT  type=INTEGER  notnull=0  default=NULL  pk=0
  cid=11  name=ZPROBABLEROTATIONDIRECTION  type=INTEGER  notnull=0  default=NULL  pk=0
  cid=12  name=ZSCREENTIMEDEVICEIMAGESENSITIVITY  type=INTEGER  notnull=0  default=NULL  pk=0
  cid=13  name=ZSYNDICATIONPROCESSINGVALUE  type=INTEGER  notnull=0  default=NULL  pk=0
  cid=14  name=ZSYNDICATIONPROCESSINGVERSION  type=INTEGER  notnull=0  default=NULL  pk=0
  cid=15  name=ZASSET  type=INTEGER  notnull=0  default=NULL  pk=0
  cid=16  name=ZCHARACTERRECOGNITIONATTRIBUTES  type=INTEGER  notnull=0  default=NULL  pk=0
  cid=17  name=ZVISUALSEARCHATTRIBUTES  type=INTEGER  notnull=0  default=NULL  pk=0
  cid=18  name=ZACTIVITYSCORE  type=FLOAT  notnull=0  default=NULL  pk=0
  cid=19  name=ZAUTOPLAYSUGGESTIONSCORE  type=FLOAT  notnull=0  default=NULL  pk=0
  cid=20  name=ZBLURRINESSSCORE  type=FLOAT  notnull=0  default=NULL  pk=0
  cid=21  name=ZEXPOSURESCORE  type=FLOAT  notnull=0  default=NULL  pk=0
  cid=22  name=ZMEDIAANALYSISTIMESTAMP  type=TIMESTAMP  notnull=0  default=NULL  pk=0
  cid=23  name=ZPROBABLEROTATIONDIRECTIONCONFIDENCE  type=FLOAT  notnull=0  default=NULL  pk=0
  cid=24  name=ZVIDEOSCORE  type=FLOAT  notnull=0  default=NULL  pk=0
  cid=25  name=ZCOLORNORMALIZATIONDATA  type=BLOB  notnull=0  default=NULL  pk=0

TABLE ZMEMORY
  cid=0  name=Z_PK  type=INTEGER  notnull=0  default=NULL  pk=1
  cid=1  name=Z_ENT  type=INTEGER  notnull=0  default=NULL  pk=0
  cid=2  name=Z_OPT  type=INTEGER  notnull=0  default=NULL  pk=0
  cid=3  name=ZCATEGORY  type=INTEGER  notnull=0  default=NULL  pk=0
  cid=4  name=ZCLOUDDELETESTATE  type=INTEGER  notnull=0  default=NULL  pk=0
  cid=5  name=ZCLOUDLOCALSTATE  type=INTEGER  notnull=0  default=NULL  pk=0
  cid=6  name=ZFAVORITE  type=INTEGER  notnull=0  default=NULL  pk=0
  cid=7  name=ZFEATUREDSTATE  type=INTEGER  notnull=0  default=NULL  pk=0
  cid=8  name=ZNOTIFICATIONSTATE  type=INTEGER  notnull=0  default=NULL  pk=0
  cid=9  name=ZPENDINGPLAYCOUNT  type=INTEGER  notnull=0  default=NULL  pk=0
  cid=10  name=ZPENDINGSHARECOUNT  type=INTEGER  notnull=0  default=NULL  pk=0
  cid=11  name=ZPENDINGSTATE  type=INTEGER  notnull=0  default=NULL  pk=0
  cid=12  name=ZPENDINGVIEWCOUNT  type=INTEGER  notnull=0  default=NULL  pk=0
  cid=13  name=ZPHOTOSGRAPHVERSION  type=INTEGER  notnull=0  default=NULL  pk=0
  cid=14  name=ZPLAYCOUNT  type=INTEGER  notnull=0  default=NULL  pk=0
  cid=15  name=ZREJECTED  type=INTEGER  notnull=0  default=NULL  pk=0
  cid=16  name=ZSHARECOUNT  type=INTEGER  notnull=0  default=NULL  pk=0
  cid=17  name=ZSTORYCOLORGRADEKIND  type=INTEGER  notnull=0  default=NULL  pk=0
  cid=18  name=ZSTORYSERIALIZEDTITLECATEGORY  type=INTEGER  notnull=0  default=NULL  pk=0
  cid=19  name=ZSUBCATEGORY  type=INTEGER  notnull=0  default=NULL  pk=0
  cid=20  name=ZSYNDICATEDCONTENTSTATE  type=INTEGER  notnull=0  default=NULL  pk=0
  cid=21  name=ZUSERACTIONOPTIONS  type=INTEGER  notnull=0  default=NULL  pk=0
  cid=22  name=ZVIEWCOUNT  type=INTEGER  notnull=0  default=NULL  pk=0
  cid=23  name=ZKEYASSET  type=INTEGER  notnull=0  default=NULL  pk=0
  cid=24  name=ZCREATIONDATE  type=TIMESTAMP  notnull=0  default=NULL  pk=0
  cid=25  name=ZLASTENRICHMENTDATE  type=TIMESTAMP  notnull=0  default=NULL  pk=0
  cid=26  name=ZLASTMOVIEPLAYEDDATE  type=TIMESTAMP  notnull=0  default=NULL  pk=0
  cid=27  name=ZLASTVIEWEDDATE  type=TIMESTAMP  notnull=0  default=NULL  pk=0
  cid=28  name=ZSCORE  type=FLOAT  notnull=0  default=NULL  pk=0
  cid=29  name=ZGRAPHMEMORYIDENTIFIER  type=VARCHAR  notnull=0  default=NULL  pk=0
  cid=30  name=ZSUBTITLE  type=VARCHAR  notnull=0  default=NULL  pk=0
  cid=31  name=ZTITLE  type=VARCHAR  notnull=0  default=NULL  pk=0
  cid=32  name=ZUUID  type=VARCHAR  notnull=0  default=NULL  pk=0
  cid=33  name=ZMOVIEASSETSTATE  type=BLOB  notnull=0  default=NULL  pk=0
  cid=34  name=ZASSETLISTPREDICATE  type=BLOB  notnull=0  default=NULL  pk=0
  cid=35  name=ZBLACKLISTEDFEATURE  type=BLOB  notnull=0  default=NULL  pk=0
  cid=36  name=ZMOVIEDATA  type=BLOB  notnull=0  default=NULL  pk=0
  cid=37  name=ZPHOTOSGRAPHDATA  type=BLOB  notnull=0  default=NULL  pk=0

TABLE ZMIGRATIONHISTORY
  cid=0  name=Z_PK  type=INTEGER  notnull=0  default=NULL  pk=1
  cid=1  name=Z_ENT  type=INTEGER  notnull=0  default=NULL  pk=0
  cid=2  name=Z_OPT  type=INTEGER  notnull=0  default=NULL  pk=0
  cid=3  name=ZFORCEREBUILDREASON  type=INTEGER  notnull=0  default=NULL  pk=0
  cid=4  name=ZINDEX  type=INTEGER  notnull=0  default=NULL  pk=0
  cid=5  name=ZMIGRATIONTYPE  type=INTEGER  notnull=0  default=NULL  pk=0
  cid=6  name=ZMODELVERSION  type=INTEGER  notnull=0  default=NULL  pk=0
  cid=7  name=ZORIGIN  type=INTEGER  notnull=0  default=NULL  pk=0
  cid=8  name=ZSOURCEMODELVERSION  type=INTEGER  notnull=0  default=NULL  pk=0
  cid=9  name=ZMIGRATIONDATE  type=TIMESTAMP  notnull=0  default=NULL  pk=0
  cid=10  name=ZOSVERSION  type=VARCHAR  notnull=0  default=NULL  pk=0
  cid=11  name=ZSTOREUUID  type=VARCHAR  notnull=0  default=NULL  pk=0
  cid=12  name=ZGLOBALKEYVALUES  type=BLOB  notnull=0  default=NULL  pk=0

TABLE ZMOMENT
  cid=0  name=Z_PK  type=INTEGER  notnull=0  default=NULL  pk=1
  cid=1  name=Z_ENT  type=INTEGER  notnull=0  default=NULL  pk=0
  cid=2  name=Z_OPT  type=INTEGER  notnull=0  default=NULL  pk=0
  cid=3  name=ZCACHEDCOUNT  type=INTEGER  notnull=0  default=NULL  pk=0
  cid=4  name=ZCACHEDPHOTOSCOUNT  type=INTEGER  notnull=0  default=NULL  pk=0
  cid=5  name=ZCACHEDVIDEOSCOUNT  type=INTEGER  notnull=0  default=NULL  pk=0
  cid=6  name=ZORIGINATORSTATE  type=INTEGER  notnull=0  default=NULL  pk=0
  cid=7  name=ZPROCESSEDLOCATION  type=INTEGER  notnull=0  default=NULL  pk=0
  cid=8  name=ZTIMEZONEOFFSET  type=INTEGER  notnull=0  default=NULL  pk=0
  cid=9  name=ZTRASHEDSTATE  type=INTEGER  notnull=0  default=NULL  pk=0
  cid=10  name=ZHIGHLIGHT  type=INTEGER  notnull=0  default=NULL  pk=0
  cid=11  name=ZAGGREGATIONSCORE  type=FLOAT  notnull=0  default=NULL  pk=0
  cid=12  name=ZAPPROXIMATELATITUDE  type=FLOAT  notnull=0  default=NULL  pk=0
  cid=13  name=ZAPPROXIMATELONGITUDE  type=FLOAT  notnull=0  default=NULL  pk=0
  cid=14  name=ZENDDATE  type=TIMESTAMP  notnull=0  default=NULL  pk=0
  cid=15  name=ZGPSHORIZONTALACCURACY  type=FLOAT  notnull=0  default=NULL  pk=0
  cid=16  name=ZMODIFICATIONDATE  type=TIMESTAMP  notnull=0  default=NULL  pk=0
  cid=17  name=ZREPRESENTATIVEDATE  type=TIMESTAMP  notnull=0  default=NULL  pk=0
  cid=18  name=ZSTARTDATE  type=TIMESTAMP  notnull=0  default=NULL  pk=0
  cid=19  name=ZSUBTITLE  type=VARCHAR  notnull=0  default=NULL  pk=0
  cid=20  name=ZTITLE  type=VARCHAR  notnull=0  default=NULL  pk=0
  cid=21  name=ZUUID  type=VARCHAR  notnull=0  default=NULL  pk=0
  cid=22  name=ZLOCALIZEDLOCATIONNAMES  type=BLOB  notnull=0  default=NULL  pk=0

TABLE ZPERSON
  cid=0  name=Z_PK  type=INTEGER  notnull=0  default=NULL  pk=1
  cid=1  name=Z_ENT  type=INTEGER  notnull=0  default=NULL  pk=0
  cid=2  name=Z_OPT  type=INTEGER  notnull=0  default=NULL  pk=0
  cid=3  name=ZAGETYPE  type=INTEGER  notnull=0  default=NULL  pk=0
  cid=4  name=ZCLOUDDELETESTATE  type=INTEGER  notnull=0  default=NULL  pk=0
  cid=5  name=ZCLOUDLOCALSTATE  type=INTEGER  notnull=0  default=NULL  pk=0
  cid=6  name=ZCLOUDVERIFIEDTYPE  type=INTEGER  notnull=0  default=NULL  pk=0
  cid=7  name=ZDETECTIONTYPE  type=INTEGER  notnull=0  default=NULL  pk=0
  cid=8  name=ZFACECOUNT  type=INTEGER  notnull=0  default=NULL  pk=0
  cid=9  name=ZGENDERTYPE  type=INTEGER  notnull=0  default=NULL  pk=0
  cid=10  name=ZINPERSONNAMINGMODEL  type=INTEGER  notnull=0  default=NULL  pk=0
  cid=11  name=ZKEYFACEPICKSOURCE  type=INTEGER  notnull=0  default=NULL  pk=0
  cid=12  name=ZMANUALORDER  type=INTEGER  notnull=0  default=NULL  pk=0
  cid=13  name=ZQUESTIONTYPE  type=INTEGER  notnull=0  default=NULL  pk=0
  cid=14  name=ZSUGGESTEDFORCLIENTTYPE  type=INTEGER  notnull=0  default=NULL  pk=0
  cid=15  name=ZTYPE  type=INTEGER  notnull=0  default=NULL  pk=0
  cid=16  name=ZVERIFIEDTYPE  type=INTEGER  notnull=0  default=NULL  pk=0
  cid=17  name=ZASSOCIATEDFACEGROUP  type=INTEGER  notnull=0  default=NULL  pk=0
  cid=18  name=ZKEYFACE  type=INTEGER  notnull=0  default=NULL  pk=0
  cid=19  name=ZMERGETARGETPERSON  type=INTEGER  notnull=0  default=NULL  pk=0
  cid=20  name=ZDISPLAYNAME  type=VARCHAR  notnull=0  default=NULL  pk=0
  cid=21  name=ZFULLNAME  type=VARCHAR  notnull=0  default=NULL  pk=0
  cid=22  name=ZPERSONUUID  type=VARCHAR  notnull=0  default=NULL  pk=0
  cid=23  name=ZPERSONURI  type=VARCHAR  notnull=0  default=NULL  pk=0
  cid=24  name=ZCONTACTMATCHINGDICTIONARY  type=BLOB  notnull=0  default=NULL  pk=0

TABLE ZPERSONREFERENCE
  cid=0  name=Z_PK  type=INTEGER  notnull=0  default=NULL  pk=1
  cid=1  name=Z_ENT  type=INTEGER  notnull=0  default=NULL  pk=0
  cid=2  name=Z_OPT  type=INTEGER  notnull=0  default=NULL  pk=0
  cid=3  name=ZASSETATTRIBUTES  type=INTEGER  notnull=0  default=NULL  pk=0
  cid=4  name=ZPERSON  type=INTEGER  notnull=0  default=NULL  pk=0
  cid=5  name=ZPERSONUUID  type=VARCHAR  notnull=0  default=NULL  pk=0
  cid=6  name=ZPERSONDATA  type=BLOB  notnull=0  default=NULL  pk=0

TABLE ZPHOTOSHIGHLIGHT
  cid=0  name=Z_PK  type=INTEGER  notnull=0  default=NULL  pk=1
  cid=1  name=Z_ENT  type=INTEGER  notnull=0  default=NULL  pk=0
  cid=2  name=Z_OPT  type=INTEGER  notnull=0  default=NULL  pk=0
  cid=3  name=ZASSETSCOUNT  type=INTEGER  notnull=0  default=NULL  pk=0
  cid=4  name=ZCATEGORY  type=INTEGER  notnull=0  default=NULL  pk=0
  cid=5  name=ZDAYGROUPASSETSCOUNT  type=INTEGER  notnull=0  default=NULL  pk=0
  cid=6  name=ZDAYGROUPEXTENDEDASSETSCOUNT  type=INTEGER  notnull=0  default=NULL  pk=0
  cid=7  name=ZDAYGROUPSUMMARYASSETSCOUNT  type=INTEGER  notnull=0  default=NULL  pk=0
  cid=8  name=ZENDTIMEZONEOFFSET  type=INTEGER  notnull=0  default=NULL  pk=0
  cid=9  name=ZENRICHMENTSTATE  type=INTEGER  notnull=0  default=NULL  pk=0
  cid=10  name=ZENRICHMENTVERSION  type=INTEGER  notnull=0  default=NULL  pk=0
  cid=11  name=ZEXTENDEDCOUNT  type=INTEGER  notnull=0  default=NULL  pk=0
  cid=12  name=ZHIGHLIGHTVERSION  type=INTEGER  notnull=0  default=NULL  pk=0
  cid=13  name=ZKIND  type=INTEGER  notnull=0  default=NULL  pk=0
  cid=14  name=ZMOOD  type=INTEGER  notnull=0  default=NULL  pk=0
  cid=15  name=ZSTARTTIMEZONEOFFSET  type=INTEGER  notnull=0  default=NULL  pk=0
  cid=16  name=ZSUMMARYCOUNT  type=INTEGER  notnull=0  default=NULL  pk=0
  cid=17  name=ZTYPE  type=INTEGER  notnull=0  default=NULL  pk=0
  cid=18  name=ZVISIBILITYSTATE  type=INTEGER  notnull=0  default=NULL  pk=0
  cid=19  name=ZDAYGROUPKEYASSET  type=INTEGER  notnull=0  default=NULL  pk=0
  cid=20  name=ZKEYASSET  type=INTEGER  notnull=0  default=NULL  pk=0
  cid=21  name=ZMONTHFIRSTASSET  type=INTEGER  notnull=0  default=NULL  pk=0
  cid=22  name=ZMONTHKEYASSET  type=INTEGER  notnull=0  default=NULL  pk=0
  cid=23  name=ZPARENTDAYGROUPPHOTOSHIGHLIGHT  type=INTEGER  notnull=0  default=NULL  pk=0
  cid=24  name=ZPARENTPHOTOSHIGHLIGHT  type=INTEGER  notnull=0  default=NULL  pk=0
  cid=25  name=ZYEARKEYASSET  type=INTEGER  notnull=0  default=NULL  pk=0
  cid=26  name=ZENDDATE  type=TIMESTAMP  notnull=0  default=NULL  pk=0
  cid=27  name=ZPROMOTIONSCORE  type=FLOAT  notnull=0  default=NULL  pk=0
  cid=28  name=ZSTARTDATE  type=TIMESTAMP  notnull=0  default=NULL  pk=0
  cid=29  name=ZSUBTITLE  type=VARCHAR  notnull=0  default=NULL  pk=0
  cid=30  name=ZTITLE  type=VARCHAR  notnull=0  default=NULL  pk=0
  cid=31  name=ZUUID  type=VARCHAR  notnull=0  default=NULL  pk=0
  cid=32  name=ZVERBOSESMARTDESCRIPTION  type=VARCHAR  notnull=0  default=NULL  pk=0

TABLE ZQUESTION
  cid=0  name=Z_PK  type=INTEGER  notnull=0  default=NULL  pk=1
  cid=1  name=Z_ENT  type=INTEGER  notnull=0  default=NULL  pk=0
  cid=2  name=Z_OPT  type=INTEGER  notnull=0  default=NULL  pk=0
  cid=3  name=ZDISPLAYTYPE  type=INTEGER  notnull=0  default=NULL  pk=0
  cid=4  name=ZENTITYTYPE  type=INTEGER  notnull=0  default=NULL  pk=0
  cid=5  name=ZSTATE  type=INTEGER  notnull=0  default=NULL  pk=0
  cid=6  name=ZTYPE  type=INTEGER  notnull=0  default=NULL  pk=0
  cid=7  name=ZCREATIONDATE  type=TIMESTAMP  notnull=0  default=NULL  pk=0
  cid=8  name=ZSCORE  type=FLOAT  notnull=0  default=NULL  pk=0
  cid=9  name=ZENTITYIDENTIFIER  type=VARCHAR  notnull=0  default=NULL  pk=0
  cid=10  name=ZUUID  type=VARCHAR  notnull=0  default=NULL  pk=0
  cid=11  name=ZADDITIONALINFO  type=BLOB  notnull=0  default=NULL  pk=0

TABLE ZSCENECLASSIFICATION
  cid=0  name=Z_PK  type=INTEGER  notnull=0  default=NULL  pk=1
  cid=1  name=Z_ENT  type=INTEGER  notnull=0  default=NULL  pk=0
  cid=2  name=Z_OPT  type=INTEGER  notnull=0  default=NULL  pk=0
  cid=3  name=ZPACKEDBOUNDINGBOXRECT  type=INTEGER  notnull=0  default=NULL  pk=0
  cid=4  name=ZSCENEIDENTIFIER  type=INTEGER  notnull=0  default=NULL  pk=0
  cid=5  name=ZASSETATTRIBUTES  type=INTEGER  notnull=0  default=NULL  pk=0
  cid=6  name=ZCONFIDENCE  type=FLOAT  notnull=0  default=NULL  pk=0

TABLE ZSCENEPRINT
  cid=0  name=Z_PK  type=INTEGER  notnull=0  default=NULL  pk=1
  cid=1  name=Z_ENT  type=INTEGER  notnull=0  default=NULL  pk=0
  cid=2  name=Z_OPT  type=INTEGER  notnull=0  default=NULL  pk=0
  cid=3  name=ZADDITIONALASSETATTRIBUTES  type=INTEGER  notnull=0  default=NULL  pk=0
  cid=4  name=ZDATA  type=BLOB  notnull=0  default=NULL  pk=0

TABLE ZSHARE
  cid=0  name=Z_PK  type=INTEGER  notnull=0  default=NULL  pk=1
  cid=1  name=Z_ENT  type=INTEGER  notnull=0  default=NULL  pk=0
  cid=2  name=Z_OPT  type=INTEGER  notnull=0  default=NULL  pk=0
  cid=3  name=ZCLOUDDELETESTATE  type=INTEGER  notnull=0  default=NULL  pk=0
  cid=4  name=ZLOCALPUBLISHSTATE  type=INTEGER  notnull=0  default=NULL  pk=0
  cid=5  name=ZPUBLICPERMISSION  type=INTEGER  notnull=0  default=NULL  pk=0
  cid=6  name=ZSCOPETYPE  type=INTEGER  notnull=0  default=NULL  pk=0
  cid=7  name=ZSTATUS  type=INTEGER  notnull=0  default=NULL  pk=0
  cid=8  name=ZTRASHEDSTATE  type=INTEGER  notnull=0  default=NULL  pk=0
  cid=9  name=ZACTIVATED  type=INTEGER  notnull=0  default=NULL  pk=0
  cid=10  name=ZAUTOSHAREPOLICY  type=INTEGER  notnull=0  default=NULL  pk=0
  cid=11  name=ZCLOUDUPDATESTATE  type=INTEGER  notnull=0  default=NULL  pk=0
  cid=12  name=ZASSETCOUNT  type=INTEGER  notnull=0  default=NULL  pk=0
  cid=13  name=ZFORCESYNCATTEMPTED  type=INTEGER  notnull=0  default=NULL  pk=0
  cid=14  name=ZPHOTOSCOUNT  type=INTEGER  notnull=0  default=NULL  pk=0
  cid=15  name=ZSHOULDIGNOREBUDGETS  type=INTEGER  notnull=0  default=NULL  pk=0
  cid=16  name=ZSHOULDNOTIFYONUPLOADCOMPLETION  type=INTEGER  notnull=0  default=NULL  pk=0
  cid=17  name=ZUPLOADEDPHOTOSCOUNT  type=INTEGER  notnull=0  default=NULL  pk=0
  cid=18  name=ZUPLOADEDVIDEOSCOUNT  type=INTEGER  notnull=0  default=NULL  pk=0
  cid=19  name=ZVIDEOSCOUNT  type=INTEGER  notnull=0  default=NULL  pk=0
  cid=20  name=ZCREATIONDATE  type=TIMESTAMP  notnull=0  default=NULL  pk=0
  cid=21  name=ZEXPIRYDATE  type=TIMESTAMP  notnull=0  default=NULL  pk=0
  cid=22  name=ZENDDATE  type=TIMESTAMP  notnull=0  default=NULL  pk=0
  cid=23  name=ZSTARTDATE  type=TIMESTAMP  notnull=0  default=NULL  pk=0
  cid=24  name=ZSCOPEIDENTIFIER  type=VARCHAR  notnull=0  default=NULL  pk=0
  cid=25  name=ZTITLE  type=VARCHAR  notnull=0  default=NULL  pk=0
  cid=26  name=ZUUID  type=VARCHAR  notnull=0  default=NULL  pk=0
  cid=27  name=ZORIGINATINGSCOPEIDENTIFIER  type=VARCHAR  notnull=0  default=NULL  pk=0
  cid=28  name=ZSHAREURL  type=VARCHAR  notnull=0  default=NULL  pk=0
  cid=29  name=ZRULESDATA  type=BLOB  notnull=0  default=NULL  pk=0
  cid=30  name=ZPREVIEWDATA  type=BLOB  notnull=0  default=NULL  pk=0
  cid=31  name=ZTHUMBNAILIMAGEDATA  type=BLOB  notnull=0  default=NULL  pk=0

TABLE ZSHAREPARTICIPANT
  cid=0  name=Z_PK  type=INTEGER  notnull=0  default=NULL  pk=1
  cid=1  name=Z_ENT  type=INTEGER  notnull=0  default=NULL  pk=0
  cid=2  name=Z_OPT  type=INTEGER  notnull=0  default=NULL  pk=0
  cid=3  name=ZACCEPTANCESTATUS  type=INTEGER  notnull=0  default=NULL  pk=0
  cid=4  name=ZISCURRENTUSER  type=INTEGER  notnull=0  default=NULL  pk=0
  cid=5  name=ZPERMISSION  type=INTEGER  notnull=0  default=NULL  pk=0
  cid=6  name=ZROLE  type=INTEGER  notnull=0  default=NULL  pk=0
  cid=7  name=ZSHARE  type=INTEGER  notnull=0  default=NULL  pk=0
  cid=8  name=Z51_SHARE  type=INTEGER  notnull=0  default=NULL  pk=0
  cid=9  name=ZEMAILADDRESS  type=VARCHAR  notnull=0  default=NULL  pk=0
  cid=10  name=ZPHONENUMBER  type=VARCHAR  notnull=0  default=NULL  pk=0
  cid=11  name=ZUSERIDENTIFIER  type=VARCHAR  notnull=0  default=NULL  pk=0
  cid=12  name=ZUUID  type=VARCHAR  notnull=0  default=NULL  pk=0
  cid=13  name=ZNAMECOMPONENTS  type=BLOB  notnull=0  default=NULL  pk=0

TABLE ZSUGGESTION
  cid=0  name=Z_PK  type=INTEGER  notnull=0  default=NULL  pk=1
  cid=1  name=Z_ENT  type=INTEGER  notnull=0  default=NULL  pk=0
  cid=2  name=Z_OPT  type=INTEGER  notnull=0  default=NULL  pk=0
  cid=3  name=ZCACHEDCOUNT  type=INTEGER  notnull=0  default=NULL  pk=0
  cid=4  name=ZCACHEDPHOTOSCOUNT  type=INTEGER  notnull=0  default=NULL  pk=0
  cid=5  name=ZCACHEDVIDEOSCOUNT  type=INTEGER  notnull=0  default=NULL  pk=0
  cid=6  name=ZCLOUDDELETESTATE  type=INTEGER  notnull=0  default=NULL  pk=0
  cid=7  name=ZCLOUDLOCALSTATE  type=INTEGER  notnull=0  default=NULL  pk=0
  cid=8  name=ZFEATUREDSTATE  type=INTEGER  notnull=0  default=NULL  pk=0
  cid=9  name=ZNOTIFICATIONSTATE  type=INTEGER  notnull=0  default=NULL  pk=0
  cid=10  name=ZSTATE  type=INTEGER  notnull=0  default=NULL  pk=0
  cid=11  name=ZSUBTYPE  type=INTEGER  notnull=0  default=NULL  pk=0
  cid=12  name=ZTYPE  type=INTEGER  notnull=0  default=NULL  pk=0
  cid=13  name=ZVERSION  type=INTEGER  notnull=0  default=NULL  pk=0
  cid=14  name=ZACTIVATIONDATE  type=TIMESTAMP  notnull=0  default=NULL  pk=0
  cid=15  name=ZCREATIONDATE  type=TIMESTAMP  notnull=0  default=NULL  pk=0
  cid=16  name=ZENDDATE  type=TIMESTAMP  notnull=0  default=NULL  pk=0
  cid=17  name=ZEXPUNGEDATE  type=TIMESTAMP  notnull=0  default=NULL  pk=0
  cid=18  name=ZRELEVANTUNTILDATE  type=TIMESTAMP  notnull=0  default=NULL  pk=0
  cid=19  name=ZSTARTDATE  type=TIMESTAMP  notnull=0  default=NULL  pk=0
  cid=20  name=ZSUBTITLE  type=VARCHAR  notnull=0  default=NULL  pk=0
  cid=21  name=ZTITLE  type=VARCHAR  notnull=0  default=NULL  pk=0
  cid=22  name=ZUUID  type=VARCHAR  notnull=0  default=NULL  pk=0
  cid=23  name=ZACTIONDATA  type=BLOB  notnull=0  default=NULL  pk=0
  cid=24  name=ZFEATURESDATA  type=BLOB  notnull=0  default=NULL  pk=0

TABLE ZUNMANAGEDADJUSTMENT
  cid=0  name=Z_PK  type=INTEGER  notnull=0  default=NULL  pk=1
  cid=1  name=Z_ENT  type=INTEGER  notnull=0  default=NULL  pk=0
  cid=2  name=Z_OPT  type=INTEGER  notnull=0  default=NULL  pk=0
  cid=3  name=ZADJUSTMENTBASEIMAGEFORMAT  type=INTEGER  notnull=0  default=NULL  pk=0
  cid=4  name=ZADJUSTMENTRENDERTYPES  type=INTEGER  notnull=0  default=NULL  pk=0
  cid=5  name=ZASSETATTRIBUTES  type=INTEGER  notnull=0  default=NULL  pk=0
  cid=6  name=ZADJUSTMENTTIMESTAMP  type=TIMESTAMP  notnull=0  default=NULL  pk=0
  cid=7  name=ZADJUSTMENTFORMATIDENTIFIER  type=VARCHAR  notnull=0  default=NULL  pk=0
  cid=8  name=ZADJUSTMENTFORMATVERSION  type=VARCHAR  notnull=0  default=NULL  pk=0
  cid=9  name=ZEDITORLOCALIZEDNAME  type=VARCHAR  notnull=0  default=NULL  pk=0
  cid=10  name=ZOTHERADJUSTMENTSFINGERPRINT  type=VARCHAR  notnull=0  default=NULL  pk=0
  cid=11  name=ZSIMILARTOORIGINALADJUSTMENTSFINGERPRINT  type=VARCHAR  notnull=0  default=NULL  pk=0
  cid=12  name=ZUUID  type=VARCHAR  notnull=0  default=NULL  pk=0

TABLE ZUSERFEEDBACK
  cid=0  name=Z_PK  type=INTEGER  notnull=0  default=NULL  pk=1
  cid=1  name=Z_ENT  type=INTEGER  notnull=0  default=NULL  pk=0
  cid=2  name=Z_OPT  type=INTEGER  notnull=0  default=NULL  pk=0
  cid=3  name=ZCLOUDDELETESTATE  type=INTEGER  notnull=0  default=NULL  pk=0
  cid=4  name=ZCLOUDLOCALSTATE  type=INTEGER  notnull=0  default=NULL  pk=0
  cid=5  name=ZFEATURE  type=INTEGER  notnull=0  default=NULL  pk=0
  cid=6  name=ZTYPE  type=INTEGER  notnull=0  default=NULL  pk=0
  cid=7  name=ZMEMORY  type=INTEGER  notnull=0  default=NULL  pk=0
  cid=8  name=ZPERSON  type=INTEGER  notnull=0  default=NULL  pk=0
  cid=9  name=ZLASTMODIFIEDDATE  type=TIMESTAMP  notnull=0  default=NULL  pk=0
  cid=10  name=ZCONTEXT  type=VARCHAR  notnull=0  default=NULL  pk=0
  cid=11  name=ZUUID  type=VARCHAR  notnull=0  default=NULL  pk=0

TABLE ZVISUALSEARCHATTRIBUTES
  cid=0  name=Z_PK  type=INTEGER  notnull=0  default=NULL  pk=1
  cid=1  name=Z_ENT  type=INTEGER  notnull=0  default=NULL  pk=0
  cid=2  name=Z_OPT  type=INTEGER  notnull=0  default=NULL  pk=0
  cid=3  name=ZALGORITHMVERSION  type=INTEGER  notnull=0  default=NULL  pk=0
  cid=4  name=ZMEDIAANALYSISASSETATTRIBUTES  type=INTEGER  notnull=0  default=NULL  pk=0
  cid=5  name=ZADJUSTMENTVERSION  type=TIMESTAMP  notnull=0  default=NULL  pk=0
  cid=6  name=ZVISUALSEARCHDATA  type=BLOB  notnull=0  default=NULL  pk=0

TABLE Z_17CLUSTERREJECTEDPERSONS
  cid=0  name=Z_17CLUSTERREJECTEDFACES  type=INTEGER  notnull=0  default=NULL  pk=1
  cid=1  name=Z_45CLUSTERREJECTEDPERSONS  type=INTEGER  notnull=0  default=NULL  pk=2

TABLE Z_17REJECTEDPERSONS
  cid=0  name=Z_17REJECTEDFACES  type=INTEGER  notnull=0  default=NULL  pk=1
  cid=1  name=Z_45REJECTEDPERSONS  type=INTEGER  notnull=0  default=NULL  pk=2

TABLE Z_17REJECTEDPERSONSNEEDINGFACECROPS
  cid=0  name=Z_17REJECTEDFACESNEEDINGFACECROPS  type=INTEGER  notnull=0  default=NULL  pk=1
  cid=1  name=Z_45REJECTEDPERSONSNEEDINGFACECROPS  type=INTEGER  notnull=0  default=NULL  pk=2

TABLE Z_1KEYWORDS
  cid=0  name=Z_1ASSETATTRIBUTES  type=INTEGER  notnull=0  default=NULL  pk=1
  cid=1  name=Z_38KEYWORDS  type=INTEGER  notnull=0  default=NULL  pk=2

TABLE Z_26ALBUMLISTS
  cid=0  name=Z_26ALBUMS  type=INTEGER  notnull=0  default=NULL  pk=1
  cid=1  name=Z_2ALBUMLISTS  type=INTEGER  notnull=0  default=NULL  pk=2
  cid=2  name=Z_FOK_26ALBUMS  type=INTEGER  notnull=0  default=NULL  pk=0

TABLE Z_27ASSETS
  cid=0  name=Z_27ALBUMS  type=INTEGER  notnull=0  default=NULL  pk=1
  cid=1  name=Z_3ASSETS  type=INTEGER  notnull=0  default=NULL  pk=2
  cid=2  name=Z_FOK_3ASSETS  type=INTEGER  notnull=0  default=NULL  pk=0

TABLE Z_3MEMORIESBEINGCURATEDASSETS
  cid=0  name=Z_3CURATEDASSETS  type=INTEGER  notnull=0  default=NULL  pk=1
  cid=1  name=Z_42MEMORIESBEINGCURATEDASSETS  type=INTEGER  notnull=0  default=NULL  pk=2

TABLE Z_3MEMORIESBEINGEXTENDEDCURATEDASSETS
  cid=0  name=Z_3EXTENDEDCURATEDASSETS  type=INTEGER  notnull=0  default=NULL  pk=1
  cid=1  name=Z_42MEMORIESBEINGEXTENDEDCURATEDASSETS  type=INTEGER  notnull=0  default=NULL  pk=2

TABLE Z_3MEMORIESBEINGMOVIECURATEDASSETS
  cid=0  name=Z_3MOVIECURATEDASSETS  type=INTEGER  notnull=0  default=NULL  pk=1
  cid=1  name=Z_42MEMORIESBEINGMOVIECURATEDASSETS  type=INTEGER  notnull=0  default=NULL  pk=2

TABLE Z_3MEMORIESBEINGREPRESENTATIVEASSETS
  cid=0  name=Z_3REPRESENTATIVEASSETS  type=INTEGER  notnull=0  default=NULL  pk=1
  cid=1  name=Z_42MEMORIESBEINGREPRESENTATIVEASSETS  type=INTEGER  notnull=0  default=NULL  pk=2

TABLE Z_3MEMORIESBEINGUSERCURATEDASSETS
  cid=0  name=Z_3USERCURATEDASSETS  type=INTEGER  notnull=0  default=NULL  pk=1
  cid=1  name=Z_42MEMORIESBEINGUSERCURATEDASSETS  type=INTEGER  notnull=0  default=NULL  pk=2

TABLE Z_3SUGGESTIONSBEINGKEYASSETS
  cid=0  name=Z_3KEYASSETS  type=INTEGER  notnull=0  default=NULL  pk=1
  cid=1  name=Z_55SUGGESTIONSBEINGKEYASSETS  type=INTEGER  notnull=0  default=NULL  pk=2

TABLE Z_3SUGGESTIONSBEINGREPRESENTATIVEASSETS
  cid=0  name=Z_3REPRESENTATIVEASSETS1  type=INTEGER  notnull=0  default=NULL  pk=1
  cid=1  name=Z_55SUGGESTIONSBEINGREPRESENTATIVEASSETS  type=INTEGER  notnull=0  default=NULL  pk=2

TABLE Z_45INVALIDMERGECANDIDATES
  cid=0  name=Z_45INVALIDMERGECANDIDATES  type=INTEGER  notnull=0  default=NULL  pk=1
  cid=1  name=REFLEXIVE  type=INTEGER  notnull=0  default=NULL  pk=2

TABLE Z_45MERGECANDIDATES
  cid=0  name=Z_45MERGECANDIDATES  type=INTEGER  notnull=0  default=NULL  pk=1
  cid=1  name=REFLEXIVE  type=INTEGER  notnull=0  default=NULL  pk=2

TABLE Z_METADATA
  cid=0  name=Z_VERSION  type=INTEGER  notnull=0  default=NULL  pk=1
  cid=1  name=Z_UUID  type=VARCHAR(255)  notnull=0  default=NULL  pk=0
  cid=2  name=Z_PLIST  type=BLOB  notnull=0  default=NULL  pk=0

TABLE Z_MODELCACHE
  cid=0  name=Z_CONTENT  type=BLOB  notnull=0  default=NULL  pk=0

TABLE Z_PRIMARYKEY
  cid=0  name=Z_ENT  type=INTEGER  notnull=0  default=NULL  pk=1
  cid=1  name=Z_NAME  type=VARCHAR  notnull=0  default=NULL  pk=0
  cid=2  name=Z_SUPER  type=INTEGER  notnull=0  default=NULL  pk=0
  cid=3  name=Z_MAX  type=INTEGER  notnull=0  default=NULL  pk=0

TABLE Z_RT_Asset_boundedByRect
  cid=0  name=Z_PK  type=INT  notnull=0  default=NULL  pk=0
  cid=1  name=ZLATITUDE_MIN  type=REAL  notnull=0  default=NULL  pk=0
  cid=2  name=ZLATITUDE_MAX  type=REAL  notnull=0  default=NULL  pk=0
  cid=3  name=ZLONGITUDE_MIN  type=REAL  notnull=0  default=NULL  pk=0
  cid=4  name=ZLONGITUDE_MAX  type=REAL  notnull=0  default=NULL  pk=0

TABLE Z_RT_Asset_boundedByRect_node
  cid=0  name=nodeno  type=INTEGER  notnull=0  default=NULL  pk=1
  cid=1  name=data  type=  notnull=0  default=NULL  pk=0

TABLE Z_RT_Asset_boundedByRect_parent
  cid=0  name=nodeno  type=INTEGER  notnull=0  default=NULL  pk=1
  cid=1  name=parentnode  type=  notnull=0  default=NULL  pk=0

TABLE Z_RT_Asset_boundedByRect_rowid
  cid=0  name=rowid  type=INTEGER  notnull=0  default=NULL  pk=1
  cid=1  name=nodeno  type=  notnull=0  default=NULL  pk=0

POSSIBLE SCREENSHOT-RELATED COLUMNS
----------------------------------
  ZADDITIONALASSETATTRIBUTES.ZCAMERACAPTUREDEVICE  (matched: camera)
  ZADDITIONALASSETATTRIBUTES.ZCLOUDKINDSUBTYPE  (matched: subtype)
  ZADDITIONALASSETATTRIBUTES.ZDATECREATEDSOURCE  (matched: source)
  ZADDITIONALASSETATTRIBUTES.ZIMPORTEDBY  (matched: import)
  ZADDITIONALASSETATTRIBUTES.ZORIGINALRESOURCECHOICE  (matched: source)
  ZADDITIONALASSETATTRIBUTES.ZMEDIAMETADATA  (matched: media)
  ZADDITIONALASSETATTRIBUTES.ZALTERNATEIMPORTIMAGEDATE  (matched: import)
  ZADDITIONALASSETATTRIBUTES.ZIMPORTSESSIONID  (matched: import)
  ZADDITIONALASSETATTRIBUTES.ZIMPORTEDBYBUNDLEIDENTIFIER  (matched: import)
  ZADDITIONALASSETATTRIBUTES.ZIMPORTEDBYDISPLAYNAME  (matched: import)
  ZADDITIONALASSETATTRIBUTES.ZMEDIAMETADATATYPE  (matched: media)
  ZADDITIONALASSETATTRIBUTES.ZSOURCEASSETFORDUPLICATIONIDENTIFIER  (matched: source)
  ZADDITIONALASSETATTRIBUTES.ZSOURCEASSETFORDUPLICATIONSCOPEIDENTIFIER  (matched: source)
  ZADDITIONALASSETATTRIBUTES.ZSPATIALOVERCAPTUREGROUPIDENTIFIER  (matched: capture)
  ZASSET.ZCAMERAPROCESSINGADJUSTMENTSTATE  (matched: camera)
  ZASSET.ZCLOUDPLACEHOLDERKIND  (matched: kind)
  ZASSET.ZDERIVEDCAMERACAPTUREDEVICE  (matched: camera)
  ZASSET.ZKIND  (matched: kind)
  ZASSET.ZKINDSUBTYPE  (matched: subtype)
  ZASSET.ZIMPORTSESSION  (matched: import)
  ZASSET.ZMEDIAANALYSISATTRIBUTES  (matched: media)
  ZASSET.ZMEDIAGROUPUUID  (matched: media)
  ZCHARACTERRECOGNITIONATTRIBUTES.ZMEDIAANALYSISASSETATTRIBUTES  (matched: media)
  ZCLOUDMASTER.ZFULLSIZEJPEGSOURCE  (matched: source)
  ZCLOUDMASTER.ZIMPORTEDBY  (matched: import)
  ZCLOUDMASTER.ZMEDIAMETADATA  (matched: media)
  ZCLOUDMASTER.ZIMPORTDATE  (matched: import)
  ZCLOUDMASTER.ZIMPORTSESSIONID  (matched: import)
  ZCLOUDMASTER.ZIMPORTEDBYBUNDLEIDENTIFIER  (matched: import)
  ZCLOUDMASTER.ZIMPORTEDBYDISPLAYNAME  (matched: import)
  ZCLOUDMASTER.ZMEDIAMETADATATYPE  (matched: media)
  ZCLOUDMASTER.ZSOURCEMASTERFORDUPLICATIONIDENTIFIER  (matched: source)
  ZCLOUDMASTER.ZSOURCEMASTERFORDUPLICATIONSCOPEIDENTIFIER  (matched: source)
  ZCLOUDRESOURCE.ZSOURCETYPE  (matched: source)
  ZCOMPUTEDASSETATTRIBUTES.ZPLEASANTCAMERATILTSCORE  (matched: camera)
  ZDEFERREDREBUILDFACE.ZCLOUDNAMESOURCE  (matched: source)
  ZDEFERREDREBUILDFACE.ZNAMESOURCE  (matched: source)
  ZDETECTEDFACE.ZCLOUDNAMESOURCE  (matched: source)
  ZDETECTEDFACE.ZNAMESOURCE  (matched: source)
  ZDETECTEDFACE.ZSOURCEHEIGHT  (matched: source)
  ZDETECTEDFACE.ZSOURCEWIDTH  (matched: source)
  ZEDITEDIPTCATTRIBUTES.ZSOURCE  (matched: source)
  ZEXTENDEDATTRIBUTES.ZCAMERAMAKE  (matched: camera)
  ZEXTENDEDATTRIBUTES.ZCAMERAMODEL  (matched: camera)
  ZFACECROP.ZRESOURCEDATA  (matched: source)
  ZFILESYSTEMBOOKMARK.ZRESOURCE  (matched: source)
  ZGENERICALBUM.ZKIND  (matched: kind)
  ZGENERICALBUM.ZCLOUDALBUMSUBTYPE  (matched: subtype)
  ZGENERICALBUM.ZIMPORTSESSIONID  (matched: import)
  ZGENERICALBUM.ZIMPORTEDBYBUNDLEIDENTIFIER  (matched: import)
  ZINTERNALRESOURCE.ZCLOUDSOURCETYPE  (matched: source)
  ZINTERNALRESOURCE.ZDATASTORESUBTYPE  (matched: subtype)
  ZINTERNALRESOURCE.ZRESOURCETYPE  (matched: source)
  ZINTERNALRESOURCE.ZCLOUDDELETEASSETUUIDWITHRESOURCETYPE  (matched: source)
  ZMEDIAANALYSISASSETATTRIBUTES.ZMEDIAANALYSISVERSION  (matched: media)
  ZMEDIAANALYSISASSETATTRIBUTES.ZSCREENTIMEDEVICEIMAGESENSITIVITY  (matched: screen)
  ZMEDIAANALYSISASSETATTRIBUTES.ZMEDIAANALYSISTIMESTAMP  (matched: media)
  ZMEMORY.ZSTORYCOLORGRADEKIND  (matched: kind)
  ZMIGRATIONHISTORY.ZSOURCEMODELVERSION  (matched: source)
  ZPERSON.ZKEYFACEPICKSOURCE  (matched: source)
  ZPHOTOSHIGHLIGHT.ZKIND  (matched: kind)
  ZSUGGESTION.ZSUBTYPE  (matched: subtype)
  ZVISUALSEARCHATTRIBUTES.ZMEDIAANALYSISASSETATTRIBUTES  (matched: media)

SAFETY
------
Database opened SQLITE_OPEN_READONLY. No INSERT/UPDATE/DELETE/DDL/checkpoint is executed by this inspector.

============================================================

